time,equity,capital,dd,trades,wr
2026-08-18T14:09:52.291174,100000.00,100000.00,0.0000,0,0.0
2026-08-18T14:10:53.530407,100000.00,100000.00,0.0000,0,0.0
2026-08-18T14:11:54.816101,100000.00,100000.00,0.0000,0,0.0
2026-08-18T14:12:56.204144,100000.00,100000.00,0.0000,0,0.0
2026-08-18T14:13:57.447052,100000.00,100000.00,0.0000,0,0.0
2026-08-18T14:14:58.682795,100000.00,100000.00,0.0000,0,0.0
2026-08-18T14:15:59.814900,100000.00,100000.00,0.0000,0,0.0
2026-08-18T14:17:01.148580,100000.00,100000.00,0.0000,0,0.0
2026-08-18T14:18:02.801228,100000.00,100000.00,0.0000,0,0.0
2026-08-18T14:19:04.104586,100000.00,100000.00,0.0000,0,0.0
2026-08-18T14:20:05.480540,100000.00,100000.00,0.0000,0,0.0
2026-08-18T14:21:06.915590,100000.00,100000.00,0.0000,0,0.0
2026-08-18T14:22:08.867945,100000.00,100000.00,0.0000,0,0.0
2026-08-18T14:23:10.416583,100000.00,100000.00,0.0000,0,0.0
2026-08-18T14:24:11.767273,100000.00,100000.00,0.0000,0,0.0
2026-08-18T14:25:12.984415,100000.00,100000.00,0.0000,0,0.0
2026-08-18T14:26:14.325989,100000.00,100000.00,0.0000,0,0.0
2026-08-18T14:27:15.662851,100000.00,100000.00,0.0000,0,0.0
2026-08-18T14:28:16.901892,100000.00,100000.00,0.0000,0,0.0
2026-08-18T14:28:51.922081,100000.00,100000.00,0.0000,0,0.0
2026-08-18T14:29:53.056805,100000.00,100000.00,0.0000,0,0.0
2026-08-18T14:30:54.293889,100000.00,100000.00,0.0000,0,0.0
2026-08-18T14:31:55.424396,100000.00,100000.00,0.0000,0,0.0
2026-08-18T14:32:56.633270,100000.00,100000.00,0.0000,0,0.0
2026-08-18T14:33:59.780781,100000.00,100000.00,0.0000,0,0.0
2026-08-18T14:35:00.979975,100000.00,100000.00,0.0000,0,0.0
2026-08-18T14:36:02.317694,100000.00,100000.00,0.0000,0,0.0
2026-08-18T14:37:03.483425,100000.00,100000.00,0.0000,0,0.0
2026-08-18T14:38:04.790846,100000.00,100000.00,0.0000,0,0.0
2026-08-18T14:39:06.028567,100000.00,100000.00,0.0000,0,0.0
2026-08-18T14:40:07.406537,100000.00,100000.00,0.0001,0,0.0
2026-08-18T14:41:08.701796,100000.00,100000.00,0.0001,0,0.0
2026-08-18T14:42:09.945490,100000.00,100000.00,0.0000,0,0.0
2026-08-18T14:43:11.484722,100000.00,100000.00,0.0000,0,0.0
2026-08-18T14:44:12.825693,100000.00,100000.00,0.0000,0,0.0
2026-08-18T14:45:13.966226,100000.00,100000.00,0.0001,0,0.0
2026-08-18T14:46:15.196070,100000.00,100000.00,0.0000,0,0.0
2026-08-18T14:47:16.385885,100000.00,100000.00,0.0000,0,0.0
2026-08-18T14:48:17.766324,100000.00,100000.00,0.0001,0,0.0
2026-08-18T14:49:19.996564,100000.00,100000.00,0.0000,0,0.0
2026-08-18T14:50:21.241301,100000.00,100000.00,0.0000,0,0.0
2026-08-18T14:51:22.466184,100000.00,100000.00,0.0000,0,0.0
2026-08-18T14:52:23.736595,100000.00,100000.00,0.0001,0,0.0
2026-08-18T14:53:24.973423,100000.00,100000.00,0.0002,0,0.0
2026-08-18T14:54:26.210637,100000.00,100000.00,0.0001,0,0.0
2026-08-18T14:55:27.441432,100000.00,100000.00,0.0001,0,0.0
2026-08-18T14:56:28.598220,100000.00,100000.00,0.0001,0,0.0
2026-08-18T14:57:29.809103,100000.00,100000.00,0.0001,0,0.0
2026-08-18T14:58:30.948063,100000.00,100000.00,0.0001,0,0.0
2026-08-18T14:59:32.184482,100000.00,100000.00,0.0001,0,0.0
2026-08-18T15:00:33.463388,100000.00,100000.00,0.0001,0,0.0
2026-08-18T15:01:34.655106,100000.00,100000.00,0.0000,0,0.0
2026-08-18T15:02:36.097476,100000.00,100000.00,0.0001,0,0.0
2026-08-18T15:03:37.399561,100000.00,100000.00,0.0001,0,0.0
2026-08-18T15:04:38.675551,100000.00,100000.00,0.0000,0,0.0
2026-08-18T15:05:40.014780,100000.00,100000.00,0.0000,0,0.0
2026-08-18T15:06:42.240218,100000.00,100000.00,0.0000,0,0.0
2026-08-18T15:07:43.486326,100000.00,100000.00,0.0001,0,0.0
2026-08-18T15:08:44.823435,100000.00,100000.00,0.0001,0,0.0
2026-08-18T15:09:46.016013,100000.00,100000.00,0.0002,0,0.0
2026-08-18T15:10:47.316819,100000.00,100000.00,0.0002,0,0.0
2026-08-18T15:11:48.570678,100000.00,100000.00,0.0001,0,0.0
2026-08-18T15:12:49.993240,100000.00,100000.00,0.0001,0,0.0
2026-08-18T15:13:51.234346,100000.00,100000.00,0.0001,0,0.0
2026-08-18T15:14:52.413744,100000.00,100000.00,0.0001,0,0.0
2026-08-18T15:15:53.611419,100000.00,100000.00,0.0001,0,0.0
2026-08-18T15:16:54.946633,100000.00,100000.00,0.0001,0,0.0
2026-08-18T15:17:56.182183,100000.00,100000.00,0.0000,0,0.0
2026-08-18T15:18:57.415903,100000.00,100000.00,0.0000,0,0.0
2026-08-18T15:19:58.760556,100000.00,100000.00,0.0001,0,0.0
2026-08-18T15:21:00.059624,100000.00,100000.00,0.0000,0,0.0
2026-08-18T15:22:01.355035,100000.00,100000.00,0.0001,0,0.0
2026-08-18T15:23:02.664774,100000.00,100000.00,0.0001,0,0.0
2026-08-18T15:24:03.902021,100000.00,100000.00,0.0001,0,0.0
2026-08-18T15:25:05.100391,100000.00,100000.00,0.0001,0,0.0
2026-08-18T15:26:06.344370,100000.00,100000.00,0.0000,0,0.0
2026-08-18T15:27:07.606914,100000.00,100000.00,0.0000,0,0.0
2026-08-18T15:28:08.846950,100000.00,100000.00,0.0000,0,0.0
2026-08-18T15:29:10.082085,100000.00,100000.00,0.0000,0,0.0
2026-08-18T15:30:11.376636,100000.00,100000.00,0.0000,0,0.0
2026-08-18T15:31:12.553707,100000.00,100000.00,0.0000,0,0.0
2026-08-18T15:32:13.736439,100000.00,100000.00,0.0000,0,0.0
2026-08-18T15:33:15.130460,100000.00,100000.00,0.0000,0,0.0
2026-08-18T15:34:16.357032,100000.00,100000.00,0.0000,0,0.0
2026-08-18T15:35:17.599709,100000.00,100000.00,0.0000,0,0.0
2026-08-18T15:36:18.976970,100000.00,100000.00,0.0000,0,0.0
2026-08-18T15:37:20.279630,100000.00,100000.00,0.0000,0,0.0
2026-08-18T15:38:21.618251,100000.00,100000.00,0.0000,0,0.0
2026-08-18T15:39:22.956698,100000.00,100000.00,0.0000,0,0.0
2026-08-18T15:40:24.192666,100000.00,100000.00,0.0000,0,0.0
2026-08-18T15:41:25.428968,100000.00,100000.00,0.0000,0,0.0
2026-08-18T15:42:26.601786,100000.00,100000.00,0.0000,0,0.0
2026-08-18T15:43:28.001727,100000.00,100000.00,0.0000,0,0.0
2026-08-18T15:44:29.108291,100000.00,100000.00,0.0000,0,0.0
2026-08-18T15:45:30.372070,100000.00,100000.00,0.0001,0,0.0
2026-08-18T15:46:31.709050,100000.00,100000.00,0.0000,0,0.0
2026-08-18T15:47:33.096143,100000.00,100000.00,0.0000,0,0.0
2026-08-18T15:48:34.312181,100000.00,100000.00,0.0000,0,0.0
2026-08-18T15:49:35.622543,100000.00,100000.00,0.0000,0,0.0
2026-08-18T15:50:36.710421,100000.00,100000.00,0.0001,0,0.0
2026-08-18T15:51:37.995712,100000.00,100000.00,0.0000,0,0.0
2026-08-18T15:52:39.237271,100000.00,100000.00,0.0000,0,0.0
2026-08-18T15:53:40.513720,100000.00,100000.00,0.0000,0,0.0
2026-08-18T15:54:41.909438,100000.00,100000.00,0.0000,0,0.0
2026-08-18T15:55:43.246032,100000.00,100000.00,0.0000,0,0.0
2026-08-18T15:56:44.483935,100000.00,100000.00,0.0000,0,0.0
2026-08-18T15:57:45.700582,100000.00,100000.00,0.0000,0,0.0
2026-08-18T15:58:46.956690,100000.00,100000.00,0.0000,0,0.0
2026-08-18T15:59:48.293103,100000.00,100000.00,0.0000,0,0.0
2026-08-18T16:00:49.531327,100000.00,100000.00,0.0000,0,0.0
2026-08-18T16:01:50.767806,100000.00,100000.00,0.0000,0,0.0
2026-08-18T16:02:51.977343,100000.00,100000.00,0.0000,0,0.0
2026-08-18T16:03:53.245018,100000.00,100000.00,0.0000,0,0.0
2026-08-18T16:04:54.578576,100000.00,100000.00,0.0000,0,0.0
2026-08-18T16:05:55.917317,100000.00,100000.00,0.0000,0,0.0
2026-08-18T16:06:57.662880,100000.00,100000.00,0.0000,0,0.0
2026-08-18T16:08:00.414379,100000.00,100000.00,0.0000,0,0.0
2026-08-18T16:09:01.672739,100000.00,100000.00,0.0001,0,0.0
2026-08-18T16:10:02.912569,100000.00,100000.00,0.0001,0,0.0
2026-08-18T16:11:04.453902,100000.00,100000.00,0.0001,0,0.0
2026-08-18T16:12:05.555723,100000.00,100000.00,0.0001,0,0.0
2026-08-18T16:13:06.719731,100000.00,100000.00,0.0001,0,0.0
2026-08-18T16:14:07.909328,100000.00,100000.00,0.0001,0,0.0
2026-08-18T16:15:09.193754,100000.00,100000.00,0.0001,0,0.0
2026-08-18T16:16:10.385998,100000.00,100000.00,0.0001,0,0.0
2026-08-18T16:17:11.685018,100000.00,100000.00,0.0001,0,0.0
2026-08-18T16:18:12.861440,100000.00,100000.00,0.0001,0,0.0
2026-08-18T16:19:14.179860,100000.00,100000.00,0.0001,0,0.0
2026-08-18T16:20:15.377535,100000.00,100000.00,0.0001,0,0.0
2026-08-18T16:21:16.563695,100000.00,100000.00,0.0001,0,0.0
2026-08-18T16:22:17.744787,100000.00,100000.00,0.0001,0,0.0
2026-08-18T16:23:19.081361,100000.00,100000.00,0.0001,0,0.0
2026-08-18T16:24:20.420946,100000.00,100000.00,0.0001,0,0.0
2026-08-18T16:25:21.769065,100000.00,100000.00,0.0001,0,0.0
2026-08-18T16:26:22.885332,100000.00,100000.00,0.0001,0,0.0
2026-08-18T16:27:24.409041,100000.00,100000.00,0.0002,0,0.0
2026-08-18T16:28:25.780032,100000.00,100000.00,0.0002,0,0.0
2026-08-18T16:29:27.226214,100000.00,100000.00,0.0002,0,0.0
2026-08-18T16:30:29.017976,100000.00,100000.00,0.0002,0,0.0
2026-08-18T16:31:30.411304,100000.00,100000.00,0.0002,0,0.0
2026-08-18T16:32:31.535546,100000.00,100000.00,0.0002,0,0.0
2026-08-18T16:33:32.938392,100000.00,100000.00,0.0002,0,0.0
2026-08-18T16:34:34.219226,100000.00,100000.00,0.0001,0,0.0
2026-08-18T16:35:35.434740,100000.00,100000.00,0.0001,0,0.0
2026-08-18T16:36:36.792989,100000.00,100000.00,0.0001,0,0.0
2026-08-18T16:37:38.029227,100000.00,100000.00,0.0001,0,0.0
2026-08-18T16:38:39.330543,100000.00,100000.00,0.0001,0,0.0
2026-08-18T16:39:40.705879,100000.00,100000.00,0.0001,0,0.0
2026-08-18T16:40:41.989452,100000.00,100000.00,0.0000,0,0.0
2026-08-18T16:41:43.175847,100000.00,100000.00,0.0001,0,0.0
2026-08-18T16:42:44.596292,100000.00,100000.00,0.0000,0,0.0
2026-08-18T16:43:45.855408,100000.00,100000.00,0.0000,0,0.0
2026-08-18T16:44:47.298042,100000.00,100000.00,0.0001,0,0.0
2026-08-18T16:45:48.635729,100000.00,100000.00,0.0001,0,0.0
2026-08-18T16:46:49.973490,100000.00,100000.00,0.0000,0,0.0
2026-08-18T16:47:51.211074,100000.00,100000.00,0.0000,0,0.0
2026-08-18T16:48:52.449922,100000.00,100000.00,0.0000,0,0.0
2026-08-18T16:49:53.727529,100000.00,100000.00,0.0000,0,0.0
2026-08-18T16:50:54.884331,100000.00,100000.00,0.0000,0,0.0
2026-08-18T16:51:56.136857,100000.00,100000.00,0.0000,0,0.0
2026-08-18T16:52:57.501789,100000.00,100000.00,0.0000,0,0.0
2026-08-18T16:53:58.725716,100000.00,100000.00,0.0000,0,0.0
2026-08-18T16:54:59.868724,100000.00,100000.00,0.0000,0,0.0
2026-08-18T16:56:01.055583,100000.00,100000.00,0.0000,0,0.0
2026-08-18T16:57:02.537601,100000.00,100000.00,0.0000,0,0.0
2026-08-18T16:58:03.676529,100000.00,100000.00,0.0000,0,0.0
2026-08-18T16:59:05.111258,100000.00,100000.00,0.0000,0,0.0
2026-08-18T17:00:06.453790,100000.00,100000.00,0.0000,0,0.0
2026-08-18T17:01:07.649766,100000.00,100000.00,0.0001,0,0.0
2026-08-18T17:02:08.847580,100000.00,100000.00,0.0001,0,0.0
2026-08-18T17:03:10.140603,100000.00,100000.00,0.0001,0,0.0
2026-08-18T17:04:11.297221,100000.00,100000.00,0.0001,0,0.0
2026-08-18T17:05:12.630681,100000.00,100000.00,0.0001,0,0.0
2026-08-18T17:06:13.913441,100000.00,100000.00,0.0001,0,0.0
2026-08-18T17:07:16.689941,100000.00,100000.00,0.0001,0,0.0
2026-08-18T17:08:19.370967,100000.00,100000.00,0.0001,0,0.0
2026-08-18T17:09:20.549486,100000.00,100000.00,0.0001,0,0.0
2026-08-18T17:10:21.805381,100000.00,100000.00,0.0001,0,0.0
2026-08-18T17:11:22.811612,100000.00,100000.00,0.0001,0,0.0
2026-08-18T17:12:23.844304,100000.00,100000.00,0.0001,0,0.0
2026-08-18T17:13:24.858705,100000.00,100000.00,0.0001,0,0.0
2026-08-18T17:14:26.115149,100000.00,100000.00,0.0001,0,0.0
2026-08-18T17:15:27.456742,100000.00,100000.00,0.0001,0,0.0
2026-08-18T17:16:28.766754,100000.00,100000.00,0.0001,0,0.0
2026-08-18T17:17:30.498062,100000.00,100000.00,0.0001,0,0.0
2026-08-18T17:18:32.290536,100000.00,100000.00,0.0001,0,0.0
2026-08-18T17:19:33.325226,100000.00,100000.00,0.0001,0,0.0
2026-08-18T17:20:34.648063,100000.00,100000.00,0.0001,0,0.0
2026-08-18T17:21:35.963763,100000.00,100000.00,0.0001,0,0.0
2026-08-18T17:22:37.101141,100000.00,100000.00,0.0001,0,0.0
2026-08-18T17:23:38.329393,100000.00,100000.00,0.0001,0,0.0
2026-08-18T17:24:39.603565,100000.00,100000.00,0.0001,0,0.0
2026-08-18T17:25:40.674017,100000.00,100000.00,0.0001,0,0.0
2026-08-18T17:26:41.765554,100000.00,100000.00,0.0001,0,0.0
2026-08-18T17:27:42.929371,100000.00,100000.00,0.0001,0,0.0
2026-08-18T17:28:44.041021,100000.00,100000.00,0.0001,0,0.0
2026-08-18T17:29:45.169003,100000.00,100000.00,0.0001,0,0.0
2026-08-18T17:30:46.196369,100000.00,100000.00,0.0001,0,0.0
2026-08-18T17:31:47.444178,100000.00,100000.00,0.0001,0,0.0
2026-08-18T17:32:48.530211,100000.00,100000.00,0.0001,0,0.0
2026-08-18T17:33:49.701910,100000.00,100000.00,0.0001,0,0.0
2026-08-18T17:34:50.941086,100000.00,100000.00,0.0001,0,0.0
2026-08-18T17:35:52.236202,100000.00,100000.00,0.0001,0,0.0
2026-08-18T17:36:53.424239,100000.00,100000.00,0.0001,0,0.0
2026-08-18T17:37:54.654683,100000.00,100000.00,0.0001,0,0.0
2026-08-18T17:38:55.878576,100000.00,100000.00,0.0001,0,0.0
2026-08-18T17:39:56.915655,100000.00,100000.00,0.0001,0,0.0
2026-08-18T17:40:57.946084,100000.00,100000.00,0.0001,0,0.0
2026-08-18T17:41:59.079158,100000.00,100000.00,0.0002,0,0.0
2026-08-18T17:43:00.281887,100000.00,100000.00,0.0001,0,0.0
2026-08-18T17:44:01.307055,100000.00,100000.00,0.0001,0,0.0
2026-08-18T17:45:02.379408,100000.00,100000.00,0.0001,0,0.0
2026-08-18T17:46:03.474556,100000.00,100000.00,0.0001,0,0.0
2026-08-18T17:47:04.399588,100000.00,100000.00,0.0001,0,0.0
2026-08-18T17:48:05.406255,100000.00,100000.00,0.0002,0,0.0
2026-08-18T17:49:06.505975,100000.00,100000.00,0.0002,0,0.0
2026-08-18T17:50:07.941465,100000.00,100000.00,0.0002,0,0.0
2026-08-18T17:51:09.995714,100000.00,100000.00,0.0002,0,0.0
2026-08-18T17:52:11.030423,100000.00,100000.00,0.0002,0,0.0
2026-08-18T17:53:12.058490,100000.00,100000.00,0.0002,0,0.0
2026-08-18T17:54:13.302208,100000.00,100000.00,0.0002,0,0.0
2026-08-18T17:55:14.432291,100000.00,100000.00,0.0002,0,0.0
2026-08-18T17:56:15.638864,100000.00,100000.00,0.0002,0,0.0
2026-08-18T17:57:16.733760,100000.00,100000.00,0.0002,0,0.0
2026-08-18T17:58:17.798874,100000.00,100000.00,0.0002,0,0.0
2026-08-18T17:59:18.964787,100000.00,100000.00,0.0002,0,0.0
2026-08-18T18:00:19.980091,100000.00,100000.00,0.0002,0,0.0
2026-08-18T18:01:21.056060,100000.00,100000.00,0.0002,0,0.0
2026-08-18T18:02:22.163140,100000.00,100000.00,0.0002,0,0.0
2026-08-18T18:03:23.307114,100000.00,100000.00,0.0002,0,0.0
2026-08-18T18:04:24.551491,100000.00,100000.00,0.0002,0,0.0
2026-08-18T18:05:25.667101,100000.00,100000.00,0.0002,0,0.0
2026-08-18T18:06:26.801774,100000.00,100000.00,0.0002,0,0.0
2026-08-18T18:07:28.010620,100000.00,100000.00,0.0002,0,0.0
2026-08-18T18:08:29.171926,100000.00,100000.00,0.0002,0,0.0
2026-08-18T18:09:30.512690,100000.00,100000.00,0.0002,0,0.0
2026-08-18T18:10:31.643813,100000.00,100000.00,0.0002,0,0.0
2026-08-18T18:11:33.392257,100000.00,100000.00,0.0002,0,0.0
2026-08-18T18:12:34.627065,100000.00,100000.00,0.0002,0,0.0
2026-08-18T18:13:35.644899,100000.00,100000.00,0.0002,0,0.0
2026-08-18T18:14:37.305236,100000.00,100000.00,0.0001,0,0.0
2026-08-18T18:15:38.336212,100000.00,100000.00,0.0001,0,0.0
2026-08-18T18:16:39.372913,100000.00,100000.00,0.0001,0,0.0
2026-08-18T18:17:40.453697,100000.00,100000.00,0.0001,0,0.0
2026-08-18T18:18:41.563979,100000.00,100000.00,0.0001,0,0.0
2026-08-18T18:19:42.564786,100000.00,100000.00,0.0001,0,0.0
2026-08-18T18:20:43.584428,100000.00,100000.00,0.0001,0,0.0
2026-08-18T18:21:44.728753,100000.00,100000.00,0.0001,0,0.0
2026-08-18T18:22:45.758530,100000.00,100000.00,0.0001,0,0.0
2026-08-18T18:23:46.862625,100000.00,100000.00,0.0001,0,0.0
2026-08-18T18:24:47.926588,100000.00,100000.00,0.0001,0,0.0
2026-08-18T18:25:48.959143,100000.00,100000.00,0.0001,0,0.0
2026-08-18T18:26:49.953340,100000.00,100000.00,0.0001,0,0.0
2026-08-18T18:27:51.023056,100000.00,100000.00,0.0001,0,0.0
2026-08-18T18:28:52.151444,100000.00,100000.00,0.0001,0,0.0
2026-08-18T18:29:53.185761,100000.00,100000.00,0.0001,0,0.0
2026-08-18T18:30:54.324027,100000.00,100000.00,0.0001,0,0.0
2026-08-18T18:31:55.764389,100000.00,100000.00,0.0001,0,0.0
2026-08-18T18:32:58.741473,100000.00,100000.00,0.0001,0,0.0
2026-08-18T18:33:59.950627,100000.00,100000.00,0.0001,0,0.0
2026-08-18T18:35:01.114385,100000.00,100000.00,0.0001,0,0.0
2026-08-18T18:36:02.346143,100000.00,100000.00,0.0001,0,0.0
2026-08-18T18:37:03.588357,100000.00,100000.00,0.0001,0,0.0
2026-08-18T18:38:04.821190,100000.00,100000.00,0.0001,0,0.0
2026-08-18T18:39:06.052341,100000.00,100000.00,0.0001,0,0.0
2026-08-18T18:40:07.101524,100000.00,100000.00,0.0001,0,0.0
2026-08-18T18:41:08.123969,100000.00,100000.00,0.0001,0,0.0
2026-08-18T18:42:09.280613,100000.00,100000.00,0.0001,0,0.0
2026-08-18T18:43:14.604386,100000.00,100000.00,0.0001,0,0.0
2026-08-18T18:44:17.867481,100000.00,100000.00,0.0001,0,0.0
2026-08-18T18:45:23.397236,100000.00,100000.00,0.0001,0,0.0
2026-08-18T18:46:26.782424,100000.00,100000.00,0.0001,0,0.0
2026-08-18T18:47:27.918596,100000.00,100000.00,0.0001,0,0.0
2026-08-18T18:48:29.213062,100000.00,100000.00,0.0001,0,0.0
2026-08-18T18:49:30.349144,100000.00,100000.00,0.0001,0,0.0
2026-08-18T18:50:31.326054,100000.00,100000.00,0.0001,0,0.0
2026-08-18T18:51:32.594166,100000.00,100000.00,0.0001,0,0.0
2026-08-18T18:52:33.791020,100000.00,100000.00,0.0001,0,0.0
2026-08-18T18:53:35.027358,100000.00,100000.00,0.0001,0,0.0
2026-08-18T18:54:36.059564,100000.00,100000.00,0.0001,0,0.0
2026-08-18T18:55:37.218159,100000.00,100000.00,0.0001,0,0.0
2026-08-18T18:56:38.366044,100000.00,100000.00,0.0001,0,0.0
2026-08-18T18:57:39.297113,100000.00,100000.00,0.0001,0,0.0
2026-08-18T18:58:40.284935,100000.00,100000.00,0.0001,0,0.0
2026-08-18T18:59:41.522289,100000.00,100000.00,0.0001,0,0.0
2026-08-18T19:00:42.585581,100000.00,100000.00,0.0001,0,0.0
2026-08-18T19:01:43.640141,100000.00,100000.00,0.0001,0,0.0
2026-08-18T19:02:44.720980,100000.00,100000.00,0.0001,0,0.0
2026-08-18T19:03:46.054802,100000.00,100000.00,0.0001,0,0.0
2026-08-18T19:04:47.194586,100000.00,100000.00,0.0001,0,0.0
2026-08-18T19:05:48.429253,100000.00,100000.00,0.0001,0,0.0
2026-08-18T19:06:49.562436,100000.00,100000.00,0.0001,0,0.0
2026-08-18T19:07:50.696355,100000.00,100000.00,0.0001,0,0.0
2026-08-18T19:08:51.924247,100000.00,100000.00,0.0001,0,0.0
2026-08-18T19:09:53.066918,100000.00,100000.00,0.0001,0,0.0
2026-08-18T19:10:54.017670,100000.00,100000.00,0.0001,0,0.0
2026-08-18T19:12:02.058785,100000.00,100000.00,0.0001,0,0.0
2026-08-18T19:13:03.148131,100000.00,100000.00,0.0001,0,0.0
2026-08-18T19:14:06.032116,100000.00,100000.00,0.0001,0,0.0
2026-08-18T19:15:08.670289,100000.00,100000.00,0.0002,0,0.0
2026-08-18T19:16:09.949905,100000.00,100000.00,0.0001,0,0.0
2026-08-18T19:17:11.039945,100000.00,100000.00,0.0001,0,0.0
2026-08-18T19:18:12.093211,100000.00,100000.00,0.0001,0,0.0
2026-08-18T19:19:13.241775,100000.00,100000.00,0.0002,0,0.0
2026-08-18T19:20:14.445375,100000.00,100000.00,0.0002,0,0.0
2026-08-18T19:21:15.674635,100000.00,100000.00,0.0001,0,0.0
2026-08-18T19:22:16.749749,100000.00,100000.00,0.0001,0,0.0
2026-08-18T19:23:18.050896,100000.00,100000.00,0.0001,0,0.0
2026-08-18T19:24:19.166931,100000.00,100000.00,0.0001,0,0.0
2026-08-18T19:25:20.618765,100000.00,100000.00,0.0001,0,0.0
2026-08-18T19:26:22.061201,100000.00,100000.00,0.0001,0,0.0
2026-08-18T19:27:23.602423,100000.00,100000.00,0.0001,0,0.0
2026-08-18T19:28:25.025539,100000.00,100000.00,0.0001,0,0.0
2026-08-18T19:29:26.383001,100000.00,100000.00,0.0001,0,0.0
2026-08-18T19:30:27.721116,100000.00,100000.00,0.0001,0,0.0
2026-08-18T19:31:28.873296,100000.00,100000.00,0.0001,0,0.0
2026-08-18T19:32:30.454484,100000.00,100000.00,0.0001,0,0.0
2026-08-18T19:33:32.085307,100000.00,100000.00,0.0001,0,0.0
2026-08-18T19:34:33.574752,100000.00,100000.00,0.0001,0,0.0
2026-08-18T19:35:34.893005,100000.00,100000.00,0.0001,0,0.0
2026-08-18T19:36:36.262978,100000.00,100000.00,0.0001,0,0.0
2026-08-18T19:37:37.625745,100000.00,100000.00,0.0001,0,0.0
2026-08-18T19:38:39.589899,100000.00,100000.00,0.0001,0,0.0
2026-08-18T19:39:40.786643,100000.00,100000.00,0.0001,0,0.0
2026-08-18T19:40:42.111382,100000.00,100000.00,0.0001,0,0.0
2026-08-18T19:41:43.680029,100000.00,100000.00,0.0001,0,0.0
2026-08-18T19:42:45.592627,100000.00,100000.00,0.0002,0,0.0
2026-08-18T19:43:47.193125,100000.00,100000.00,0.0002,0,0.0
2026-08-18T19:44:48.755542,100000.00,100000.00,0.0002,0,0.0
2026-08-18T19:45:50.366676,100000.00,100000.00,0.0002,0,0.0
2026-08-18T19:46:51.627723,100000.00,100000.00,0.0001,0,0.0
2026-08-18T19:47:52.929402,100000.00,100000.00,0.0001,0,0.0
2026-08-18T19:48:54.175217,100000.00,100000.00,0.0002,0,0.0
2026-08-18T19:49:55.365171,100000.00,100000.00,0.0002,0,0.0
2026-08-18T19:50:56.676618,100000.00,100000.00,0.0002,0,0.0
2026-08-18T19:51:58.302180,100000.00,100000.00,0.0002,0,0.0
2026-08-18T19:52:59.668050,100000.00,100000.00,0.0002,0,0.0
2026-08-18T19:54:01.168118,100000.00,100000.00,0.0002,0,0.0
2026-08-18T19:55:03.284823,100000.00,100000.00,0.0002,0,0.0
2026-08-18T19:56:04.767582,100000.00,100000.00,0.0002,0,0.0
2026-08-18T19:57:06.100631,100000.00,100000.00,0.0002,0,0.0
2026-08-18T19:58:07.382891,100000.00,100000.00,0.0002,0,0.0
2026-08-18T19:59:08.681064,100000.00,100000.00,0.0002,0,0.0
2026-08-18T20:00:10.019082,100000.00,100000.00,0.0002,0,0.0
2026-08-18T20:01:11.263096,100000.00,100000.00,0.0002,0,0.0
2026-08-18T20:02:12.592478,100000.00,100000.00,0.0002,0,0.0
2026-08-18T20:03:13.827735,100000.00,100000.00,0.0002,0,0.0
2026-08-18T20:04:15.261969,100000.00,100000.00,0.0002,0,0.0
2026-08-18T20:05:16.517744,100000.00,100000.00,0.0002,0,0.0
2026-08-18T20:06:17.741677,100000.00,100000.00,0.0002,0,0.0
2026-08-18T20:07:19.077827,100000.00,100000.00,0.0002,0,0.0
2026-08-18T20:08:20.419562,100000.00,100000.00,0.0002,0,0.0
2026-08-18T20:09:21.651774,100000.00,100000.00,0.0002,0,0.0
2026-08-18T20:10:22.993937,100000.00,100000.00,0.0002,0,0.0
2026-08-18T20:11:24.370151,100000.00,100000.00,0.0002,0,0.0
2026-08-18T20:12:25.671226,100000.00,100000.00,0.0002,0,0.0
2026-08-18T20:13:26.906692,100000.00,100000.00,0.0002,0,0.0
2026-08-18T20:14:28.143986,100000.00,100000.00,0.0002,0,0.0
2026-08-18T20:15:29.482078,100000.00,100000.00,0.0002,0,0.0
2026-08-18T20:16:30.831175,100000.00,100000.00,0.0002,0,0.0
2026-08-18T20:17:32.157061,100000.00,100000.00,0.0002,0,0.0
2026-08-18T20:18:33.396186,100000.00,100000.00,0.0002,0,0.0
2026-08-18T20:19:34.632324,100000.00,100000.00,0.0002,0,0.0
2026-08-18T20:20:35.971645,100000.00,100000.00,0.0002,0,0.0
2026-08-18T20:21:37.230937,100000.00,100000.00,0.0002,0,0.0
2026-08-18T20:22:38.649184,100000.00,100000.00,0.0002,0,0.0
2026-08-18T20:23:39.885262,100000.00,100000.00,0.0002,0,0.0
2026-08-18T20:24:41.223957,100000.00,100000.00,0.0002,0,0.0
2026-08-18T20:25:45.368044,100000.00,100000.00,0.0002,0,0.0
2026-08-18T20:26:46.554871,100000.00,100000.00,0.0002,0,0.0
2026-08-18T20:27:47.754657,100000.00,100000.00,0.0002,0,0.0
2026-08-18T20:28:48.975927,100000.00,100000.00,0.0002,0,0.0
2026-08-18T20:29:50.245960,100000.00,100000.00,0.0002,0,0.0
2026-08-18T20:30:51.476778,100000.00,100000.00,0.0002,0,0.0
2026-08-18T20:31:52.747098,100000.00,100000.00,0.0002,0,0.0
2026-08-18T20:32:54.187618,100000.00,100000.00,0.0002,0,0.0
2026-08-18T20:33:55.579323,100000.00,100000.00,0.0002,0,0.0
2026-08-18T20:34:56.986673,100000.00,100000.00,0.0002,0,0.0
2026-08-18T20:35:58.551011,100000.00,100000.00,0.0002,0,0.0
2026-08-18T20:36:59.839554,100000.00,100000.00,0.0002,0,0.0
2026-08-18T20:38:01.149908,100000.00,100000.00,0.0002,0,0.0
2026-08-18T20:39:02.489903,100000.00,100000.00,0.0002,0,0.0
2026-08-18T20:40:03.831396,100000.00,100000.00,0.0002,0,0.0
2026-08-18T20:41:05.204077,100000.00,100000.00,0.0002,0,0.0
2026-08-18T20:42:06.649550,100000.00,100000.00,0.0002,0,0.0
2026-08-18T20:43:07.936871,100000.00,100000.00,0.0002,0,0.0
2026-08-18T20:44:09.330527,100000.00,100000.00,0.0002,0,0.0
2026-08-18T20:45:10.669682,100000.00,100000.00,0.0002,0,0.0
2026-08-18T20:46:12.105960,100000.00,100000.00,0.0002,0,0.0
2026-08-18T20:47:13.646155,100000.00,100000.00,0.0002,0,0.0
2026-08-18T20:48:14.884394,100000.00,100000.00,0.0002,0,0.0
2026-08-18T20:49:16.119647,100000.00,100000.00,0.0002,0,0.0
2026-08-18T20:50:17.394230,100000.00,100000.00,0.0002,0,0.0
2026-08-18T20:51:18.718004,100000.00,100000.00,0.0002,0,0.0
2026-08-18T20:52:19.930407,100000.00,100000.00,0.0002,0,0.0
2026-08-18T20:53:21.238744,100000.00,100000.00,0.0002,0,0.0
2026-08-18T20:54:22.529043,100000.00,100000.00,0.0002,0,0.0
2026-08-18T20:55:23.766929,100000.00,100000.00,0.0002,0,0.0
2026-08-18T20:56:24.980707,100000.00,100000.00,0.0002,0,0.0
2026-08-18T20:57:26.316346,100000.00,100000.00,0.0002,0,0.0
2026-08-18T20:58:27.553658,100000.00,100000.00,0.0002,0,0.0
2026-08-18T20:59:29.199527,100000.00,100000.00,0.0002,0,0.0
2026-08-18T21:00:30.436450,100000.00,100000.00,0.0002,0,0.0
2026-08-18T21:01:31.776367,100000.00,100000.00,0.0002,0,0.0
2026-08-18T21:02:33.055883,100000.00,100000.00,0.0002,0,0.0
2026-08-18T21:03:34.409645,100000.00,100000.00,0.0002,0,0.0
2026-08-18T21:04:35.780356,100000.00,100000.00,0.0002,0,0.0
2026-08-18T21:05:37.130089,100000.00,100000.00,0.0002,0,0.0
2026-08-18T21:06:38.470855,100000.00,100000.00,0.0002,0,0.0
2026-08-18T21:07:39.671356,100000.00,100000.00,0.0002,0,0.0
2026-08-18T21:08:40.895071,100000.00,100000.00,0.0002,0,0.0
2026-08-18T21:09:42.303557,100000.00,100000.00,0.0002,0,0.0
2026-08-18T21:10:43.641891,100000.00,100000.00,0.0002,0,0.0
2026-08-18T21:11:44.962859,100000.00,100000.00,0.0002,0,0.0
2026-08-18T21:12:46.279955,100000.00,100000.00,0.0002,0,0.0
2026-08-18T21:13:47.736435,100000.00,100000.00,0.0002,0,0.0
2026-08-18T21:14:49.023906,100000.00,100000.00,0.0002,0,0.0
2026-08-18T21:15:50.173898,100000.00,100000.00,0.0002,0,0.0
2026-08-18T21:16:51.505518,100000.00,100000.00,0.0002,0,0.0
2026-08-18T21:17:52.783900,100000.00,100000.00,0.0002,0,0.0
2026-08-18T21:18:54.225861,100000.00,100000.00,0.0002,0,0.0
2026-08-18T21:19:55.498739,100000.00,100000.00,0.0002,0,0.0
2026-08-18T21:20:56.697532,100000.00,100000.00,0.0002,0,0.0
2026-08-18T21:21:58.088732,100000.00,100000.00,0.0002,0,0.0
2026-08-18T21:22:59.227633,100000.00,100000.00,0.0002,0,0.0
2026-08-18T21:24:00.559234,100000.00,100000.00,0.0002,0,0.0
2026-08-18T21:25:01.739933,100000.00,100000.00,0.0002,0,0.0
2026-08-18T21:26:02.978551,100000.00,100000.00,0.0002,0,0.0
2026-08-18T21:27:04.217789,100000.00,100000.00,0.0002,0,0.0
2026-08-18T21:28:05.378747,100000.00,100000.00,0.0002,0,0.0
2026-08-18T21:29:06.602794,100000.00,100000.00,0.0002,0,0.0
2026-08-18T21:30:07.958107,100000.00,100000.00,0.0002,0,0.0
2026-08-18T21:31:09.267123,100000.00,100000.00,0.0002,0,0.0
2026-08-18T21:32:10.632926,100000.00,100000.00,0.0002,0,0.0
2026-08-18T21:33:11.995523,100000.00,100000.00,0.0002,0,0.0
2026-08-18T21:34:13.330940,100000.00,100000.00,0.0002,0,0.0
2026-08-18T21:35:14.611661,100000.00,100000.00,0.0002,0,0.0
2026-08-18T21:36:15.858367,100000.00,100000.00,0.0002,0,0.0
2026-08-18T21:37:17.092016,100000.00,100000.00,0.0002,0,0.0
2026-08-18T21:38:18.432086,100000.00,100000.00,0.0002,0,0.0
2026-08-18T21:39:19.668466,100000.00,100000.00,0.0002,0,0.0
2026-08-18T21:40:21.006438,100000.00,100000.00,0.0002,0,0.0
2026-08-18T21:41:22.245455,100000.00,100000.00,0.0002,0,0.0
2026-08-18T21:42:23.481969,100000.00,100000.00,0.0002,0,0.0
2026-08-18T21:43:24.820135,100000.00,100000.00,0.0003,0,0.0
2026-08-18T21:44:26.052407,100000.00,100000.00,0.0002,0,0.0
2026-08-18T21:45:27.298059,100000.00,100000.00,0.0002,0,0.0
2026-08-18T21:46:28.630859,100000.00,100000.00,0.0002,0,0.0
2026-08-18T21:47:29.896878,100000.00,100000.00,0.0002,0,0.0
2026-08-18T21:48:31.172756,100000.00,100000.00,0.0002,0,0.0
2026-08-18T21:49:32.396099,100000.00,100000.00,0.0002,0,0.0
2026-08-18T21:50:33.677939,100000.00,100000.00,0.0002,0,0.0
2026-08-18T21:51:34.874006,100000.00,100000.00,0.0002,0,0.0
2026-08-18T21:52:36.150019,100000.00,100000.00,0.0002,0,0.0
2026-08-18T21:53:37.419098,100000.00,100000.00,0.0002,0,0.0
2026-08-18T21:54:38.709956,100000.00,100000.00,0.0002,0,0.0
2026-08-18T21:55:40.029858,100000.00,100000.00,0.0003,0,0.0
2026-08-18T21:56:41.586783,100000.00,100000.00,0.0003,0,0.0
2026-08-18T21:57:42.842895,100000.00,100000.00,0.0002,0,0.0
2026-08-18T21:58:44.183113,100000.00,100000.00,0.0002,0,0.0
2026-08-18T21:59:45.459883,100000.00,100000.00,0.0002,0,0.0
2026-08-18T22:00:46.659635,100000.00,100000.00,0.0002,0,0.0
2026-08-18T22:01:47.990323,100000.00,100000.00,0.0002,0,0.0
2026-08-18T22:02:49.336422,100000.00,100000.00,0.0002,0,0.0
2026-08-18T22:03:50.490252,100000.00,100000.00,0.0002,0,0.0
2026-08-18T22:04:51.804577,100000.00,100000.00,0.0002,0,0.0
2026-08-18T22:05:52.937878,100000.00,100000.00,0.0002,0,0.0
2026-08-18T22:06:54.261529,100000.00,100000.00,0.0002,0,0.0
2026-08-18T22:07:55.513991,100000.00,100000.00,0.0002,0,0.0
2026-08-18T22:08:56.731347,100000.00,100000.00,0.0002,0,0.0
2026-08-18T22:09:58.000853,100000.00,100000.00,0.0002,0,0.0
2026-08-18T22:10:59.224028,100000.00,100000.00,0.0002,0,0.0
2026-08-18T22:12:00.452724,100000.00,100000.00,0.0002,0,0.0
2026-08-18T22:13:01.683899,100000.00,100000.00,0.0002,0,0.0
2026-08-18T22:14:02.914777,100000.00,100000.00,0.0002,0,0.0
2026-08-18T22:15:04.134823,100000.00,100000.00,0.0002,0,0.0
2026-08-18T22:16:05.444615,100000.00,100000.00,0.0002,0,0.0
2026-08-18T22:17:06.683954,100000.00,100000.00,0.0002,0,0.0
2026-08-18T22:18:07.875418,100000.00,100000.00,0.0002,0,0.0
2026-08-18T22:19:09.234799,100000.00,100000.00,0.0002,0,0.0
2026-08-18T22:20:10.508112,100000.00,100000.00,0.0002,0,0.0
2026-08-18T22:21:11.894943,100000.00,100000.00,0.0002,0,0.0
2026-08-18T22:22:13.128753,100000.00,100000.00,0.0002,0,0.0
2026-08-18T22:23:14.363746,100000.00,100000.00,0.0002,0,0.0
2026-08-18T22:24:15.600248,100000.00,100000.00,0.0002,0,0.0
2026-08-18T22:25:16.836595,100000.00,100000.00,0.0002,0,0.0
2026-08-18T22:26:18.130441,100000.00,100000.00,0.0002,0,0.0
2026-08-18T22:27:19.665621,100000.00,100000.00,0.0002,0,0.0
2026-08-18T22:28:20.877456,100000.00,100000.00,0.0002,0,0.0
2026-08-18T22:29:22.075758,100000.00,100000.00,0.0002,0,0.0
2026-08-18T22:30:23.258466,100000.00,100000.00,0.0002,0,0.0
2026-08-18T22:31:24.459474,100000.00,100000.00,0.0002,0,0.0
2026-08-18T22:32:25.879068,100000.00,100000.00,0.0002,0,0.0
2026-08-18T22:33:27.135781,100000.00,100000.00,0.0002,0,0.0
2026-08-18T22:34:28.576860,100000.00,100000.00,0.0002,0,0.0
2026-08-18T22:35:30.019033,100000.00,100000.00,0.0002,0,0.0
2026-08-18T22:36:31.360997,100000.00,100000.00,0.0002,0,0.0
2026-08-18T22:37:32.568956,100000.00,100000.00,0.0002,0,0.0
2026-08-18T22:38:33.930335,100000.00,100000.00,0.0002,0,0.0
2026-08-18T22:39:35.218902,100000.00,100000.00,0.0002,0,0.0
2026-08-18T22:40:36.504585,100000.00,100000.00,0.0002,0,0.0
2026-08-18T22:41:37.843824,100000.00,100000.00,0.0002,0,0.0
2026-08-18T22:42:39.181673,100000.00,100000.00,0.0002,0,0.0
2026-08-18T22:43:40.520334,100000.00,100000.00,0.0002,0,0.0
2026-08-18T22:44:41.929813,100000.00,100000.00,0.0002,0,0.0
2026-08-18T22:45:43.169189,100000.00,100000.00,0.0002,0,0.0
2026-08-18T22:46:44.379009,100000.00,100000.00,0.0002,0,0.0
2026-08-18T22:47:45.598512,100000.00,100000.00,0.0002,0,0.0
2026-08-18T22:48:46.869516,100000.00,100000.00,0.0002,0,0.0
2026-08-18T22:49:48.119027,100000.00,100000.00,0.0002,0,0.0
2026-08-18T22:50:49.478206,100000.00,100000.00,0.0002,0,0.0
2026-08-18T22:51:50.714175,100000.00,100000.00,0.0002,0,0.0
2026-08-18T22:52:51.950063,100000.00,100000.00,0.0002,0,0.0
2026-08-18T22:53:53.163303,100000.00,100000.00,0.0002,0,0.0
2026-08-18T22:54:54.525535,100000.00,100000.00,0.0002,0,0.0
2026-08-18T22:55:55.758151,100000.00,100000.00,0.0002,0,0.0
2026-08-18T22:56:56.995502,100000.00,100000.00,0.0002,0,0.0
2026-08-18T22:57:58.219234,100000.00,100000.00,0.0002,0,0.0
2026-08-18T22:58:59.469120,100000.00,100000.00,0.0002,0,0.0
2026-08-18T23:00:00.704960,100000.00,100000.00,0.0002,0,0.0
2026-08-18T23:01:02.145819,100000.00,100000.00,0.0002,0,0.0
2026-08-18T23:02:03.486641,100000.00,100000.00,0.0002,0,0.0
2026-08-18T23:03:04.825065,100000.00,100000.00,0.0002,0,0.0
2026-08-18T23:04:06.058237,100000.00,100000.00,0.0001,0,0.0
2026-08-18T23:05:07.369619,100000.00,100000.00,0.0001,0,0.0
2026-08-18T23:06:08.735148,100000.00,100000.00,0.0002,0,0.0
2026-08-18T23:07:09.974190,100000.00,100000.00,0.0002,0,0.0
2026-08-18T23:08:11.162792,100000.00,100000.00,0.0001,0,0.0
2026-08-18T23:09:12.446617,100000.00,100000.00,0.0001,0,0.0
2026-08-18T23:10:13.672954,100000.00,100000.00,0.0001,0,0.0
2026-08-18T23:11:15.021516,100000.00,100000.00,0.0001,0,0.0
2026-08-18T23:12:16.317923,100000.00,100000.00,0.0001,0,0.0
2026-08-18T23:13:17.583871,100000.00,100000.00,0.0001,0,0.0
2026-08-18T23:14:18.823556,100000.00,100000.00,0.0001,0,0.0
2026-08-18T23:15:20.061068,100000.00,100000.00,0.0001,0,0.0
2026-08-18T23:16:21.224536,100000.00,100000.00,0.0001,0,0.0
2026-08-18T23:17:22.482488,100000.00,100000.00,0.0001,0,0.0
2026-08-18T23:18:23.765499,100000.00,100000.00,0.0001,0,0.0
2026-08-18T23:19:25.106583,100000.00,100000.00,0.0001,0,0.0
2026-08-18T23:20:26.348078,100000.00,100000.00,0.0001,0,0.0
2026-08-18T23:21:27.481903,100000.00,100000.00,0.0001,0,0.0
2026-08-18T23:22:28.716917,100000.00,100000.00,0.0001,0,0.0
2026-08-18T23:23:30.124438,100000.00,100000.00,0.0001,0,0.0
2026-08-18T23:24:31.369941,100000.00,100000.00,0.0001,0,0.0
2026-08-18T23:25:32.627336,100000.00,100000.00,0.0001,0,0.0
2026-08-18T23:26:33.861018,100000.00,100000.00,0.0001,0,0.0
2026-08-18T23:27:35.020136,100000.00,100000.00,0.0001,0,0.0
2026-08-18T23:28:36.334467,100000.00,100000.00,0.0001,0,0.0
2026-08-18T23:29:37.570417,100000.00,100000.00,0.0001,0,0.0
2026-08-18T23:30:38.806272,100000.00,100000.00,0.0001,0,0.0
2026-08-18T23:31:39.998256,100000.00,100000.00,0.0001,0,0.0
2026-08-18T23:32:41.279177,100000.00,100000.00,0.0001,0,0.0
2026-08-18T23:33:42.578508,100000.00,100000.00,0.0001,0,0.0
2026-08-18T23:34:43.852372,100000.00,100000.00,0.0000,0,0.0
2026-08-18T23:35:45.074982,100000.00,100000.00,0.0000,0,0.0
2026-08-18T23:36:46.325694,100000.00,100000.00,0.0000,0,0.0
2026-08-18T23:37:47.560330,100000.00,100000.00,0.0000,0,0.0
2026-08-18T23:38:48.776728,100000.00,100000.00,0.0001,0,0.0
2026-08-18T23:39:50.134061,100000.00,100000.00,0.0001,0,0.0
2026-08-18T23:40:51.474963,100000.00,100000.00,0.0001,0,0.0
2026-08-18T23:41:52.810656,100000.00,100000.00,0.0001,0,0.0
2026-08-18T23:42:54.018087,100000.00,100000.00,0.0001,0,0.0
2026-08-18T23:43:55.283206,100000.00,100000.00,0.0000,0,0.0
2026-08-18T23:44:56.501422,100000.00,100000.00,0.0000,0,0.0
2026-08-18T23:45:57.856913,100000.00,100000.00,0.0000,0,0.0
2026-08-18T23:46:59.101498,100000.00,100000.00,0.0000,0,0.0
2026-08-18T23:48:00.329056,100000.00,100000.00,0.0001,0,0.0
2026-08-18T23:49:01.618809,100000.00,100000.00,0.0000,0,0.0
2026-08-18T23:50:02.801230,100000.00,100000.00,0.0000,0,0.0
2026-08-18T23:51:04.025880,100000.00,100000.00,0.0000,0,0.0
2026-08-18T23:52:05.276457,100000.00,100000.00,0.0001,0,0.0
2026-08-18T23:53:06.611813,100000.00,100000.00,0.0000,0,0.0
2026-08-18T23:54:07.848939,100000.00,100000.00,0.0000,0,0.0
2026-08-18T23:55:09.187549,100000.00,100000.00,0.0001,0,0.0
2026-08-18T23:56:10.729278,100000.00,100000.00,0.0001,0,0.0
2026-08-18T23:57:11.965314,100000.00,100000.00,0.0001,0,0.0
2026-08-18T23:58:13.310104,100000.00,100000.00,0.0001,0,0.0
2026-08-18T23:59:14.541373,100000.00,100000.00,0.0001,0,0.0
2026-08-19T00:00:15.880432,100000.00,100000.00,0.0001,0,0.0
2026-08-19T00:01:17.218365,100000.00,100000.00,0.0001,0,0.0
2026-08-19T00:02:18.457720,100000.00,100000.00,0.0001,0,0.0
2026-08-19T00:03:19.862773,100000.00,100000.00,0.0001,0,0.0
2026-08-19T00:04:21.135512,100000.00,100000.00,0.0002,0,0.0
2026-08-19T00:05:22.459437,100000.00,100000.00,0.0002,0,0.0
2026-08-19T00:06:23.706348,100000.00,100000.00,0.0002,0,0.0
2026-08-19T00:07:25.222242,100000.00,100000.00,0.0002,0,0.0
2026-08-19T00:08:26.384193,100000.00,100000.00,0.0002,0,0.0
2026-08-19T00:09:27.723060,100000.00,100000.00,0.0002,0,0.0
2026-08-19T00:10:29.015556,100000.00,100000.00,0.0002,0,0.0
2026-08-19T00:11:30.297155,100000.00,100000.00,0.0002,0,0.0
2026-08-19T00:12:31.622725,100000.00,100000.00,0.0002,0,0.0
2026-08-19T00:13:33.179022,100000.00,100000.00,0.0002,0,0.0
2026-08-19T00:14:34.414779,100000.00,100000.00,0.0002,0,0.0
2026-08-19T00:15:35.832984,100000.00,100000.00,0.0002,0,0.0
2026-08-19T00:16:37.071525,100000.00,100000.00,0.0002,0,0.0
2026-08-19T00:17:38.328291,100000.00,100000.00,0.0002,0,0.0
2026-08-19T00:18:39.462617,100000.00,100000.00,0.0002,0,0.0
2026-08-19T00:19:40.676996,100000.00,100000.00,0.0002,0,0.0
2026-08-19T00:20:42.036954,100000.00,100000.00,0.0002,0,0.0
2026-08-19T00:21:43.461505,100000.00,100000.00,0.0002,0,0.0
2026-08-19T00:22:44.713457,100000.00,100000.00,0.0001,0,0.0
2026-08-19T00:23:46.215010,100000.00,100000.00,0.0001,0,0.0
2026-08-19T00:24:47.395907,100000.00,100000.00,0.0001,0,0.0
2026-08-19T00:25:48.563691,100000.00,100000.00,0.0002,0,0.0
2026-08-19T00:26:49.861095,100000.00,100000.00,0.0002,0,0.0
2026-08-19T00:27:51.097405,100000.00,100000.00,0.0002,0,0.0
2026-08-19T00:28:52.333388,100000.00,100000.00,0.0002,0,0.0
2026-08-19T00:29:53.569951,100000.00,100000.00,0.0002,0,0.0
2026-08-19T00:30:54.912284,100000.00,100000.00,0.0002,0,0.0
2026-08-19T00:31:56.212027,100000.00,100000.00,0.0001,0,0.0
2026-08-19T00:32:57.421394,100000.00,100000.00,0.0001,0,0.0
2026-08-19T00:33:58.693550,100000.00,100000.00,0.0001,0,0.0
2026-08-19T00:34:59.941310,100000.00,100000.00,0.0001,0,0.0
2026-08-19T00:36:01.151454,100000.00,100000.00,0.0001,0,0.0
2026-08-19T00:37:02.310606,100000.00,100000.00,0.0001,0,0.0
2026-08-19T00:38:03.520773,100000.00,100000.00,0.0001,0,0.0
2026-08-19T00:39:04.757366,100000.00,100000.00,0.0001,0,0.0
2026-08-19T00:40:06.028590,100000.00,100000.00,0.0001,0,0.0
2026-08-19T00:41:07.340486,100000.00,100000.00,0.0002,0,0.0
2026-08-19T00:42:08.602696,100000.00,100000.00,0.0002,0,0.0
2026-08-19T00:43:09.838958,100000.00,100000.00,0.0002,0,0.0
2026-08-19T00:44:11.280444,100000.00,100000.00,0.0002,0,0.0
2026-08-19T00:45:12.462018,100000.00,100000.00,0.0002,0,0.0
2026-08-19T00:46:13.649475,100000.00,100000.00,0.0002,0,0.0
2026-08-19T00:47:14.960696,100000.00,100000.00,0.0002,0,0.0
2026-08-19T00:48:16.201875,100000.00,100000.00,0.0002,0,0.0
2026-08-19T00:49:17.461631,100000.00,100000.00,0.0002,0,0.0
2026-08-19T00:50:18.695815,100000.00,100000.00,0.0002,0,0.0
2026-08-19T00:51:19.932991,100000.00,100000.00,0.0002,0,0.0
2026-08-19T00:52:21.168262,100000.00,100000.00,0.0002,0,0.0
2026-08-19T00:53:22.404855,100000.00,100000.00,0.0002,0,0.0
2026-08-19T00:54:23.640725,100000.00,100000.00,0.0002,0,0.0
2026-08-19T00:55:25.072977,100000.00,100000.00,0.0002,0,0.0
2026-08-19T00:56:26.420638,100000.00,100000.00,0.0002,0,0.0
2026-08-19T00:57:27.655928,100000.00,100000.00,0.0002,0,0.0
2026-08-19T00:58:28.996478,100000.00,100000.00,0.0002,0,0.0
2026-08-19T00:59:30.264582,100000.00,100000.00,0.0002,0,0.0
2026-08-19T01:00:31.466227,100000.00,100000.00,0.0003,0,0.0
2026-08-19T01:01:32.663568,100000.00,100000.00,0.0003,0,0.0
2026-08-19T01:02:34.003606,100000.00,100000.00,0.0003,0,0.0
2026-08-19T01:03:35.184670,100000.00,100000.00,0.0003,0,0.0
2026-08-19T01:04:36.434986,100000.00,100000.00,0.0003,0,0.0
2026-08-19T01:05:37.788437,100000.00,100000.00,0.0003,0,0.0
2026-08-19T01:06:39.087408,100000.00,100000.00,0.0002,0,0.0
2026-08-19T01:07:40.264580,100000.00,100000.00,0.0002,0,0.0
2026-08-19T01:08:41.559819,100000.00,100000.00,0.0002,0,0.0
2026-08-19T01:09:42.797970,100000.00,100000.00,0.0002,0,0.0
2026-08-19T01:10:44.032718,100000.00,100000.00,0.0002,0,0.0
2026-08-19T01:11:45.374486,100000.00,100000.00,0.0002,0,0.0
2026-08-19T01:12:46.695192,100000.00,100000.00,0.0002,0,0.0
2026-08-19T01:13:47.895743,100000.00,100000.00,0.0002,0,0.0
2026-08-19T01:14:49.145125,100000.00,100000.00,0.0002,0,0.0
2026-08-19T01:15:50.418181,100000.00,100000.00,0.0002,0,0.0
2026-08-19T01:16:51.654386,100000.00,100000.00,0.0002,0,0.0
2026-08-19T01:17:52.888888,100000.00,100000.00,0.0002,0,0.0
2026-08-19T01:18:54.267490,100000.00,100000.00,0.0003,0,0.0
2026-08-19T01:19:55.535175,100000.00,100000.00,0.0002,0,0.0
2026-08-19T01:20:56.765162,100000.00,100000.00,0.0002,0,0.0
2026-08-19T01:21:57.954793,100000.00,100000.00,0.0002,0,0.0
2026-08-19T01:22:59.288634,100000.00,100000.00,0.0002,0,0.0
2026-08-19T01:24:00.551764,100000.00,100000.00,0.0002,0,0.0
2026-08-19T01:25:01.805953,100000.00,100000.00,0.0003,0,0.0
2026-08-19T01:26:03.029421,100000.00,100000.00,0.0003,0,0.0
2026-08-19T01:27:04.420673,100000.00,100000.00,0.0002,0,0.0
2026-08-19T01:28:05.659201,100000.00,100000.00,0.0002,0,0.0
2026-08-19T01:29:06.925404,100000.00,100000.00,0.0002,0,0.0
2026-08-19T01:30:08.196333,100000.00,100000.00,0.0002,0,0.0
2026-08-19T01:31:09.415192,100000.00,100000.00,0.0002,0,0.0
2026-08-19T01:32:10.667583,100000.00,100000.00,0.0003,0,0.0
2026-08-19T01:33:11.885780,100000.00,100000.00,0.0003,0,0.0
2026-08-19T01:34:13.145902,100000.00,100000.00,0.0002,0,0.0
2026-08-19T01:35:14.401501,100000.00,100000.00,0.0003,0,0.0
2026-08-19T01:36:15.649474,100000.00,100000.00,0.0003,0,0.0
2026-08-19T01:37:16.946777,100000.00,100000.00,0.0003,0,0.0
2026-08-19T01:38:18.176444,100000.00,100000.00,0.0003,0,0.0
2026-08-19T01:39:19.426406,100000.00,100000.00,0.0003,0,0.0
2026-08-19T01:40:20.703684,100000.00,100000.00,0.0003,0,0.0
2026-08-19T01:41:22.006370,100000.00,100000.00,0.0003,0,0.0
2026-08-19T01:42:30.879012,100000.00,100000.00,0.0003,0,0.0
2026-08-19T01:43:32.186941,100000.00,100000.00,0.0003,0,0.0
2026-08-19T01:44:33.423127,100000.00,100000.00,0.0003,0,0.0
2026-08-19T01:45:34.624968,100000.00,100000.00,0.0003,0,0.0
2026-08-19T01:46:35.895453,100000.00,100000.00,0.0003,0,0.0
2026-08-19T01:47:37.111387,100000.00,100000.00,0.0003,0,0.0
2026-08-19T01:48:38.367326,100000.00,100000.00,0.0003,0,0.0
2026-08-19T01:49:39.602352,100000.00,100000.00,0.0003,0,0.0
2026-08-19T01:50:40.826729,100000.00,100000.00,0.0003,0,0.0
2026-08-19T01:51:42.073779,100000.00,100000.00,0.0003,0,0.0
2026-08-19T01:52:43.309175,100000.00,100000.00,0.0003,0,0.0
2026-08-19T01:53:44.544894,100000.00,100000.00,0.0003,0,0.0
2026-08-19T01:54:45.781893,100000.00,100000.00,0.0003,0,0.0
2026-08-19T01:55:47.067089,100000.00,100000.00,0.0003,0,0.0
2026-08-19T01:56:48.353451,100000.00,100000.00,0.0003,0,0.0
2026-08-19T01:57:49.590277,100000.00,100000.00,0.0003,0,0.0
2026-08-19T01:58:50.928053,100000.00,100000.00,0.0003,0,0.0
2026-08-19T01:59:52.162243,100000.00,100000.00,0.0003,0,0.0
2026-08-19T02:00:54.217188,100000.00,100000.00,0.0003,0,0.0
2026-08-19T02:01:55.452635,100000.00,100000.00,0.0003,0,0.0
2026-08-19T02:02:56.688730,100000.00,100000.00,0.0003,0,0.0
2026-08-19T02:03:58.026141,100000.00,100000.00,0.0003,0,0.0
2026-08-19T02:04:59.310154,100000.00,100000.00,0.0003,0,0.0
2026-08-19T02:06:00.449810,100000.00,100000.00,0.0003,0,0.0
2026-08-19T02:07:01.781747,100000.00,100000.00,0.0003,0,0.0
2026-08-19T02:08:03.069170,100000.00,100000.00,0.0003,0,0.0
2026-08-19T02:09:04.308191,100000.00,100000.00,0.0004,0,0.0
2026-08-19T02:10:05.543635,100000.00,100000.00,0.0004,0,0.0
2026-08-19T02:11:06.780229,100000.00,100000.00,0.0003,0,0.0
2026-08-19T02:12:08.221343,100000.00,100000.00,0.0003,0,0.0
2026-08-19T02:13:09.410966,100000.00,100000.00,0.0003,0,0.0
2026-08-19T02:14:10.592566,100000.00,100000.00,0.0003,0,0.0
2026-08-19T02:15:11.826511,100000.00,100000.00,0.0003,0,0.0
2026-08-19T02:16:13.062241,100000.00,100000.00,0.0003,0,0.0
2026-08-19T02:17:14.296643,100000.00,100000.00,0.0003,0,0.0
2026-08-19T02:18:15.534479,100000.00,100000.00,0.0004,0,0.0
2026-08-19T02:19:16.721960,100000.00,100000.00,0.0004,0,0.0
2026-08-19T02:20:17.904163,100000.00,100000.00,0.0004,0,0.0
2026-08-19T02:21:19.141488,100000.00,100000.00,0.0004,0,0.0
2026-08-19T02:22:20.376004,100000.00,100000.00,0.0004,0,0.0
2026-08-19T02:23:21.612090,100000.00,100000.00,0.0004,0,0.0
2026-08-19T02:24:22.801275,100000.00,100000.00,0.0003,0,0.0
2026-08-19T02:25:24.084609,100000.00,100000.00,0.0004,0,0.0
2026-08-19T02:26:25.321106,100000.00,100000.00,0.0003,0,0.0
2026-08-19T02:27:26.491218,100000.00,100000.00,0.0003,0,0.0
2026-08-19T02:28:27.688182,100000.00,100000.00,0.0004,0,0.0
2026-08-19T02:29:28.912025,100000.00,100000.00,0.0004,0,0.0
2026-08-19T02:30:30.164685,100000.00,100000.00,0.0004,0,0.0
2026-08-19T02:31:31.362108,100000.00,100000.00,0.0004,0,0.0
2026-08-19T02:32:32.592551,100000.00,100000.00,0.0004,0,0.0
2026-08-19T02:33:33.875490,100000.00,100000.00,0.0004,0,0.0
2026-08-19T02:34:35.106524,100000.00,100000.00,0.0004,0,0.0
2026-08-19T02:35:36.282881,100000.00,100000.00,0.0004,0,0.0
2026-08-19T02:36:37.681438,100000.00,100000.00,0.0004,0,0.0
2026-08-19T02:37:38.915574,100000.00,100000.00,0.0003,0,0.0
2026-08-19T02:38:40.144459,100000.00,100000.00,0.0004,0,0.0
2026-08-19T02:39:41.390440,100000.00,100000.00,0.0004,0,0.0
2026-08-19T02:40:42.625917,100000.00,100000.00,0.0004,0,0.0
2026-08-19T02:41:43.964326,100000.00,100000.00,0.0004,0,0.0
2026-08-19T02:42:45.198732,100000.00,100000.00,0.0004,0,0.0
2026-08-19T02:43:46.436763,100000.00,100000.00,0.0004,0,0.0
2026-08-19T02:44:47.635581,100000.00,100000.00,0.0004,0,0.0
2026-08-19T02:45:48.911913,100000.00,100000.00,0.0004,0,0.0
2026-08-19T02:46:50.134429,100000.00,100000.00,0.0003,0,0.0
2026-08-19T02:47:51.323231,100000.00,100000.00,0.0004,0,0.0
2026-08-19T02:48:52.564797,100000.00,100000.00,0.0004,0,0.0
2026-08-19T02:49:53.751641,100000.00,100000.00,0.0004,0,0.0
2026-08-19T02:50:55.005511,100000.00,100000.00,0.0004,0,0.0
2026-08-19T02:51:56.224476,100000.00,100000.00,0.0004,0,0.0
2026-08-19T02:52:57.474998,100000.00,100000.00,0.0004,0,0.0
2026-08-19T02:53:58.695991,100000.00,100000.00,0.0004,0,0.0
2026-08-19T02:54:59.917638,100000.00,100000.00,0.0004,0,0.0
2026-08-19T02:56:01.168411,100000.00,100000.00,0.0004,0,0.0
2026-08-19T02:57:02.366214,100000.00,100000.00,0.0004,0,0.0
2026-08-19T02:58:03.640543,100000.00,100000.00,0.0004,0,0.0
2026-08-19T02:59:04.957020,100000.00,100000.00,0.0004,0,0.0
2026-08-19T03:00:06.317728,100000.00,100000.00,0.0004,0,0.0
2026-08-19T03:01:07.528626,100000.00,100000.00,0.0004,0,0.0
2026-08-19T03:02:08.994602,100000.00,100000.00,0.0004,0,0.0
2026-08-19T03:03:10.229923,100000.00,100000.00,0.0004,0,0.0
2026-08-19T03:04:11.467800,100000.00,100000.00,0.0004,0,0.0
2026-08-19T03:05:12.677132,100000.00,100000.00,0.0004,0,0.0
2026-08-19T03:06:13.836151,100000.00,100000.00,0.0004,0,0.0
2026-08-19T03:07:15.069508,100000.00,100000.00,0.0004,0,0.0
2026-08-19T03:08:16.308212,100000.00,100000.00,0.0004,0,0.0
2026-08-19T03:09:17.544539,100000.00,100000.00,0.0004,0,0.0
2026-08-19T03:10:18.717971,100000.00,100000.00,0.0004,0,0.0
2026-08-19T03:11:19.914346,100000.00,100000.00,0.0005,0,0.0
2026-08-19T03:12:21.150310,100000.00,100000.00,0.0004,0,0.0
2026-08-19T03:13:22.386972,100000.00,100000.00,0.0004,0,0.0
2026-08-19T03:14:23.622748,100000.00,100000.00,0.0004,0,0.0
2026-08-19T03:15:24.859168,100000.00,100000.00,0.0003,0,0.0
2026-08-19T03:16:26.093052,100000.00,100000.00,0.0003,0,0.0
2026-08-19T03:17:27.331324,100000.00,100000.00,0.0003,0,0.0
2026-08-19T03:18:28.567086,100000.00,100000.00,0.0003,0,0.0
2026-08-19T03:19:29.803275,100000.00,100000.00,0.0003,0,0.0
2026-08-19T03:20:31.039516,100000.00,100000.00,0.0003,0,0.0
2026-08-19T03:21:32.480968,100000.00,100000.00,0.0003,0,0.0
2026-08-19T03:22:33.713761,100000.00,100000.00,0.0003,0,0.0
2026-08-19T03:23:34.952975,100000.00,100000.00,0.0003,0,0.0
2026-08-19T03:24:36.188436,100000.00,100000.00,0.0003,0,0.0
2026-08-19T03:25:37.422667,100000.00,100000.00,0.0003,0,0.0
2026-08-19T03:26:38.660924,100000.00,100000.00,0.0003,0,0.0
2026-08-19T03:27:39.894932,100000.00,100000.00,0.0003,0,0.0
2026-08-19T03:28:41.015233,100000.00,100000.00,0.0003,0,0.0
2026-08-19T03:29:42.266919,100000.00,100000.00,0.0003,0,0.0
2026-08-19T03:30:43.502754,100000.00,100000.00,0.0003,0,0.0
2026-08-19T03:31:44.841290,100000.00,100000.00,0.0003,0,0.0
2026-08-19T03:32:46.074374,100000.00,100000.00,0.0003,0,0.0
2026-08-19T03:33:47.252195,100000.00,100000.00,0.0003,0,0.0
2026-08-19T03:34:48.549737,100000.00,100000.00,0.0004,0,0.0
2026-08-19T03:35:49.787210,100000.00,100000.00,0.0004,0,0.0
2026-08-19T03:36:51.032566,100000.00,100000.00,0.0004,0,0.0
2026-08-19T03:37:52.258310,100000.00,100000.00,0.0004,0,0.0
2026-08-19T03:38:53.492907,100000.00,100000.00,0.0004,0,0.0
2026-08-19T03:39:54.730511,100000.00,100000.00,0.0004,0,0.0
2026-08-19T03:40:55.966622,100000.00,100000.00,0.0004,0,0.0
2026-08-19T03:41:57.204515,100000.00,100000.00,0.0004,0,0.0
2026-08-19T03:42:58.438265,100000.00,100000.00,0.0003,0,0.0
2026-08-19T03:43:59.668217,100000.00,100000.00,0.0004,0,0.0
2026-08-19T03:45:00.910763,100000.00,100000.00,0.0004,0,0.0
2026-08-19T03:46:02.134419,100000.00,100000.00,0.0004,0,0.0
2026-08-19T03:47:03.382177,100000.00,100000.00,0.0003,0,0.0
2026-08-19T03:48:04.564500,100000.00,100000.00,0.0003,0,0.0
2026-08-19T03:49:05.714781,100000.00,100000.00,0.0004,0,0.0
2026-08-19T03:50:06.945087,100000.00,100000.00,0.0003,0,0.0
2026-08-19T03:51:08.122904,100000.00,100000.00,0.0003,0,0.0
2026-08-19T03:52:09.359530,100000.00,100000.00,0.0003,0,0.0
2026-08-19T03:53:10.594098,100000.00,100000.00,0.0003,0,0.0
2026-08-19T03:54:11.831247,100000.00,100000.00,0.0003,0,0.0
2026-08-19T03:55:13.064108,100000.00,100000.00,0.0004,0,0.0
2026-08-19T03:56:14.303566,100000.00,100000.00,0.0004,0,0.0
2026-08-19T03:57:15.641425,100000.00,100000.00,0.0003,0,0.0
2026-08-19T03:58:16.980252,100000.00,100000.00,0.0003,0,0.0
2026-08-19T03:59:18.136445,100000.00,100000.00,0.0003,0,0.0
2026-08-19T04:00:19.452962,100000.00,100000.00,0.0004,0,0.0
2026-08-19T04:01:20.688037,100000.00,100000.00,0.0004,0,0.0
2026-08-19T04:02:21.925257,100000.00,100000.00,0.0004,0,0.0
2026-08-19T04:03:23.166774,100000.00,100000.00,0.0004,0,0.0
2026-08-19T04:04:24.368284,100000.00,100000.00,0.0004,0,0.0
2026-08-19T04:05:25.630570,100000.00,100000.00,0.0004,0,0.0
2026-08-19T04:06:26.868636,100000.00,100000.00,0.0004,0,0.0
2026-08-19T04:07:28.101056,100000.00,100000.00,0.0004,0,0.0
2026-08-19T04:08:29.543929,100000.00,100000.00,0.0004,0,0.0
2026-08-19T04:09:31.299177,100000.00,100000.00,0.0004,0,0.0
2026-08-19T04:10:32.735442,100000.00,100000.00,0.0004,0,0.0
2026-08-19T04:11:33.971684,100000.00,100000.00,0.0004,0,0.0
2026-08-19T04:12:35.320062,100000.00,100000.00,0.0004,0,0.0
2026-08-19T04:13:36.646783,100000.00,100000.00,0.0004,0,0.0
2026-08-19T04:14:37.887966,100000.00,100000.00,0.0004,0,0.0
2026-08-19T04:15:39.330607,100000.00,100000.00,0.0004,0,0.0
2026-08-19T04:16:40.777081,100000.00,100000.00,0.0004,0,0.0
2026-08-19T04:17:42.214884,100000.00,100000.00,0.0004,0,0.0
2026-08-19T04:18:43.443381,100000.00,100000.00,0.0004,0,0.0
2026-08-19T04:19:44.779870,100000.00,100000.00,0.0003,0,0.0
2026-08-19T04:20:46.340307,100000.00,100000.00,0.0003,0,0.0
2026-08-19T04:21:47.559852,100000.00,100000.00,0.0003,0,0.0
2026-08-19T04:22:49.008356,100000.00,100000.00,0.0003,0,0.0
2026-08-19T04:23:50.352082,100000.00,100000.00,0.0003,0,0.0
2026-08-19T04:24:51.782596,100000.00,100000.00,0.0003,0,0.0
2026-08-19T04:25:53.241498,100000.00,100000.00,0.0003,0,0.0
2026-08-19T04:26:54.471626,100000.00,100000.00,0.0003,0,0.0
2026-08-19T04:27:55.794469,100000.00,100000.00,0.0003,0,0.0
2026-08-19T04:28:57.031816,100000.00,100000.00,0.0003,0,0.0
2026-08-19T04:29:58.270323,100000.00,100000.00,0.0003,0,0.0
2026-08-19T04:30:59.538771,100000.00,100000.00,0.0003,0,0.0
2026-08-19T04:32:00.838987,100000.00,100000.00,0.0004,0,0.0
2026-08-19T04:33:02.285331,100000.00,100000.00,0.0004,0,0.0
2026-08-19T04:34:03.469129,100000.00,100000.00,0.0004,0,0.0
2026-08-19T04:35:04.638780,100000.00,100000.00,0.0003,0,0.0
2026-08-19T04:36:05.946653,100000.00,100000.00,0.0003,0,0.0
2026-08-19T04:37:07.332428,100000.00,100000.00,0.0003,0,0.0
2026-08-19T04:38:08.673509,100000.00,100000.00,0.0003,0,0.0
2026-08-19T04:39:09.903556,100000.00,100000.00,0.0003,0,0.0
2026-08-19T04:40:11.249342,100000.00,100000.00,0.0003,0,0.0
2026-08-19T04:41:12.579357,100000.00,100000.00,0.0003,0,0.0
2026-08-19T04:42:13.815559,100000.00,100000.00,0.0003,0,0.0
2026-08-19T04:43:15.054094,100000.00,100000.00,0.0004,0,0.0
2026-08-19T04:44:16.398691,100000.00,100000.00,0.0004,0,0.0
2026-08-19T04:45:17.832025,100000.00,100000.00,0.0003,0,0.0
2026-08-19T04:46:19.072639,100000.00,100000.00,0.0003,0,0.0
2026-08-19T04:47:20.406931,100000.00,100000.00,0.0003,0,0.0
2026-08-19T04:48:21.751669,100000.00,100000.00,0.0003,0,0.0
2026-08-19T04:49:22.982371,100000.00,100000.00,0.0003,0,0.0
2026-08-19T04:50:24.315509,100000.00,100000.00,0.0004,0,0.0
2026-08-19T04:51:25.548398,100000.00,100000.00,0.0004,0,0.0
2026-08-19T04:52:26.899697,100000.00,100000.00,0.0004,0,0.0
2026-08-19T04:53:28.126240,100000.00,100000.00,0.0004,0,0.0
2026-08-19T04:54:29.372188,100000.00,100000.00,0.0004,0,0.0
2026-08-19T04:55:30.705017,100000.00,100000.00,0.0004,0,0.0
2026-08-19T04:56:31.955316,100000.00,100000.00,0.0004,0,0.0
2026-08-19T04:57:33.275518,100000.00,100000.00,0.0004,0,0.0
2026-08-19T04:58:34.466029,100000.00,100000.00,0.0004,0,0.0
2026-08-19T04:59:35.661927,100000.00,100000.00,0.0004,0,0.0
2026-08-19T05:00:36.877487,100000.00,100000.00,0.0004,0,0.0
2026-08-19T05:01:38.213764,100000.00,100000.00,0.0004,0,0.0
2026-08-19T05:02:39.494791,100000.00,100000.00,0.0004,0,0.0
2026-08-19T05:03:40.899325,100000.00,100000.00,0.0004,0,0.0
2026-08-19T05:04:42.230638,100000.00,100000.00,0.0003,0,0.0
2026-08-19T05:05:43.469627,100000.00,100000.00,0.0003,0,0.0
2026-08-19T05:06:44.805069,100000.00,100000.00,0.0003,0,0.0
2026-08-19T05:07:46.252529,100000.00,100000.00,0.0003,0,0.0
2026-08-19T05:08:47.480702,100000.00,100000.00,0.0003,0,0.0
2026-08-19T05:09:48.924483,100000.00,100000.00,0.0003,0,0.0
2026-08-19T05:10:50.269267,100000.00,100000.00,0.0003,0,0.0
2026-08-19T05:11:51.605585,100000.00,100000.00,0.0003,0,0.0
2026-08-19T05:12:52.936962,100000.00,100000.00,0.0003,0,0.0
2026-08-19T05:13:54.283516,100000.00,100000.00,0.0003,0,0.0
2026-08-19T05:14:55.611508,100000.00,100000.00,0.0003,0,0.0
2026-08-19T05:15:57.157188,100000.00,100000.00,0.0003,0,0.0
2026-08-19T05:16:58.493295,100000.00,100000.00,0.0003,0,0.0
2026-08-19T05:17:59.736588,100000.00,100000.00,0.0003,0,0.0
2026-08-19T05:19:01.072323,100000.00,100000.00,0.0003,0,0.0
2026-08-19T05:20:02.353011,100000.00,100000.00,0.0004,0,0.0
2026-08-19T05:21:03.645865,100000.00,100000.00,0.0004,0,0.0
2026-08-19T05:22:04.880706,100000.00,100000.00,0.0003,0,0.0
2026-08-19T05:23:06.091709,100000.00,100000.00,0.0004,0,0.0
2026-08-19T05:24:07.232190,100000.00,100000.00,0.0004,0,0.0
2026-08-19T05:25:08.423387,100000.00,100000.00,0.0004,0,0.0
2026-08-19T05:26:09.823875,100000.00,100000.00,0.0004,0,0.0
2026-08-19T05:27:11.122010,100000.00,100000.00,0.0003,0,0.0
2026-08-19T05:28:12.601003,100000.00,100000.00,0.0003,0,0.0
2026-08-19T05:29:13.837958,100000.00,100000.00,0.0003,0,0.0
2026-08-19T05:30:15.316781,100000.00,100000.00,0.0003,0,0.0
2026-08-19T05:31:16.614718,100000.00,100000.00,0.0003,0,0.0
2026-08-19T05:32:18.771756,100000.00,100000.00,0.0003,0,0.0
2026-08-19T05:33:20.982036,100000.00,100000.00,0.0003,0,0.0
2026-08-19T05:34:22.660283,100000.00,100000.00,0.0003,0,0.0
2026-08-19T05:35:24.423947,100000.00,100000.00,0.0003,0,0.0
2026-08-19T05:36:25.727056,100000.00,100000.00,0.0003,0,0.0
2026-08-19T05:37:30.272359,100000.00,100000.00,0.0003,0,0.0
2026-08-19T05:38:32.368451,100000.00,100000.00,0.0004,0,0.0
2026-08-19T05:39:33.666417,100000.00,100000.00,0.0003,0,0.0
2026-08-19T05:40:34.907263,100000.00,100000.00,0.0003,0,0.0
2026-08-19T05:41:36.456101,100000.00,100000.00,0.0003,0,0.0
2026-08-19T05:42:37.895160,100000.00,100000.00,0.0004,0,0.0
2026-08-19T05:43:39.124553,100000.00,100000.00,0.0004,0,0.0
2026-08-19T05:44:40.589048,100000.00,100000.00,0.0004,0,0.0
2026-08-19T05:45:42.055668,100000.00,100000.00,0.0004,0,0.0
2026-08-19T05:46:43.775003,100000.00,100000.00,0.0004,0,0.0
2026-08-19T05:47:45.234277,100000.00,100000.00,0.0004,0,0.0
2026-08-19T05:48:47.515035,100000.00,100000.00,0.0004,0,0.0
2026-08-19T05:49:49.676226,100000.00,100000.00,0.0004,0,0.0
2026-08-19T05:50:51.262363,100000.00,100000.00,0.0004,0,0.0
2026-08-19T05:51:53.726188,100000.00,100000.00,0.0004,0,0.0
2026-08-19T05:52:55.595389,100000.00,100000.00,0.0004,0,0.0
2026-08-19T05:53:57.055361,100000.00,100000.00,0.0004,0,0.0
2026-08-19T05:54:58.560249,100000.00,100000.00,0.0004,0,0.0
2026-08-19T05:56:00.028487,100000.00,100000.00,0.0004,0,0.0
2026-08-19T05:57:01.468502,100000.00,100000.00,0.0004,0,0.0
2026-08-19T05:58:02.778691,100000.00,100000.00,0.0004,0,0.0
2026-08-19T05:59:04.150032,100000.00,100000.00,0.0004,0,0.0
2026-08-19T06:00:05.447793,100000.00,100000.00,0.0004,0,0.0
2026-08-19T06:01:07.004426,100000.00,100000.00,0.0004,0,0.0
2026-08-19T06:02:08.399309,100000.00,100000.00,0.0004,0,0.0
2026-08-19T06:03:10.105129,100000.00,100000.00,0.0004,0,0.0
2026-08-19T06:04:11.769921,100000.00,100000.00,0.0005,0,0.0
2026-08-19T06:05:13.659436,100000.00,100000.00,0.0005,0,0.0
2026-08-19T06:06:14.982765,100000.00,100000.00,0.0004,0,0.0
2026-08-19T06:07:16.422584,100000.00,100000.00,0.0005,0,0.0
2026-08-19T06:08:17.802099,100000.00,100000.00,0.0005,0,0.0
2026-08-19T06:09:18.950927,100000.00,100000.00,0.0005,0,0.0
2026-08-19T06:10:20.681270,100000.00,100000.00,0.0005,0,0.0
2026-08-19T06:11:22.734950,100000.00,100000.00,0.0005,0,0.0
2026-08-19T06:12:24.074440,100000.00,100000.00,0.0005,0,0.0
2026-08-19T06:13:25.379937,100000.00,100000.00,0.0005,0,0.0
2026-08-19T06:14:26.490168,100000.00,100000.00,0.0005,0,0.0
2026-08-19T06:15:27.797923,100000.00,100000.00,0.0005,0,0.0
2026-08-19T06:16:28.970692,100000.00,100000.00,0.0005,0,0.0
2026-08-19T06:17:30.239539,100000.00,100000.00,0.0004,0,0.0
2026-08-19T06:18:31.521718,100000.00,100000.00,0.0004,0,0.0
2026-08-19T06:19:32.930343,100000.00,100000.00,0.0004,0,0.0
2026-08-19T06:20:34.108816,100000.00,100000.00,0.0004,0,0.0
2026-08-19T06:21:35.405112,100000.00,100000.00,0.0004,0,0.0
2026-08-19T06:22:36.780598,100000.00,100000.00,0.0004,0,0.0
2026-08-19T06:23:38.115240,100000.00,100000.00,0.0004,0,0.0
2026-08-19T06:24:39.433535,100000.00,100000.00,0.0004,0,0.0
2026-08-19T06:25:40.760096,100000.00,100000.00,0.0004,0,0.0
2026-08-19T06:26:42.374464,100000.00,100000.00,0.0004,0,0.0
2026-08-19T06:27:43.641858,100000.00,100000.00,0.0004,0,0.0
2026-08-19T06:28:44.979859,100000.00,100000.00,0.0004,0,0.0
2026-08-19T06:29:46.294931,100000.00,100000.00,0.0004,0,0.0
2026-08-19T06:30:47.554589,100000.00,100000.00,0.0004,0,0.0
2026-08-19T06:31:48.935209,100000.00,100000.00,0.0004,0,0.0
2026-08-19T06:32:50.130386,100000.00,100000.00,0.0004,0,0.0
2026-08-19T06:33:51.160885,100000.00,100000.00,0.0004,0,0.0
2026-08-19T06:34:52.192825,100000.00,100000.00,0.0004,0,0.0
2026-08-19T06:35:53.328213,100000.00,100000.00,0.0004,0,0.0
2026-08-19T06:36:54.494190,100000.00,100000.00,0.0004,0,0.0
2026-08-19T06:37:55.591505,100000.00,100000.00,0.0004,0,0.0
2026-08-19T06:38:56.625629,100000.00,100000.00,0.0004,0,0.0
2026-08-19T06:39:57.766458,100000.00,100000.00,0.0004,0,0.0
2026-08-19T06:40:58.795743,100000.00,100000.00,0.0004,0,0.0
2026-08-19T06:41:59.963104,100000.00,100000.00,0.0004,0,0.0
2026-08-19T06:43:00.953508,100000.00,100000.00,0.0004,0,0.0
2026-08-19T06:44:01.983194,100000.00,100000.00,0.0004,0,0.0
2026-08-19T06:45:03.124498,100000.00,100000.00,0.0004,0,0.0
2026-08-19T06:46:04.284616,100000.00,100000.00,0.0004,0,0.0
2026-08-19T06:47:05.462344,100000.00,100000.00,0.0004,0,0.0
2026-08-19T06:48:06.605358,100000.00,100000.00,0.0004,0,0.0
2026-08-19T06:49:07.787518,100000.00,100000.00,0.0003,0,0.0
2026-08-19T06:50:08.887280,100000.00,100000.00,0.0003,0,0.0
2026-08-19T06:51:10.120153,100000.00,100000.00,0.0003,0,0.0
2026-08-19T06:52:11.075869,100000.00,100000.00,0.0003,0,0.0
2026-08-19T06:53:12.084805,100000.00,100000.00,0.0003,0,0.0
2026-08-19T06:54:13.137878,100000.00,100000.00,0.0003,0,0.0
2026-08-19T06:55:14.255886,100000.00,100000.00,0.0003,0,0.0
2026-08-19T06:56:15.295900,100000.00,100000.00,0.0003,0,0.0
2026-08-19T06:57:16.516960,100000.00,100000.00,0.0003,0,0.0
2026-08-19T06:58:17.709878,100000.00,100000.00,0.0003,0,0.0
2026-08-19T06:59:18.887990,100000.00,100000.00,0.0003,0,0.0
2026-08-19T07:00:20.176008,100000.00,100000.00,0.0003,0,0.0
2026-08-19T07:01:21.153022,100000.00,100000.00,0.0003,0,0.0
2026-08-19T07:02:22.287905,100000.00,100000.00,0.0003,0,0.0
2026-08-19T07:03:23.423339,100000.00,100000.00,0.0003,0,0.0
2026-08-19T07:04:24.553721,100000.00,100000.00,0.0003,0,0.0
2026-08-19T07:05:25.688781,100000.00,100000.00,0.0003,0,0.0
2026-08-19T07:06:26.877348,100000.00,100000.00,0.0003,0,0.0
2026-08-19T07:07:27.958209,100000.00,100000.00,0.0003,0,0.0
2026-08-19T07:08:29.191006,100000.00,100000.00,0.0003,0,0.0
2026-08-19T07:09:30.426846,100000.00,100000.00,0.0003,0,0.0
2026-08-19T07:10:31.397085,100000.00,100000.00,0.0003,0,0.0
2026-08-19T07:11:32.405245,100000.00,100000.00,0.0002,0,0.0
2026-08-19T07:12:33.531512,100000.00,100000.00,0.0002,0,0.0
2026-08-19T07:13:34.688648,100000.00,100000.00,0.0002,0,0.0
2026-08-19T07:14:35.798702,100000.00,100000.00,0.0002,0,0.0
2026-08-19T07:15:36.967408,100000.00,100000.00,0.0002,0,0.0
2026-08-19T07:16:38.041434,100000.00,100000.00,0.0002,0,0.0
2026-08-19T07:17:39.268366,100000.00,100000.00,0.0003,0,0.0
2026-08-19T07:18:40.447262,100000.00,100000.00,0.0003,0,0.0
2026-08-19T07:19:41.647453,100000.00,100000.00,0.0003,0,0.0
2026-08-19T07:20:42.795588,100000.00,100000.00,0.0003,0,0.0
2026-08-19T07:21:43.928919,100000.00,100000.00,0.0003,0,0.0
2026-08-19T07:22:44.959426,100000.00,100000.00,0.0002,0,0.0
2026-08-19T07:23:46.148931,100000.00,100000.00,0.0002,0,0.0
2026-08-19T07:24:47.342911,100000.00,100000.00,0.0002,0,0.0
2026-08-19T07:25:48.409382,100000.00,100000.00,0.0002,0,0.0
2026-08-19T07:26:49.548633,100000.00,100000.00,0.0002,0,0.0
2026-08-19T07:27:50.570783,100000.00,100000.00,0.0002,0,0.0
2026-08-19T07:28:51.804317,100000.00,100000.00,0.0002,0,0.0
2026-08-19T07:29:53.359336,100000.00,100000.00,0.0003,0,0.0
2026-08-19T07:30:54.456089,100000.00,100000.00,0.0003,0,0.0
2026-08-19T07:31:55.587222,100000.00,100000.00,0.0003,0,0.0
2026-08-19T07:32:56.914504,100000.00,100000.00,0.0003,0,0.0
2026-08-19T07:33:58.052764,100000.00,100000.00,0.0002,0,0.0
2026-08-19T07:34:59.195194,100000.00,100000.00,0.0002,0,0.0
2026-08-19T07:36:00.314421,100000.00,100000.00,0.0002,0,0.0
2026-08-19T07:37:01.460723,100000.00,100000.00,0.0002,0,0.0
2026-08-19T07:38:02.468190,100000.00,100000.00,0.0002,0,0.0
2026-08-19T07:39:03.604335,100000.00,100000.00,0.0002,0,0.0
2026-08-19T07:40:05.003739,100000.00,100000.00,0.0002,0,0.0
2026-08-19T07:41:06.800257,100000.00,100000.00,0.0002,0,0.0
2026-08-19T07:42:07.982930,100000.00,100000.00,0.0002,0,0.0
2026-08-19T07:43:09.217755,100000.00,100000.00,0.0002,0,0.0
2026-08-19T07:44:10.426140,100000.00,100000.00,0.0002,0,0.0
2026-08-19T07:45:11.809889,100000.00,100000.00,0.0002,0,0.0
2026-08-19T07:46:13.188208,100000.00,100000.00,0.0002,0,0.0
2026-08-19T07:47:14.490054,100000.00,100000.00,0.0002,0,0.0
2026-08-19T07:48:15.773320,100000.00,100000.00,0.0002,0,0.0
2026-08-19T07:49:17.075972,100000.00,100000.00,0.0002,0,0.0
2026-08-19T07:50:18.440260,100000.00,100000.00,0.0002,0,0.0
2026-08-19T07:51:19.745638,100000.00,100000.00,0.0002,0,0.0
2026-08-19T07:52:20.796393,100000.00,100000.00,0.0002,0,0.0
2026-08-19T07:53:21.942714,100000.00,100000.00,0.0003,0,0.0
2026-08-19T07:54:23.331399,100000.00,100000.00,0.0003,0,0.0
2026-08-19T07:55:24.364067,100000.00,100000.00,0.0003,0,0.0
2026-08-19T07:56:25.533525,100000.00,100000.00,0.0003,0,0.0
2026-08-19T07:57:26.558933,100000.00,100000.00,0.0003,0,0.0
2026-08-19T07:58:27.589880,100000.00,100000.00,0.0003,0,0.0
2026-08-19T07:59:28.590633,100000.00,100000.00,0.0003,0,0.0
2026-08-19T08:00:29.903385,100000.00,100000.00,0.0003,0,0.0
2026-08-19T08:01:31.279232,100000.00,100000.00,0.0003,0,0.0
2026-08-19T08:02:32.423452,100000.00,100000.00,0.0003,0,0.0
2026-08-19T08:03:33.494796,100000.00,100000.00,0.0003,0,0.0
2026-08-19T08:04:34.998144,100000.00,100000.00,0.0003,0,0.0
2026-08-19T08:05:35.899722,100000.00,100000.00,0.0003,0,0.0
2026-08-19T08:06:36.893681,100000.00,100000.00,0.0003,0,0.0
2026-08-19T08:07:38.029686,100000.00,100000.00,0.0003,0,0.0
2026-08-19T08:08:39.388527,100000.00,100000.00,0.0003,0,0.0
2026-08-19T08:09:40.501549,100000.00,100000.00,0.0003,0,0.0
2026-08-19T08:10:42.145910,100000.00,100000.00,0.0003,0,0.0
2026-08-19T08:11:43.491367,100000.00,100000.00,0.0003,0,0.0
2026-08-19T08:12:45.275707,100000.00,100000.00,0.0003,0,0.0
2026-08-19T08:13:46.884664,100000.00,100000.00,0.0003,0,0.0
2026-08-19T08:14:48.134290,100000.00,100000.00,0.0003,0,0.0
2026-08-19T08:15:49.463718,100000.00,100000.00,0.0003,0,0.0
2026-08-19T08:16:51.000712,100000.00,100000.00,0.0003,0,0.0
2026-08-19T08:17:52.622893,100000.00,100000.00,0.0003,0,0.0
2026-08-19T08:18:54.293650,100000.00,100000.00,0.0003,0,0.0
2026-08-19T08:19:55.963777,100000.00,100000.00,0.0003,0,0.0
2026-08-19T08:20:57.617075,100000.00,100000.00,0.0003,0,0.0
2026-08-19T08:21:59.133456,100000.00,100000.00,0.0003,0,0.0
2026-08-19T08:23:00.586682,100000.00,100000.00,0.0003,0,0.0
2026-08-19T08:24:02.006334,100000.00,100000.00,0.0003,0,0.0
2026-08-19T08:25:03.399012,100000.00,100000.00,0.0003,0,0.0
2026-08-19T08:26:04.807080,100000.00,100000.00,0.0003,0,0.0
2026-08-19T08:27:06.323013,100000.00,100000.00,0.0003,0,0.0
2026-08-19T08:28:07.774060,100000.00,100000.00,0.0003,0,0.0
2026-08-19T08:29:08.999403,100000.00,100000.00,0.0003,0,0.0
2026-08-19T08:30:10.149948,100000.00,100000.00,0.0003,0,0.0
2026-08-19T08:31:11.324744,100000.00,100000.00,0.0003,0,0.0
2026-08-19T08:32:12.521545,100000.00,100000.00,0.0002,0,0.0
2026-08-19T08:33:13.649075,100000.00,100000.00,0.0002,0,0.0
2026-08-19T08:34:14.759794,100000.00,100000.00,0.0002,0,0.0
2026-08-19T08:35:15.903948,100000.00,100000.00,0.0002,0,0.0
2026-08-19T08:36:16.930481,100000.00,100000.00,0.0002,0,0.0
2026-08-19T08:37:17.998140,100000.00,100000.00,0.0002,0,0.0
2026-08-19T08:38:19.242803,100000.00,100000.00,0.0002,0,0.0
2026-08-19T08:39:20.389685,100000.00,100000.00,0.0000,0,0.0
2026-08-19T08:40:21.554238,100000.00,100000.00,0.0001,0,0.0
2026-08-19T08:41:22.619447,100000.00,100000.00,0.0001,0,0.0
2026-08-19T08:42:23.747076,100000.00,100000.00,0.0001,0,0.0
2026-08-19T08:43:24.963617,100000.00,100000.00,0.0001,0,0.0
2026-08-19T08:44:26.085654,100000.00,100000.00,0.0001,0,0.0
2026-08-19T08:45:27.145665,100000.00,100000.00,0.0001,0,0.0
2026-08-19T08:46:28.325763,100000.00,100000.00,0.0001,0,0.0
2026-08-19T08:47:29.311621,100000.00,100000.00,0.0001,0,0.0
2026-08-19T08:48:30.373974,100000.00,100000.00,0.0001,0,0.0
2026-08-19T08:49:31.477814,100000.00,100000.00,0.0001,0,0.0
2026-08-19T08:50:32.712294,100000.00,100000.00,0.0001,0,0.0
2026-08-19T08:51:33.848754,100000.00,100000.00,0.0001,0,0.0
2026-08-19T08:52:34.997774,100000.00,100000.00,0.0001,0,0.0
2026-08-19T08:53:36.011335,100000.00,100000.00,0.0001,0,0.0
2026-08-19T08:54:37.145344,100000.00,100000.00,0.0001,0,0.0
2026-08-19T08:55:38.176759,100000.00,100000.00,0.0001,0,0.0
2026-08-19T08:56:39.219033,100000.00,100000.00,0.0001,0,0.0
2026-08-19T08:57:40.189216,100000.00,100000.00,0.0002,0,0.0
2026-08-19T08:58:41.270269,100000.00,100000.00,0.0002,0,0.0
2026-08-19T08:59:42.457665,100000.00,100000.00,0.0002,0,0.0
2026-08-19T09:00:43.559618,100000.00,100000.00,0.0002,0,0.0
2026-08-19T09:01:44.673665,100000.00,100000.00,0.0001,0,0.0
2026-08-19T09:02:45.750970,100000.00,100000.00,0.0001,0,0.0
2026-08-19T09:03:46.941208,100000.00,100000.00,0.0001,0,0.0
2026-08-19T09:04:48.077950,100000.00,100000.00,0.0001,0,0.0
2026-08-19T09:05:49.211896,100000.00,100000.00,0.0001,0,0.0
2026-08-19T09:06:50.347734,100000.00,100000.00,0.0002,0,0.0
2026-08-19T09:07:51.585076,100000.00,100000.00,0.0001,0,0.0
2026-08-19T09:08:52.819156,100000.00,100000.00,0.0002,0,0.0
2026-08-19T09:09:53.958751,100000.00,100000.00,0.0002,0,0.0
2026-08-19T09:10:55.186048,100000.00,100000.00,0.0001,0,0.0
2026-08-19T09:11:56.217183,100000.00,100000.00,0.0001,0,0.0
2026-08-19T09:12:57.459216,100000.00,100000.00,0.0001,0,0.0
2026-08-19T09:13:58.587487,100000.00,100000.00,0.0001,0,0.0
2026-08-19T09:14:59.715828,100000.00,100000.00,0.0002,0,0.0
2026-08-19T09:16:00.855602,100000.00,100000.00,0.0002,0,0.0
2026-08-19T09:17:01.956408,100000.00,100000.00,0.0002,0,0.0
2026-08-19T09:18:03.122915,100000.00,100000.00,0.0002,0,0.0
2026-08-19T09:19:04.216674,100000.00,100000.00,0.0001,0,0.0
2026-08-19T09:20:05.287313,100000.00,100000.00,0.0001,0,0.0
2026-08-19T09:21:06.315695,100000.00,100000.00,0.0001,0,0.0
2026-08-19T09:22:07.627752,100000.00,100000.00,0.0001,0,0.0
2026-08-19T09:23:08.791010,100000.00,100000.00,0.0002,0,0.0
2026-08-19T09:24:09.822760,100000.00,100000.00,0.0002,0,0.0
2026-08-19T09:25:10.808359,100000.00,100000.00,0.0002,0,0.0
2026-08-19T09:26:11.874231,100000.00,100000.00,0.0002,0,0.0
2026-08-19T09:27:12.917486,100000.00,100000.00,0.0002,0,0.0
2026-08-19T09:28:14.051246,100000.00,100000.00,0.0002,0,0.0
2026-08-19T09:29:15.185617,100000.00,100000.00,0.0002,0,0.0
2026-08-19T09:30:16.318497,100000.00,100000.00,0.0002,0,0.0
2026-08-19T09:31:17.350477,100000.00,100000.00,0.0002,0,0.0
2026-08-19T09:32:18.485858,100000.00,100000.00,0.0002,0,0.0
2026-08-19T09:33:19.454567,100000.00,100000.00,0.0002,0,0.0
2026-08-19T09:34:20.445660,100000.00,100000.00,0.0002,0,0.0
2026-08-19T09:35:21.578719,100000.00,100000.00,0.0002,0,0.0
2026-08-19T09:36:22.610205,100000.00,100000.00,0.0002,0,0.0
2026-08-19T09:37:23.536793,100000.00,100000.00,0.0002,0,0.0
2026-08-19T09:38:24.751312,100000.00,100000.00,0.0002,0,0.0
2026-08-19T09:39:25.809566,100000.00,100000.00,0.0002,0,0.0
2026-08-19T09:40:26.941899,100000.00,100000.00,0.0002,0,0.0
2026-08-19T09:41:27.972360,100000.00,100000.00,0.0002,0,0.0
2026-08-19T09:42:29.004402,100000.00,100000.00,0.0002,0,0.0
2026-08-19T09:43:29.954270,100000.00,100000.00,0.0002,0,0.0
2026-08-19T09:44:30.934433,100000.00,100000.00,0.0002,0,0.0
2026-08-19T09:45:31.995253,100000.00,100000.00,0.0002,0,0.0
2026-08-19T09:46:33.025388,100000.00,100000.00,0.0002,0,0.0
2026-08-19T09:47:34.135568,100000.00,100000.00,0.0002,0,0.0
2026-08-19T09:48:35.146200,100000.00,100000.00,0.0002,0,0.0
2026-08-19T09:49:36.206431,100000.00,100000.00,0.0002,0,0.0
2026-08-19T09:50:37.153426,100000.00,100000.00,0.0002,0,0.0
2026-08-19T09:51:38.327330,100000.00,100000.00,0.0002,0,0.0
2026-08-19T09:52:39.320272,100000.00,100000.00,0.0002,0,0.0
2026-08-19T09:53:40.373899,100000.00,100000.00,0.0002,0,0.0
2026-08-19T09:54:41.415856,100000.00,100000.00,0.0002,0,0.0
2026-08-19T09:55:42.415617,100000.00,100000.00,0.0002,0,0.0
2026-08-19T09:56:43.388862,100000.00,100000.00,0.0002,0,0.0
2026-08-19T09:57:44.581734,100000.00,100000.00,0.0002,0,0.0
2026-08-19T09:58:45.559256,100000.00,100000.00,0.0002,0,0.0
2026-08-19T09:59:46.846999,100000.00,100000.00,0.0002,0,0.0
2026-08-19T10:00:47.980314,100000.00,100000.00,0.0002,0,0.0
2026-08-19T10:01:49.181476,100000.00,100000.00,0.0002,0,0.0
2026-08-19T10:02:50.310686,100000.00,100000.00,0.0002,0,0.0
2026-08-19T10:03:51.288250,100000.00,100000.00,0.0002,0,0.0
2026-08-19T10:04:52.311194,100000.00,100000.00,0.0002,0,0.0
2026-08-19T10:05:53.411811,100000.00,100000.00,0.0002,0,0.0
2026-08-19T10:06:54.578976,100000.00,100000.00,0.0002,0,0.0
2026-08-19T10:07:55.610353,100000.00,100000.00,0.0002,0,0.0
2026-08-19T10:08:56.682388,100000.00,100000.00,0.0002,0,0.0
2026-08-19T10:09:57.775439,100000.00,100000.00,0.0002,0,0.0
2026-08-19T10:10:58.820543,100000.00,100000.00,0.0002,0,0.0
2026-08-19T10:11:59.944703,100000.00,100000.00,0.0002,0,0.0
2026-08-19T10:13:01.078070,100000.00,100000.00,0.0002,0,0.0
2026-08-19T10:14:02.110251,100000.00,100000.00,0.0002,0,0.0
2026-08-19T10:15:03.135548,100000.00,100000.00,0.0002,0,0.0
2026-08-19T10:16:04.175256,100000.00,100000.00,0.0002,0,0.0
2026-08-19T10:17:05.255063,100000.00,100000.00,0.0002,0,0.0
2026-08-19T10:18:06.401372,100000.00,100000.00,0.0002,0,0.0
2026-08-19T10:19:07.482594,100000.00,100000.00,0.0002,0,0.0
2026-08-19T10:20:08.702228,100000.00,100000.00,0.0002,0,0.0
2026-08-19T10:21:09.939429,100000.00,100000.00,0.0002,0,0.0
2026-08-19T10:22:11.124282,100000.00,100000.00,0.0002,0,0.0
2026-08-19T10:23:12.097937,100000.00,100000.00,0.0002,0,0.0
2026-08-19T10:24:13.097719,100000.00,100000.00,0.0002,0,0.0
2026-08-19T10:25:14.178263,100000.00,100000.00,0.0002,0,0.0
2026-08-19T10:26:15.268395,100000.00,100000.00,0.0003,0,0.0
2026-08-19T10:27:16.318613,100000.00,100000.00,0.0003,0,0.0
2026-08-19T10:28:17.474241,100000.00,100000.00,0.0003,0,0.0
2026-08-19T10:29:18.589339,100000.00,100000.00,0.0002,0,0.0
2026-08-19T10:30:19.737049,100000.00,100000.00,0.0002,0,0.0
2026-08-19T10:31:20.871433,100000.00,100000.00,0.0002,0,0.0
2026-08-19T10:32:22.021513,100000.00,100000.00,0.0002,0,0.0
2026-08-19T10:33:23.036292,100000.00,100000.00,0.0002,0,0.0
2026-08-19T10:34:24.272077,100000.00,100000.00,0.0002,0,0.0
2026-08-19T10:35:25.272239,100000.00,100000.00,0.0002,0,0.0
2026-08-19T10:36:26.335021,100000.00,100000.00,0.0002,0,0.0
2026-08-19T10:37:27.366032,100000.00,100000.00,0.0002,0,0.0
2026-08-19T10:38:28.502826,100000.00,100000.00,0.0002,0,0.0
2026-08-19T10:39:29.586095,100000.00,100000.00,0.0002,0,0.0
2026-08-19T10:40:30.972698,100000.00,100000.00,0.0002,0,0.0
2026-08-19T10:41:32.004332,100000.00,100000.00,0.0002,0,0.0
2026-08-19T10:42:32.933719,100000.00,100000.00,0.0002,0,0.0
2026-08-19T10:43:33.883413,100000.00,100000.00,0.0002,0,0.0
2026-08-19T10:44:34.996967,100000.00,100000.00,0.0002,0,0.0
2026-08-19T10:45:36.052222,100000.00,100000.00,0.0002,0,0.0
2026-08-19T10:46:37.037963,100000.00,100000.00,0.0002,0,0.0
2026-08-19T10:47:38.193477,100000.00,100000.00,0.0002,0,0.0
2026-08-19T10:48:39.326756,100000.00,100000.00,0.0002,0,0.0
2026-08-19T10:49:40.358111,100000.00,100000.00,0.0002,0,0.0
2026-08-19T10:50:41.495212,100000.00,100000.00,0.0002,0,0.0
2026-08-19T10:51:42.730546,100000.00,100000.00,0.0002,0,0.0
2026-08-19T10:52:43.759478,100000.00,100000.00,0.0002,0,0.0
2026-08-19T10:53:44.793765,100000.00,100000.00,0.0002,0,0.0
2026-08-19T10:54:45.877415,100000.00,100000.00,0.0002,0,0.0
2026-08-19T10:55:46.984643,100000.00,100000.00,0.0002,0,0.0
2026-08-19T10:56:48.090797,100000.00,100000.00,0.0002,0,0.0
2026-08-19T10:57:49.225239,100000.00,100000.00,0.0002,0,0.0
2026-08-19T10:58:50.255636,100000.00,100000.00,0.0002,0,0.0
2026-08-19T10:59:51.367837,100000.00,100000.00,0.0002,0,0.0
2026-08-19T11:00:52.398313,100000.00,100000.00,0.0002,0,0.0
2026-08-19T11:01:53.452276,100000.00,100000.00,0.0002,0,0.0
2026-08-19T11:02:54.483004,100000.00,100000.00,0.0002,0,0.0
2026-08-19T11:03:55.514722,100000.00,100000.00,0.0001,0,0.0
2026-08-19T11:04:56.649294,100000.00,100000.00,0.0001,0,0.0
2026-08-19T11:05:57.740574,100000.00,100000.00,0.0001,0,0.0
2026-08-19T11:06:58.914458,100000.00,100000.00,0.0001,0,0.0
2026-08-19T11:08:00.037391,100000.00,100000.00,0.0001,0,0.0
2026-08-19T11:09:01.184346,100000.00,100000.00,0.0001,0,0.0
2026-08-19T11:10:02.314904,100000.00,100000.00,0.0001,0,0.0
2026-08-19T11:11:03.451380,100000.00,100000.00,0.0001,0,0.0
2026-08-19T11:12:04.531293,100000.00,100000.00,0.0001,0,0.0
2026-08-19T11:13:05.551711,100000.00,100000.00,0.0001,0,0.0
2026-08-19T11:14:06.601575,100000.00,100000.00,0.0001,0,0.0
2026-08-19T11:15:07.651946,100000.00,100000.00,0.0001,0,0.0
2026-08-19T11:16:08.732199,100000.00,100000.00,0.0001,0,0.0
2026-08-19T11:17:09.949123,100000.00,100000.00,0.0001,0,0.0
2026-08-19T11:18:10.981264,100000.00,100000.00,0.0001,0,0.0
2026-08-19T11:19:12.115052,100000.00,100000.00,0.0001,0,0.0
2026-08-19T11:20:13.144159,100000.00,100000.00,0.0001,0,0.0
2026-08-19T11:21:14.393081,100000.00,100000.00,0.0001,0,0.0
2026-08-19T11:22:15.416450,100000.00,100000.00,0.0001,0,0.0
2026-08-19T11:23:16.544981,100000.00,100000.00,0.0001,0,0.0
2026-08-19T11:24:17.684130,100000.00,100000.00,0.0001,0,0.0
2026-08-19T11:25:18.854676,100000.00,100000.00,0.0001,0,0.0
2026-08-19T11:26:20.049712,100000.00,100000.00,0.0001,0,0.0
2026-08-19T11:27:21.183221,100000.00,100000.00,0.0001,0,0.0
2026-08-19T11:28:22.296156,100000.00,100000.00,0.0001,0,0.0
2026-08-19T11:29:23.316038,100000.00,100000.00,0.0001,0,0.0
2026-08-19T11:30:24.346236,100000.00,100000.00,0.0001,0,0.0
2026-08-19T11:31:25.306497,100000.00,100000.00,0.0001,0,0.0
2026-08-19T11:32:26.286810,100000.00,100000.00,0.0001,0,0.0
2026-08-19T11:33:27.387234,100000.00,100000.00,0.0001,0,0.0
2026-08-19T11:34:28.407558,100000.00,100000.00,0.0001,0,0.0
2026-08-19T11:35:29.584910,100000.00,100000.00,0.0001,0,0.0
2026-08-19T11:36:30.669902,100000.00,100000.00,0.0001,0,0.0
2026-08-19T11:37:31.797442,100000.00,100000.00,0.0001,0,0.0
2026-08-19T11:38:32.938353,100000.00,100000.00,0.0001,0,0.0
2026-08-19T11:39:33.950990,100000.00,100000.00,0.0001,0,0.0
2026-08-19T11:40:35.103108,100000.00,100000.00,0.0001,0,0.0
2026-08-19T11:41:36.309171,100000.00,100000.00,0.0001,0,0.0
2026-08-19T11:42:37.268122,100000.00,100000.00,0.0001,0,0.0
2026-08-19T11:43:38.400922,100000.00,100000.00,0.0001,0,0.0
2026-08-19T11:44:39.533186,100000.00,100000.00,0.0001,0,0.0
2026-08-19T11:45:40.569012,100000.00,100000.00,0.0001,0,0.0
2026-08-19T11:46:41.708889,100000.00,100000.00,0.0001,0,0.0
2026-08-19T11:47:42.936688,100000.00,100000.00,0.0001,0,0.0
2026-08-19T11:48:44.120400,100000.00,100000.00,0.0001,0,0.0
2026-08-19T11:49:45.205808,100000.00,100000.00,0.0001,0,0.0
2026-08-19T11:50:46.336829,100000.00,100000.00,0.0001,0,0.0
2026-08-19T11:51:47.471733,100000.00,100000.00,0.0001,0,0.0
2026-08-19T11:52:48.498658,100000.00,100000.00,0.0001,0,0.0
2026-08-19T11:53:49.579634,100000.00,100000.00,0.0001,0,0.0
2026-08-19T11:54:50.998353,100000.00,100000.00,0.0001,0,0.0
2026-08-19T11:55:51.968888,100000.00,100000.00,0.0001,0,0.0
2026-08-19T11:56:53.188784,100000.00,100000.00,0.0001,0,0.0
2026-08-19T11:57:54.196581,100000.00,100000.00,0.0001,0,0.0
2026-08-19T11:58:55.303549,100000.00,100000.00,0.0001,0,0.0
2026-08-19T11:59:56.308232,100000.00,100000.00,0.0001,0,0.0
2026-08-19T12:00:57.317795,100000.00,100000.00,0.0001,0,0.0
2026-08-19T12:01:58.637928,100000.00,100000.00,0.0001,0,0.0
2026-08-19T12:02:59.777189,100000.00,100000.00,0.0001,0,0.0
2026-08-19T12:04:00.916274,100000.00,100000.00,0.0001,0,0.0
2026-08-19T12:05:01.914762,100000.00,100000.00,0.0001,0,0.0
2026-08-19T12:06:03.136387,100000.00,100000.00,0.0001,0,0.0
2026-08-19T12:07:04.551947,100000.00,100000.00,0.0001,0,0.0
2026-08-19T12:08:05.615722,100000.00,100000.00,0.0001,0,0.0
2026-08-19T12:09:06.737294,100000.00,100000.00,0.0001,0,0.0
2026-08-19T12:10:07.770226,100000.00,100000.00,0.0001,0,0.0
2026-08-19T12:11:08.899267,100000.00,100000.00,0.0001,0,0.0
2026-08-19T12:12:09.932669,100000.00,100000.00,0.0001,0,0.0
2026-08-19T12:13:11.065334,100000.00,100000.00,0.0001,0,0.0
2026-08-19T12:14:12.199249,100000.00,100000.00,0.0001,0,0.0
2026-08-19T12:15:13.335600,100000.00,100000.00,0.0001,0,0.0
2026-08-19T12:16:14.368369,100000.00,100000.00,0.0001,0,0.0
2026-08-19T12:17:15.396252,100000.00,100000.00,0.0001,0,0.0
2026-08-19T12:18:16.528245,100000.00,100000.00,0.0001,0,0.0
2026-08-19T12:19:17.662304,100000.00,100000.00,0.0001,0,0.0
2026-08-19T12:20:19.000376,100000.00,100000.00,0.0001,0,0.0
2026-08-19T12:21:20.030930,100000.00,100000.00,0.0001,0,0.0
2026-08-19T12:22:21.062058,100000.00,100000.00,0.0001,0,0.0
2026-08-19T12:23:22.014912,100000.00,100000.00,0.0001,0,0.0
2026-08-19T12:24:23.021545,100000.00,100000.00,0.0001,0,0.0
2026-08-19T12:25:24.156492,100000.00,100000.00,0.0001,0,0.0
2026-08-19T12:26:25.289570,100000.00,100000.00,0.0001,0,0.0
2026-08-19T12:27:26.295515,100000.00,100000.00,0.0001,0,0.0
2026-08-19T12:28:27.351757,100000.00,100000.00,0.0001,0,0.0
2026-08-19T12:29:28.381199,100000.00,100000.00,0.0001,0,0.0
2026-08-19T12:30:29.419302,100000.00,100000.00,0.0001,0,0.0
2026-08-19T12:31:30.558317,100000.00,100000.00,0.0001,0,0.0
2026-08-19T12:32:31.695314,100000.00,100000.00,0.0001,0,0.0
2026-08-19T12:33:32.807003,100000.00,100000.00,0.0001,0,0.0
2026-08-19T12:34:33.847196,100000.00,100000.00,0.0000,0,0.0
2026-08-19T12:35:34.826187,100000.00,100000.00,0.0000,0,0.0
2026-08-19T12:36:35.908504,100000.00,100000.00,0.0000,0,0.0
2026-08-19T12:37:37.247421,100000.00,100000.00,0.0000,0,0.0
2026-08-19T12:38:38.585920,100000.00,100000.00,0.0000,0,0.0
2026-08-19T12:39:40.129047,100000.00,100000.00,0.0000,0,0.0
2026-08-19T12:40:41.261378,100000.00,100000.00,0.0000,0,0.0
2026-08-19T12:41:42.395367,100000.00,100000.00,0.0000,0,0.0
2026-08-19T12:42:43.565324,100000.00,100000.00,0.0000,0,0.0
2026-08-19T12:43:44.563698,100000.00,100000.00,0.0000,0,0.0
2026-08-19T12:44:45.679337,100000.00,100000.00,0.0000,0,0.0
2026-08-19T12:45:46.827744,100000.00,100000.00,0.0000,0,0.0
2026-08-19T12:46:47.962127,100000.00,100000.00,0.0000,0,0.0
2026-08-19T12:47:48.991181,100000.00,100000.00,0.0000,0,0.0
2026-08-19T12:48:50.246685,100000.00,100000.00,0.0000,0,0.0
2026-08-19T12:49:51.176175,100000.00,100000.00,0.0000,0,0.0
2026-08-19T12:50:52.233687,100000.00,100000.00,0.0001,0,0.0
2026-08-19T12:51:53.177306,100000.00,100000.00,0.0001,0,0.0
2026-08-19T12:52:54.113002,100000.00,100000.00,0.0001,0,0.0
2026-08-19T12:53:55.051030,100000.00,100000.00,0.0001,0,0.0
2026-08-19T12:54:56.007643,100000.00,100000.00,0.0002,0,0.0
2026-08-19T12:55:57.030482,100000.00,100000.00,0.0002,0,0.0
2026-08-19T12:56:58.067423,100000.00,100000.00,0.0002,0,0.0
2026-08-19T12:57:59.098464,100000.00,100000.00,0.0001,0,0.0
2026-08-19T12:59:00.133193,100000.00,100000.00,0.0001,0,0.0
2026-08-19T13:00:01.112417,100000.00,100000.00,0.0001,0,0.0
2026-08-19T13:01:02.084943,100000.00,100000.00,0.0002,0,0.0
2026-08-19T13:02:03.006859,100000.00,100000.00,0.0002,0,0.0
2026-08-19T13:03:03.881603,100000.00,100000.00,0.0002,0,0.0
2026-08-19T13:04:04.977006,100000.00,100000.00,0.0002,0,0.0
2026-08-19T13:05:06.117142,100000.00,100000.00,0.0002,0,0.0
2026-08-19T13:06:07.241077,100000.00,100000.00,0.0002,0,0.0
2026-08-19T13:07:08.252509,100000.00,100000.00,0.0002,0,0.0
2026-08-19T13:08:09.189732,100000.00,100000.00,0.0002,0,0.0
2026-08-19T13:09:10.339576,100000.00,100000.00,0.0001,0,0.0
2026-08-19T13:10:11.309767,100000.00,100000.00,0.0001,0,0.0
2026-08-19T13:11:12.498425,100000.00,100000.00,0.0001,0,0.0
2026-08-19T13:12:13.631546,100000.00,100000.00,0.0001,0,0.0
2026-08-19T13:13:14.802425,100000.00,100000.00,0.0001,0,0.0
2026-08-19T13:14:15.831955,100000.00,100000.00,0.0001,0,0.0
2026-08-19T13:15:16.914056,100000.00,100000.00,0.0001,0,0.0
2026-08-19T13:16:18.102600,100000.00,100000.00,0.0001,0,0.0
2026-08-19T13:17:19.201823,100000.00,100000.00,0.0001,0,0.0
2026-08-19T13:18:20.212400,100000.00,100000.00,0.0001,0,0.0
2026-08-19T13:19:21.158737,100000.00,100000.00,0.0001,0,0.0
2026-08-19T13:20:22.291377,100000.00,100000.00,0.0001,0,0.0
2026-08-19T13:21:23.433005,100000.00,100000.00,0.0001,0,0.0
2026-08-19T13:22:24.561348,100000.00,100000.00,0.0000,0,0.0
2026-08-19T13:23:25.694753,100000.00,100000.00,0.0001,0,0.0
2026-08-19T13:24:27.113150,100000.00,100000.00,0.0001,0,0.0
2026-08-19T13:25:28.065441,100000.00,100000.00,0.0001,0,0.0
2026-08-19T13:26:29.040008,100000.00,100000.00,0.0001,0,0.0
2026-08-19T13:27:30.272302,100000.00,100000.00,0.0001,0,0.0
2026-08-19T13:28:31.399796,100000.00,100000.00,0.0001,0,0.0
2026-08-19T13:29:32.594766,100000.00,100000.00,0.0001,0,0.0
2026-08-19T13:30:34.070784,100000.00,100000.00,0.0001,0,0.0
2026-08-19T13:31:35.373259,100000.00,100000.00,0.0000,0,0.0
2026-08-19T13:32:36.716860,100000.00,100000.00,0.0000,0,0.0
2026-08-19T13:33:38.054312,100000.00,100000.00,0.0001,0,0.0
2026-08-19T13:34:39.288804,100000.00,100000.00,0.0001,0,0.0
2026-08-19T13:35:40.626923,100000.00,100000.00,0.0001,0,0.0
2026-08-19T13:36:41.861433,100000.00,100000.00,0.0002,0,0.0
2026-08-19T13:37:42.996948,100000.00,100000.00,0.0003,0,0.0
2026-08-19T13:38:44.231513,100000.00,100000.00,0.0003,0,0.0
2026-08-19T13:39:45.329119,100000.00,100000.00,0.0003,0,0.0
2026-08-19T13:40:46.602009,100000.00,100000.00,0.0003,0,0.0
2026-08-19T13:41:47.873360,100000.00,100000.00,0.0003,0,0.0
2026-08-19T13:42:49.244393,100000.00,100000.00,0.0003,0,0.0
2026-08-19T13:43:50.513230,100000.00,100000.00,0.0002,0,0.0
2026-08-19T13:44:51.751739,100000.00,100000.00,0.0002,0,0.0
2026-08-19T13:45:52.987258,100000.00,100000.00,0.0002,0,0.0
2026-08-19T13:46:54.325330,100000.00,100000.00,0.0001,0,0.0
2026-08-19T13:47:55.616393,100000.00,100000.00,0.0001,0,0.0
2026-08-19T13:48:56.900681,100000.00,100000.00,0.0002,0,0.0
2026-08-19T13:49:58.136443,100000.00,100000.00,0.0002,0,0.0
2026-08-19T13:50:59.372394,100000.00,100000.00,0.0002,0,0.0
2026-08-19T13:52:00.610230,100000.00,100000.00,0.0002,0,0.0
2026-08-19T13:53:01.845868,100000.00,100000.00,0.0003,0,0.0
2026-08-19T13:54:03.080785,100000.00,100000.00,0.0002,0,0.0
2026-08-19T13:55:04.238781,100000.00,100000.00,0.0002,0,0.0
2026-08-19T13:56:05.655778,100000.00,100000.00,0.0002,0,0.0
2026-08-19T13:57:08.327171,100000.00,100000.00,0.0002,0,0.0
2026-08-19T13:58:09.557965,100000.00,100000.00,0.0002,0,0.0
2026-08-19T13:59:10.795547,100000.00,100000.00,0.0002,0,0.0
2026-08-19T14:00:53.461014,100000.00,100000.00,0.0002,0,0.0
2026-08-19T14:01:54.843480,100000.00,100000.00,0.0002,0,0.0
2026-08-19T14:02:56.077435,100000.00,100000.00,0.0002,0,0.0
2026-08-19T14:03:57.253994,100000.00,100000.00,0.0001,0,0.0
2026-08-19T14:05:15.856267,100000.00,100000.00,0.0000,0,0.0
2026-08-19T14:06:17.195442,100000.00,100000.00,0.0000,0,0.0
2026-08-19T14:07:18.428614,100000.00,100000.00,0.0000,0,0.0
2026-08-19T14:08:19.772440,100000.00,100000.00,0.0000,0,0.0
2026-08-19T14:09:21.006154,100000.00,100000.00,0.0000,0,0.0
2026-08-19T14:10:22.242708,100000.00,100000.00,0.0000,0,0.0
2026-08-19T14:11:24.502480,100000.00,100000.00,0.0000,0,0.0
2026-08-19T14:12:25.735455,100000.00,100000.00,0.0001,0,0.0
2026-08-19T14:13:26.872297,100000.00,100000.00,0.0001,0,0.0
2026-08-19T14:14:28.066022,100000.00,100000.00,0.0001,0,0.0
2026-08-19T14:15:32.928401,100062.02,100062.02,0.0000,2,100.0
2026-08-19T14:16:34.164766,100062.02,100062.02,0.0000,2,100.0
2026-08-19T14:17:35.384434,100062.02,100062.02,0.0000,2,100.0
2026-08-19T14:18:36.531351,100062.02,100062.02,0.0000,2,100.0
2026-08-19T14:19:37.716914,100062.02,100062.02,0.0000,2,100.0
2026-08-19T14:20:38.905151,100062.02,100062.02,0.0000,2,100.0
2026-08-19T14:21:40.144166,100062.02,100062.02,0.0000,2,100.0
2026-08-19T14:22:41.377243,100062.02,100062.02,0.0001,2,100.0
2026-08-19T14:23:42.613514,100062.02,100062.02,0.0000,2,100.0
2026-08-19T14:24:43.818023,100062.02,100062.02,0.0000,2,100.0
2026-08-19T14:25:45.085664,100062.02,100062.02,0.0001,2,100.0
2026-08-19T14:26:46.319518,100062.02,100062.02,0.0001,2,100.0
2026-08-19T14:28:09.059416,100062.02,100062.02,0.0001,2,100.0
2026-08-19T14:29:10.298213,100062.02,100062.02,0.0000,2,100.0
2026-08-19T14:30:11.637275,100062.02,100062.02,0.0001,2,100.0
2026-08-19T14:31:12.975097,100062.02,100062.02,0.0001,2,100.0
2026-08-19T14:32:14.210424,100062.02,100062.02,0.0001,2,100.0
2026-08-19T14:33:15.548086,100062.02,100062.02,0.0001,2,100.0
2026-08-19T14:34:16.787490,100062.02,100062.02,0.0001,2,100.0
2026-08-19T14:35:18.123826,100062.02,100062.02,0.0001,2,100.0
2026-08-19T14:36:19.565320,100062.02,100062.02,0.0000,2,100.0
2026-08-19T14:37:21.210896,100062.02,100062.02,0.0000,2,100.0
2026-08-19T14:38:22.457534,100062.02,100062.02,0.0000,2,100.0
2026-08-19T14:39:23.683809,100062.02,100062.02,0.0000,2,100.0
2026-08-19T14:40:25.023039,100062.02,100062.02,0.0000,2,100.0
2026-08-19T14:41:26.258756,100062.02,100062.02,0.0000,2,100.0
2026-08-19T14:42:27.498817,100062.02,100062.02,0.0001,2,100.0
2026-08-19T14:43:28.705313,100062.02,100062.02,0.0000,2,100.0
2026-08-19T14:44:29.906677,100062.02,100062.02,0.0000,2,100.0
2026-08-19T14:45:31.300767,100062.02,100062.02,0.0000,2,100.0
2026-08-19T14:46:32.540689,100062.02,100062.02,0.0000,2,100.0
2026-08-19T14:47:33.757180,100062.02,100062.02,0.0000,2,100.0
2026-08-19T14:48:34.906872,100062.02,100062.02,0.0000,2,100.0
2026-08-19T14:49:36.146002,100062.02,100062.02,0.0000,2,100.0
2026-08-19T14:50:37.287175,100062.02,100062.02,0.0000,2,100.0
2026-08-19T14:51:38.614119,100062.02,100062.02,0.0000,2,100.0
2026-08-19T14:52:39.952207,100062.02,100062.02,0.0000,2,100.0
2026-08-19T14:53:41.116004,100062.02,100062.02,0.0000,2,100.0
2026-08-19T14:54:42.310324,100062.02,100062.02,0.0000,2,100.0
2026-08-19T14:55:43.662965,100062.02,100062.02,0.0000,2,100.0
2026-08-19T14:56:45.000861,100062.02,100062.02,0.0000,2,100.0
2026-08-19T14:57:46.342119,100062.02,100062.02,0.0000,2,100.0
2026-08-19T14:58:47.451781,100062.02,100062.02,0.0000,2,100.0
2026-08-19T14:59:48.689138,100062.02,100062.02,0.0000,2,100.0
2026-08-19T15:00:49.841335,100062.02,100062.02,0.0000,2,100.0
2026-08-19T15:01:51.076462,100062.02,100062.02,0.0001,2,100.0
2026-08-19T15:02:52.521854,100062.02,100062.02,0.0000,2,100.0
2026-08-19T15:03:53.792768,100062.02,100062.02,0.0000,2,100.0
2026-08-19T15:04:56.067122,100122.05,100122.05,0.0000,3,100.0
2026-08-19T15:05:57.249466,100122.05,100122.05,0.0000,3,100.0
2026-08-19T15:06:58.488377,100122.05,100122.05,0.0000,3,100.0
2026-08-19T15:07:59.722126,100122.05,100122.05,0.0000,3,100.0
2026-08-19T15:09:00.956865,100122.05,100122.05,0.0000,3,100.0
2026-08-19T15:10:02.397422,100122.05,100122.05,0.0000,3,100.0
2026-08-19T15:11:03.842788,100122.05,100122.05,0.0000,3,100.0
2026-08-19T15:12:05.075353,100122.05,100122.05,0.0000,3,100.0
2026-08-19T15:13:06.270206,100122.05,100122.05,0.0000,3,100.0
2026-08-19T15:14:07.548876,100122.05,100122.05,0.0000,3,100.0
2026-08-19T15:15:08.752254,100122.05,100122.05,0.0000,3,100.0
2026-08-19T15:16:10.941436,100182.09,100182.09,0.0000,4,100.0
2026-08-19T15:17:12.160866,100182.09,100182.09,0.0000,4,100.0
2026-08-19T15:18:13.357747,100182.09,100182.09,0.0000,4,100.0
2026-08-19T15:19:14.671465,100182.09,100182.09,0.0000,4,100.0
2026-08-19T15:20:15.888960,100182.09,100182.09,0.0000,4,100.0
2026-08-19T15:21:17.396378,100182.09,100182.09,0.0000,4,100.0
2026-08-19T15:22:18.666648,100182.09,100182.09,0.0000,4,100.0
2026-08-19T15:23:20.108502,100182.09,100182.09,0.0000,4,100.0
2026-08-19T15:24:21.343695,100182.09,100182.09,0.0000,4,100.0
2026-08-19T15:25:22.783728,100182.09,100182.09,0.0000,4,100.0
2026-08-19T15:26:23.960944,100182.09,100182.09,0.0000,4,100.0
2026-08-19T15:27:25.440212,100182.09,100182.09,0.0000,4,100.0
2026-08-19T15:28:26.641140,100182.09,100182.09,0.0000,4,100.0
2026-08-19T15:29:27.842631,100182.09,100182.09,0.0000,4,100.0
2026-08-19T15:30:29.066793,100182.09,100182.09,0.0000,4,100.0
2026-08-19T15:31:30.201178,100182.09,100182.09,0.0000,4,100.0
2026-08-19T15:32:31.438480,100182.09,100182.09,0.0000,4,100.0
2026-08-19T15:33:32.760745,100182.09,100182.09,0.0000,4,100.0
2026-08-19T15:34:33.944581,100182.09,100182.09,0.0000,4,100.0
2026-08-19T15:35:35.170742,100182.09,100182.09,0.0000,4,100.0
2026-08-19T15:36:36.464152,100182.09,100182.09,0.0000,4,100.0
2026-08-19T15:37:37.682036,100182.09,100182.09,0.0000,4,100.0
2026-08-19T15:38:38.853456,100182.09,100182.09,0.0000,4,100.0
2026-08-19T15:39:39.985338,100182.09,100182.09,0.0000,4,100.0
2026-08-19T15:40:41.372196,100182.09,100182.09,0.0000,4,100.0
2026-08-19T15:41:42.672076,100182.09,100182.09,0.0000,4,100.0
2026-08-19T15:42:43.898826,100182.09,100182.09,0.0000,4,100.0
2026-08-19T15:43:45.135731,100182.09,100182.09,0.0000,4,100.0
2026-08-19T15:44:46.375316,100182.09,100182.09,0.0000,4,100.0
2026-08-19T15:45:47.714283,100182.09,100182.09,0.0000,4,100.0
2026-08-19T15:46:48.823658,100182.09,100182.09,0.0000,4,100.0
2026-08-19T15:47:49.976066,100182.09,100182.09,0.0000,4,100.0
2026-08-19T15:48:51.114045,100182.09,100182.09,0.0000,4,100.0
2026-08-19T15:49:52.263980,100182.09,100182.09,0.0000,4,100.0
2026-08-19T15:50:53.429454,100182.09,100182.09,0.0000,4,100.0
2026-08-19T15:51:54.604814,100182.09,100182.09,0.0000,4,100.0
2026-08-19T15:52:55.952540,100182.09,100182.09,0.0000,4,100.0
2026-08-19T15:53:57.105761,100182.09,100182.09,0.0000,4,100.0
2026-08-19T15:54:58.324260,100182.09,100182.09,0.0000,4,100.0
2026-08-19T15:55:59.669301,100182.09,100182.09,0.0000,4,100.0
2026-08-19T15:57:00.902439,100182.09,100182.09,0.0000,4,100.0
2026-08-19T15:58:02.219302,100182.09,100182.09,0.0000,4,100.0
2026-08-19T15:59:03.464501,100182.09,100182.09,0.0000,4,100.0
2026-08-19T16:00:04.818291,100182.09,100182.09,0.0000,4,100.0
2026-08-19T16:01:06.051958,100182.09,100182.09,0.0000,4,100.0
2026-08-19T16:02:07.290903,100182.09,100182.09,0.0000,4,100.0
2026-08-19T16:03:08.556101,100182.09,100182.09,0.0000,4,100.0
2026-08-19T16:04:10.634124,100182.09,100182.09,0.0000,4,100.0
2026-08-19T16:05:11.743553,100182.09,100182.09,0.0000,4,100.0
2026-08-19T16:06:12.834652,100182.09,100182.09,0.0001,4,100.0
2026-08-19T16:07:14.208084,100182.09,100182.09,0.0001,4,100.0
2026-08-19T16:08:15.406690,100182.09,100182.09,0.0001,4,100.0
2026-08-19T16:09:16.587505,100182.09,100182.09,0.0001,4,100.0
2026-08-19T16:10:17.890986,100182.09,100182.09,0.0001,4,100.0
2026-08-19T16:11:19.149084,100182.09,100182.09,0.0002,4,100.0
2026-08-19T16:12:20.649913,100182.09,100182.09,0.0002,4,100.0
2026-08-19T16:13:21.788798,100182.09,100182.09,0.0002,4,100.0
2026-08-19T16:14:23.260546,100182.09,100182.09,0.0002,4,100.0
2026-08-19T16:15:26.441136,100182.09,100182.09,0.0002,4,100.0
2026-08-19T16:16:29.515922,100182.09,100182.09,0.0002,4,100.0
2026-08-19T16:17:31.165432,100182.09,100182.09,0.0001,4,100.0
2026-08-19T16:18:32.646577,100182.09,100182.09,0.0001,4,100.0
2026-08-19T16:19:33.942482,100182.09,100182.09,0.0001,4,100.0
2026-08-19T16:20:35.050092,100182.09,100182.09,0.0002,4,100.0
2026-08-19T16:21:36.281000,100182.09,100182.09,0.0001,4,100.0
2026-08-19T16:22:37.549175,100182.09,100182.09,0.0002,4,100.0
2026-08-19T16:23:38.792235,100182.09,100182.09,0.0002,4,100.0
2026-08-19T16:24:40.120609,100182.09,100182.09,0.0002,4,100.0
2026-08-19T16:25:43.053274,100182.09,100182.09,0.0002,4,100.0
2026-08-19T16:26:44.251422,100182.09,100182.09,0.0002,4,100.0
2026-08-19T16:27:45.775309,100182.09,100182.09,0.0002,4,100.0
2026-08-19T16:28:47.420356,100182.09,100182.09,0.0002,4,100.0
2026-08-19T16:29:48.812359,100182.09,100182.09,0.0002,4,100.0
2026-08-19T16:30:49.995561,100182.09,100182.09,0.0002,4,100.0
2026-08-19T16:31:51.340731,100182.09,100182.09,0.0002,4,100.0
2026-08-19T16:32:52.569428,100182.09,100182.09,0.0002,4,100.0
2026-08-19T16:33:53.916636,100182.09,100182.09,0.0002,4,100.0
2026-08-19T16:34:55.451316,100182.09,100182.09,0.0002,4,100.0
2026-08-19T16:35:56.845669,100182.09,100182.09,0.0002,4,100.0
2026-08-19T16:36:58.114848,100182.09,100182.09,0.0002,4,100.0
2026-08-19T16:37:59.776283,100182.09,100182.09,0.0002,4,100.0
2026-08-19T16:39:01.012303,100182.09,100182.09,0.0002,4,100.0
2026-08-19T16:40:02.059605,100182.09,100182.09,0.0002,4,100.0
2026-08-19T16:41:03.132656,100182.09,100182.09,0.0002,4,100.0
2026-08-19T16:42:04.513755,100182.09,100182.09,0.0002,4,100.0
2026-08-19T16:43:05.653753,100182.09,100182.09,0.0002,4,100.0
2026-08-19T16:44:06.986465,100182.09,100182.09,0.0002,4,100.0
2026-08-19T16:45:08.399410,100182.09,100182.09,0.0002,4,100.0
2026-08-19T16:46:09.770607,100182.09,100182.09,0.0002,4,100.0
2026-08-19T16:47:11.091055,100182.09,100182.09,0.0003,4,100.0
2026-08-19T16:48:12.344139,100182.09,100182.09,0.0003,4,100.0
2026-08-19T16:49:13.576242,100182.09,100182.09,0.0003,4,100.0
2026-08-19T16:50:14.888592,100182.09,100182.09,0.0003,4,100.0
2026-08-19T16:51:16.155224,100182.09,100182.09,0.0003,4,100.0
2026-08-19T16:52:17.542708,100182.09,100182.09,0.0003,4,100.0
2026-08-19T16:53:18.933872,100182.09,100182.09,0.0003,4,100.0
2026-08-19T16:54:20.377619,100182.09,100182.09,0.0002,4,100.0
2026-08-19T16:55:21.612227,100182.09,100182.09,0.0002,4,100.0
2026-08-19T16:56:22.947262,100182.09,100182.09,0.0002,4,100.0
2026-08-19T16:57:24.318018,100182.09,100182.09,0.0002,4,100.0
2026-08-19T16:58:25.729060,100182.09,100182.09,0.0002,4,100.0
2026-08-19T16:59:27.004754,100182.09,100182.09,0.0002,4,100.0
2026-08-19T17:00:28.659791,100182.09,100182.09,0.0002,4,100.0
2026-08-19T17:01:30.054638,100182.09,100182.09,0.0002,4,100.0
2026-08-19T17:02:31.285400,100182.09,100182.09,0.0002,4,100.0
2026-08-19T17:03:32.416882,100182.09,100182.09,0.0002,4,100.0
2026-08-19T17:04:33.861366,100182.09,100182.09,0.0002,4,100.0
2026-08-19T17:05:35.096620,100182.09,100182.09,0.0002,4,100.0
2026-08-19T17:06:36.850148,100182.09,100182.09,0.0002,4,100.0
2026-08-19T17:07:38.288373,100182.09,100182.09,0.0002,4,100.0
2026-08-19T17:08:39.678752,100182.09,100182.09,0.0002,4,100.0
2026-08-19T17:09:40.955381,100182.09,100182.09,0.0002,4,100.0
2026-08-19T17:10:42.305717,100182.09,100182.09,0.0002,4,100.0
2026-08-19T17:11:43.640972,100182.09,100182.09,0.0002,4,100.0
2026-08-19T17:12:45.082725,100182.09,100182.09,0.0002,4,100.0
2026-08-19T17:13:46.523529,100182.09,100182.09,0.0002,4,100.0
2026-08-19T17:14:48.270627,100182.09,100182.09,0.0002,4,100.0
2026-08-19T17:15:49.916946,100182.09,100182.09,0.0002,4,100.0
2026-08-19T17:16:51.261664,100182.09,100182.09,0.0003,4,100.0
2026-08-19T17:17:52.857784,100182.09,100182.09,0.0002,4,100.0
2026-08-19T17:18:54.140325,100182.09,100182.09,0.0002,4,100.0
2026-08-19T17:19:55.748476,100182.09,100182.09,0.0003,4,100.0
2026-08-19T17:20:59.347281,100141.00,100141.00,0.0002,5,80.0
2026-08-19T17:22:00.613380,100141.00,100141.00,0.0002,5,80.0
2026-08-19T17:23:02.059186,100141.00,100141.00,0.0002,5,80.0
2026-08-19T17:24:03.659086,100141.00,100141.00,0.0002,5,80.0
2026-08-19T17:25:04.911812,100141.00,100141.00,0.0002,5,80.0
2026-08-19T17:26:06.170132,100141.00,100141.00,0.0002,5,80.0
2026-08-19T17:27:07.409810,100141.00,100141.00,0.0002,5,80.0
2026-08-19T17:28:09.010463,100141.00,100141.00,0.0002,5,80.0
2026-08-19T17:29:10.451866,100141.00,100141.00,0.0002,5,80.0
2026-08-19T17:30:11.892589,100141.00,100141.00,0.0003,5,80.0
2026-08-19T17:31:13.121770,100141.00,100141.00,0.0002,5,80.0
2026-08-19T17:32:18.008552,100172.93,100172.93,0.0002,6,83.3
2026-08-19T17:33:19.225940,100172.93,100172.93,0.0001,6,83.3
2026-08-19T17:34:20.462957,100172.93,100172.93,0.0003,6,83.3
2026-08-19T17:35:21.800906,100172.93,100172.93,0.0003,6,83.3
2026-08-19T17:36:24.360799,100172.93,100172.93,0.0004,6,83.3
2026-08-19T17:37:25.713067,100172.93,100172.93,0.0003,6,83.3
2026-08-19T17:38:27.052662,100172.93,100172.93,0.0003,6,83.3
2026-08-19T17:39:28.482274,100172.93,100172.93,0.0004,6,83.3
2026-08-19T17:40:30.551520,100172.93,100172.93,0.0004,6,83.3
2026-08-19T17:41:32.424127,100172.93,100172.93,0.0004,6,83.3
2026-08-19T17:42:33.730637,100172.93,100172.93,0.0004,6,83.3
2026-08-19T17:43:34.969428,100172.93,100172.93,0.0005,6,83.3
2026-08-19T17:44:36.311539,100172.93,100172.93,0.0004,6,83.3
2026-08-19T17:45:37.758554,100172.93,100172.93,0.0005,6,83.3
2026-08-19T17:46:39.090232,100172.93,100172.93,0.0005,6,83.3
2026-08-19T17:47:40.427104,100172.93,100172.93,0.0005,6,83.3
2026-08-19T17:48:42.380386,100172.93,100172.93,0.0006,6,83.3
2026-08-19T17:49:44.538629,100172.93,100172.93,0.0006,6,83.3
2026-08-19T17:50:45.784579,100172.93,100172.93,0.0006,6,83.3
2026-08-19T17:51:47.962722,100172.93,100172.93,0.0006,6,83.3
2026-08-19T17:52:50.196628,100172.93,100172.93,0.0006,6,83.3
2026-08-19T17:53:51.633540,100172.93,100172.93,0.0006,6,83.3
2026-08-19T17:54:53.177308,100172.93,100172.93,0.0006,6,83.3
2026-08-19T17:55:54.413577,100172.93,100172.93,0.0006,6,83.3
2026-08-19T17:56:55.894076,100172.93,100172.93,0.0006,6,83.3
2026-08-19T17:57:57.553920,100172.93,100172.93,0.0006,6,83.3
2026-08-19T17:58:58.954219,100172.93,100172.93,0.0006,6,83.3
2026-08-19T18:00:01.489455,100172.93,100172.93,0.0006,6,83.3
2026-08-19T18:01:03.841559,100172.93,100172.93,0.0006,6,83.3
2026-08-19T18:02:06.440514,100172.93,100172.93,0.0006,6,83.3
2026-08-19T18:03:09.621687,100172.93,100172.93,0.0006,6,83.3
2026-08-19T18:04:11.266949,100172.93,100172.93,0.0006,6,83.3
2026-08-19T18:05:13.324470,100172.93,100172.93,0.0005,6,83.3
2026-08-19T18:06:15.221625,100172.93,100172.93,0.0005,6,83.3
2026-08-19T18:07:16.819532,100172.93,100172.93,0.0005,6,83.3
2026-08-19T18:08:18.673573,100172.93,100172.93,0.0005,6,83.3
2026-08-19T18:09:20.726788,100172.93,100172.93,0.0004,6,83.3
2026-08-19T18:10:22.268646,100172.93,100172.93,0.0004,6,83.3
2026-08-19T18:11:23.608811,100172.93,100172.93,0.0004,6,83.3
2026-08-19T18:12:25.813956,100172.93,100172.93,0.0004,6,83.3
2026-08-19T18:13:32.428674,100172.93,100172.93,0.0005,6,83.3
2026-08-19T18:14:36.736052,100172.93,100172.93,0.0005,6,83.3
2026-08-19T18:15:39.098003,100172.93,100172.93,0.0005,6,83.3
2026-08-19T18:16:46.173972,100172.93,100172.93,0.0005,6,83.3
2026-08-19T18:17:47.615524,100172.93,100172.93,0.0005,6,83.3
2026-08-19T18:18:49.158509,100172.93,100172.93,0.0006,6,83.3
2026-08-19T18:19:50.599308,100172.93,100172.93,0.0006,6,83.3
2026-08-19T18:20:51.937235,100172.93,100172.93,0.0006,6,83.3
2026-08-19T18:21:53.378818,100172.93,100172.93,0.0006,6,83.3
2026-08-19T18:22:54.715902,100172.93,100172.93,0.0006,6,83.3
2026-08-19T18:23:56.057533,100172.93,100172.93,0.0006,6,83.3
2026-08-19T18:24:57.404187,100172.93,100172.93,0.0005,6,83.3
2026-08-19T18:25:58.733385,100172.93,100172.93,0.0006,6,83.3
2026-08-19T18:27:00.125943,100172.93,100172.93,0.0006,6,83.3
2026-08-19T18:28:01.414951,100172.93,100172.93,0.0006,6,83.3
2026-08-19T18:29:02.648903,100172.93,100172.93,0.0005,6,83.3
2026-08-19T18:30:08.390472,100172.93,100172.93,0.0005,6,83.3
2026-08-19T18:31:09.802447,100172.93,100172.93,0.0006,6,83.3
2026-08-19T18:32:13.999120,100172.93,100172.93,0.0005,6,83.3
2026-08-19T18:33:22.646666,100172.93,100172.93,0.0006,6,83.3
2026-08-19T18:34:33.120511,100172.93,100172.93,0.0006,6,83.3
2026-08-19T18:35:36.283947,100172.93,100172.93,0.0006,6,83.3
2026-08-19T18:36:40.385877,100172.93,100172.93,0.0006,6,83.3
2026-08-19T18:37:45.821957,100172.93,100172.93,0.0006,6,83.3
2026-08-19T18:38:55.591589,100150.45,100150.45,0.0006,7,71.4
2026-08-19T18:40:25.466077,100150.45,100150.45,0.0006,7,71.4
2026-08-19T18:41:27.417507,100150.45,100150.45,0.0006,7,71.4
2026-08-19T18:42:32.153578,100150.45,100150.45,0.0006,7,71.4
2026-08-19T18:43:35.735727,100150.45,100150.45,0.0006,7,71.4
2026-08-19T18:44:43.208892,100150.45,100150.45,0.0006,7,71.4
2026-08-19T18:45:45.675581,100150.45,100150.45,0.0006,7,71.4
2026-08-19T18:46:48.956558,100150.45,100150.45,0.0006,7,71.4
2026-08-19T18:47:51.885338,100150.45,100150.45,0.0006,7,71.4
2026-08-19T18:48:58.294980,100150.45,100150.45,0.0006,7,71.4
2026-08-19T18:49:59.837692,100150.45,100150.45,0.0006,7,71.4
2026-08-19T18:51:08.126220,100125.86,100125.86,0.0006,8,62.5
2026-08-19T18:52:10.224898,100125.86,100125.86,0.0006,8,62.5
2026-08-19T18:53:16.346664,100125.86,100125.86,0.0006,8,62.5
2026-08-19T18:54:20.655596,100125.86,100125.86,0.0006,8,62.5
2026-08-19T18:55:26.396383,100125.86,100125.86,0.0006,8,62.5
2026-08-19T18:56:29.884731,100125.86,100125.86,0.0006,8,62.5
2026-08-19T18:57:47.505898,100125.86,100125.86,0.0006,8,62.5
2026-08-19T18:58:48.946526,100125.86,100125.86,0.0006,8,62.5
2026-08-19T18:59:50.490302,100125.86,100125.86,0.0006,8,62.5
2026-08-19T19:00:55.208244,100125.86,100125.86,0.0005,8,62.5
2026-08-19T19:01:59.617688,100125.86,100125.86,0.0006,8,62.5
2026-08-19T19:03:01.979580,100125.86,100125.86,0.0005,8,62.5
2026-08-19T19:04:10.898775,100125.86,100125.86,0.0005,8,62.5
2026-08-19T19:05:17.459569,100125.86,100125.86,0.0005,8,62.5
2026-08-19T19:06:20.334496,100125.86,100125.86,0.0005,8,62.5
2026-08-19T19:07:21.570612,100125.86,100125.86,0.0005,8,62.5
2026-08-19T19:08:22.909235,100125.86,100125.86,0.0005,8,62.5
2026-08-19T19:09:24.145644,100125.86,100125.86,0.0005,8,62.5
2026-08-19T19:10:25.686248,100125.86,100125.86,0.0005,8,62.5
2026-08-19T19:11:27.437214,100125.86,100125.86,0.0005,8,62.5
2026-08-19T19:12:28.879179,100125.86,100125.86,0.0005,8,62.5
2026-08-19T19:13:30.320394,100125.86,100125.86,0.0005,8,62.5
2026-08-19T19:14:33.603079,100125.86,100125.86,0.0005,8,62.5
2026-08-19T19:15:40.472574,100125.86,100125.86,0.0004,8,62.5
2026-08-19T19:16:45.600606,100125.86,100125.86,0.0005,8,62.5
2026-08-19T19:17:47.126713,100125.86,100125.86,0.0005,8,62.5
2026-08-19T19:18:48.892560,100125.86,100125.86,0.0005,8,62.5
2026-08-19T19:19:56.707097,100125.86,100125.86,0.0005,8,62.5
2026-08-19T19:20:58.225559,100125.86,100125.86,0.0004,8,62.5
2026-08-19T19:21:59.768938,100125.86,100125.86,0.0004,8,62.5
2026-08-19T19:23:01.107560,100125.86,100125.86,0.0004,8,62.5
2026-08-19T19:24:02.447148,100125.86,100125.86,0.0004,8,62.5
2026-08-19T19:25:03.732173,100125.86,100125.86,0.0004,8,62.5
2026-08-19T19:26:06.967057,100125.86,100125.86,0.0004,8,62.5
2026-08-19T19:27:08.305870,100125.86,100125.86,0.0004,8,62.5
2026-08-19T19:28:09.644508,100125.86,100125.86,0.0004,8,62.5
2026-08-19T19:29:14.874491,100125.86,100125.86,0.0005,8,62.5
2026-08-19T19:30:18.569338,100125.86,100125.86,0.0004,8,62.5
2026-08-19T19:31:19.910247,100125.86,100125.86,0.0004,8,62.5
2026-08-19T19:32:21.348280,100125.86,100125.86,0.0004,8,62.5
2026-08-19T19:33:22.584328,100125.86,100125.86,0.0004,8,62.5
2026-08-19T19:34:24.025684,100125.86,100125.86,0.0004,8,62.5
2026-08-19T19:35:25.671686,100125.86,100125.86,0.0004,8,62.5
2026-08-19T19:36:26.907993,100125.86,100125.86,0.0004,8,62.5
2026-08-19T19:37:28.150795,100125.86,100125.86,0.0004,8,62.5
2026-08-19T19:38:29.483029,100125.86,100125.86,0.0004,8,62.5
2026-08-19T19:39:30.925750,100125.86,100125.86,0.0004,8,62.5
2026-08-19T19:40:32.262441,100125.86,100125.86,0.0004,8,62.5
2026-08-19T19:41:33.500807,100125.86,100125.86,0.0004,8,62.5
2026-08-19T19:42:34.837641,100125.86,100125.86,0.0004,8,62.5
2026-08-19T19:43:36.135504,100125.86,100125.86,0.0004,8,62.5
2026-08-19T19:44:37.924679,100125.86,100125.86,0.0004,8,62.5
2026-08-19T19:45:39.160959,100125.86,100125.86,0.0004,8,62.5
2026-08-19T19:46:40.602180,100125.86,100125.86,0.0004,8,62.5
2026-08-19T19:47:41.938407,100125.86,100125.86,0.0004,8,62.5
2026-08-19T19:48:43.382175,100125.86,100125.86,0.0005,8,62.5
2026-08-19T19:49:44.718521,100125.86,100125.86,0.0005,8,62.5
2026-08-19T19:50:46.059496,100125.86,100125.86,0.0005,8,62.5
2026-08-19T19:51:47.501391,100125.86,100125.86,0.0004,8,62.5
2026-08-19T19:52:48.938757,100125.86,100125.86,0.0004,8,62.5
2026-08-19T19:53:50.280151,100125.86,100125.86,0.0004,8,62.5
2026-08-19T19:54:51.619625,100125.86,100125.86,0.0004,8,62.5
2026-08-19T19:55:53.265478,100125.86,100125.86,0.0004,8,62.5
2026-08-19T19:56:55.014168,100125.86,100125.86,0.0004,8,62.5
2026-08-19T19:57:58.359786,100150.06,100150.06,0.0004,9,66.7
2026-08-19T19:58:59.737598,100150.06,100150.06,0.0004,9,66.7
2026-08-19T20:00:01.425994,100150.06,100150.06,0.0004,9,66.7
2026-08-19T20:01:02.825551,100150.06,100150.06,0.0004,9,66.7
2026-08-19T20:02:04.062292,100150.06,100150.06,0.0004,9,66.7
2026-08-19T20:03:05.400862,100150.06,100150.06,0.0004,9,66.7
2026-08-19T20:04:06.842112,100150.06,100150.06,0.0003,9,66.7
2026-08-19T20:05:08.181330,100150.06,100150.06,0.0004,9,66.7
2026-08-19T20:06:09.519641,100150.06,100150.06,0.0004,9,66.7
2026-08-19T20:07:10.858172,100150.06,100150.06,0.0003,9,66.7
2026-08-19T20:08:12.299518,100150.06,100150.06,0.0003,9,66.7
2026-08-19T20:09:15.481089,100141.02,100141.02,0.0003,10,60.0
2026-08-19T20:10:18.151238,100141.02,100141.02,0.0003,10,60.0
2026-08-19T20:11:26.350787,100141.02,100141.02,0.0003,10,60.0
2026-08-19T20:12:27.899907,100141.02,100141.02,0.0003,10,60.0
2026-08-19T20:13:29.438357,100141.02,100141.02,0.0004,10,60.0
2026-08-19T20:14:31.189027,100141.02,100141.02,0.0004,10,60.0
2026-08-19T20:15:32.547320,100141.02,100141.02,0.0004,10,60.0
2026-08-19T20:16:33.936452,100141.02,100141.02,0.0004,10,60.0
2026-08-19T20:17:35.407765,100141.02,100141.02,0.0004,10,60.0
2026-08-19T20:18:36.595979,100141.02,100141.02,0.0004,10,60.0
2026-08-19T20:19:38.138551,100141.02,100141.02,0.0004,10,60.0
2026-08-19T20:20:39.399619,100141.02,100141.02,0.0004,10,60.0
2026-08-19T20:21:40.761452,100141.02,100141.02,0.0004,10,60.0
2026-08-19T20:22:42.358925,100141.02,100141.02,0.0004,10,60.0
2026-08-19T20:23:43.690194,100141.02,100141.02,0.0004,10,60.0
2026-08-19T20:24:45.040023,100141.02,100141.02,0.0004,10,60.0
2026-08-19T20:25:46.280030,100141.02,100141.02,0.0003,10,60.0
2026-08-19T20:26:47.967322,100141.02,100141.02,0.0003,10,60.0
2026-08-19T20:27:57.110293,100141.02,100141.02,0.0002,10,60.0
2026-08-19T20:28:59.050315,100141.02,100141.02,0.0002,10,60.0
2026-08-19T20:30:00.688304,100141.02,100141.02,0.0002,10,60.0
2026-08-19T20:31:02.032563,100141.02,100141.02,0.0002,10,60.0
2026-08-19T20:32:03.502071,100141.02,100141.02,0.0002,10,60.0
2026-08-19T20:33:05.274446,100141.02,100141.02,0.0002,10,60.0
2026-08-19T20:34:06.613113,100141.02,100141.02,0.0002,10,60.0
2026-08-19T20:35:08.098409,100141.02,100141.02,0.0002,10,60.0
2026-08-19T20:36:09.451104,100141.02,100141.02,0.0002,10,60.0
2026-08-19T20:37:11.082614,100141.02,100141.02,0.0002,10,60.0
2026-08-19T20:38:12.523126,100141.02,100141.02,0.0002,10,60.0
2026-08-19T20:39:13.862771,100141.02,100141.02,0.0002,10,60.0
2026-08-19T20:40:15.305430,100141.02,100141.02,0.0002,10,60.0
2026-08-19T20:41:16.799953,100141.02,100141.02,0.0002,10,60.0
2026-08-19T20:42:18.190241,100141.02,100141.02,0.0002,10,60.0
2026-08-19T20:43:19.583587,100141.02,100141.02,0.0002,10,60.0
2026-08-19T20:44:20.863134,100141.02,100141.02,0.0002,10,60.0
2026-08-19T20:45:22.202102,100141.02,100141.02,0.0002,10,60.0
2026-08-19T20:46:23.642584,100141.02,100141.02,0.0002,10,60.0
2026-08-19T20:47:24.980312,100141.02,100141.02,0.0002,10,60.0
2026-08-19T20:48:26.319110,100141.02,100141.02,0.0002,10,60.0
2026-08-19T20:49:27.559910,100141.02,100141.02,0.0002,10,60.0
2026-08-19T20:50:28.997066,100141.02,100141.02,0.0000,10,60.0
2026-08-19T20:51:32.586244,100201.11,100201.11,0.0003,11,63.6
2026-08-19T20:52:34.230968,100201.11,100201.11,0.0003,11,63.6
2026-08-19T20:53:35.672436,100201.11,100201.11,0.0004,11,63.6
2026-08-19T20:54:38.080973,100201.11,100201.11,0.0004,11,63.6
2026-08-19T20:55:39.783556,100201.11,100201.11,0.0004,11,63.6
2026-08-19T20:56:41.425527,100201.11,100201.11,0.0003,11,63.6
2026-08-19T20:57:42.783307,100201.11,100201.11,0.0003,11,63.6
2026-08-19T20:58:44.103065,100201.11,100201.11,0.0002,11,63.6
2026-08-19T20:59:45.441198,100201.11,100201.11,0.0001,11,63.6
2026-08-19T21:00:46.828999,100201.11,100201.11,0.0001,11,63.6
2026-08-19T21:01:48.117038,100201.11,100201.11,0.0001,11,63.6
2026-08-19T21:02:49.452937,100201.11,100201.11,0.0001,11,63.6
2026-08-19T21:03:50.792324,100201.11,100201.11,0.0001,11,63.6
2026-08-19T21:04:52.232474,100201.11,100201.11,0.0000,11,63.6
2026-08-19T21:05:55.741493,100261.23,100261.23,0.0003,12,66.7
2026-08-19T21:06:57.060975,100261.23,100261.23,0.0001,12,66.7
2026-08-19T21:08:00.136404,100321.38,100321.38,0.0005,13,69.2
2026-08-19T21:09:01.477088,100321.38,100321.38,0.0006,13,69.2
2026-08-19T21:10:02.709549,100321.38,100321.38,0.0006,13,69.2
2026-08-19T21:11:03.944261,100321.38,100321.38,0.0009,13,69.2
2026-08-19T21:12:05.282121,100321.38,100321.38,0.0009,13,69.2
2026-08-19T21:13:08.695652,100261.19,100261.19,0.0009,14,64.3
2026-08-19T21:14:09.925317,100261.19,100261.19,0.0008,14,64.3
2026-08-19T21:15:11.311493,100261.19,100261.19,0.0008,14,64.3
2026-08-19T21:16:12.592551,100261.19,100261.19,0.0007,14,64.3
2026-08-19T21:17:14.061533,100261.19,100261.19,0.0006,14,64.3
2026-08-19T21:18:15.559592,100261.19,100261.19,0.0007,14,64.3
2026-08-19T21:19:16.896768,100261.19,100261.19,0.0006,14,64.3
2026-08-19T21:20:18.234906,100261.19,100261.19,0.0007,14,64.3
2026-08-19T21:21:19.528752,100261.19,100261.19,0.0007,14,64.3
2026-08-19T21:22:20.809413,100261.19,100261.19,0.0007,14,64.3
2026-08-19T21:23:22.178084,100261.19,100261.19,0.0007,14,64.3
2026-08-19T21:24:23.383880,100261.19,100261.19,0.0007,14,64.3
2026-08-19T21:25:24.722474,100261.19,100261.19,0.0007,14,64.3
2026-08-19T21:26:28.008298,100219.71,100219.71,0.0007,15,60.0
2026-08-19T21:27:29.242224,100219.71,100219.71,0.0007,15,60.0
2026-08-19T21:28:30.719766,100219.71,100219.71,0.0006,15,60.0
2026-08-19T21:29:31.900529,100219.71,100219.71,0.0005,15,60.0
2026-08-19T21:30:34.793675,100279.86,100279.86,0.0004,16,62.5
2026-08-19T21:31:36.076483,100279.86,100279.86,0.0002,16,62.5
2026-08-19T21:32:37.390239,100279.86,100279.86,0.0005,16,62.5
2026-08-19T21:33:38.502936,100279.86,100279.86,0.0006,16,62.5
2026-08-19T21:34:39.923186,100279.86,100279.86,0.0004,16,62.5
2026-08-19T21:35:41.370924,100279.86,100279.86,0.0004,16,62.5
2026-08-19T21:36:42.760533,100279.86,100279.86,0.0005,16,62.5
2026-08-19T21:37:43.956366,100279.86,100279.86,0.0005,16,62.5
2026-08-19T21:38:45.399805,100279.86,100279.86,0.0006,16,62.5
2026-08-19T21:39:46.901603,100279.86,100279.86,0.0007,16,62.5
2026-08-19T21:40:48.181875,100279.86,100279.86,0.0006,16,62.5
2026-08-19T21:41:49.393009,100279.86,100279.86,0.0005,16,62.5
2026-08-19T21:42:50.772598,100279.86,100279.86,0.0005,16,62.5
2026-08-19T21:43:52.093886,100279.86,100279.86,0.0005,16,62.5
2026-08-19T21:44:53.327116,100279.86,100279.86,0.0005,16,62.5
2026-08-19T21:45:54.784814,100279.86,100279.86,0.0003,16,62.5
2026-08-19T21:46:56.122185,100279.86,100279.86,0.0001,16,62.5
2026-08-19T21:47:57.303076,100279.86,100279.86,0.0003,16,62.5
2026-08-19T21:48:58.477411,100279.86,100279.86,0.0004,16,62.5
2026-08-19T21:49:59.817090,100279.86,100279.86,0.0002,16,62.5
2026-08-19T21:51:01.101174,100279.86,100279.86,0.0003,16,62.5
2026-08-19T21:52:02.390556,100279.86,100279.86,0.0003,16,62.5
2026-08-19T21:53:03.626449,100279.86,100279.86,0.0003,16,62.5
2026-08-19T21:54:04.861527,100279.86,100279.86,0.0003,16,62.5
2026-08-19T21:55:05.994608,100279.86,100279.86,0.0003,16,62.5
2026-08-19T21:56:07.104537,100279.86,100279.86,0.0003,16,62.5
2026-08-19T21:57:08.113750,100279.86,100279.86,0.0003,16,62.5
2026-08-19T21:58:09.133681,100279.86,100279.86,0.0004,16,62.5
2026-08-19T21:59:10.234321,100279.86,100279.86,0.0005,16,62.5
2026-08-19T22:00:11.284462,100279.86,100279.86,0.0003,16,62.5
2026-08-19T22:01:12.394547,100279.86,100279.86,0.0005,16,62.5
2026-08-19T22:02:13.504893,100279.86,100279.86,0.0006,16,62.5
2026-08-19T22:03:14.689291,100279.86,100279.86,0.0006,16,62.5
2026-08-19T22:04:15.855166,100279.86,100279.86,0.0007,16,62.5
2026-08-19T22:05:16.885320,100279.86,100279.86,0.0008,16,62.5
2026-08-19T22:06:17.952008,100279.86,100279.86,0.0007,16,62.5
2026-08-19T22:07:18.934736,100279.86,100279.86,0.0007,16,62.5
2026-08-19T22:08:20.032653,100279.86,100279.86,0.0007,16,62.5
2026-08-19T22:09:21.150357,100279.86,100279.86,0.0006,16,62.5
2026-08-19T22:10:22.284162,100279.86,100279.86,0.0007,16,62.5
2026-08-19T22:11:23.418010,100279.86,100279.86,0.0007,16,62.5
2026-08-19T22:12:24.469019,100279.86,100279.86,0.0007,16,62.5
2026-08-19T22:13:25.603330,100279.86,100279.86,0.0008,16,62.5
2026-08-19T22:14:26.614043,100279.86,100279.86,0.0007,16,62.5
2026-08-19T22:15:27.747869,100279.86,100279.86,0.0008,16,62.5
2026-08-19T22:16:28.784044,100279.86,100279.86,0.0007,16,62.5
2026-08-19T22:17:31.858957,100279.86,100279.86,0.0008,16,62.5
2026-08-19T22:18:34.016368,100279.86,100279.86,0.0007,16,62.5
2026-08-19T22:19:36.992408,100279.86,100279.86,0.0008,16,62.5
2026-08-19T22:20:38.154442,100279.86,100279.86,0.0008,16,62.5
2026-08-19T22:21:39.260295,100279.86,100279.86,0.0008,16,62.5
2026-08-19T22:22:40.598766,100279.86,100279.86,0.0008,16,62.5
2026-08-19T22:23:41.935267,100279.86,100279.86,0.0009,16,62.5
2026-08-19T22:24:45.119300,100279.86,100279.86,0.0009,16,62.5
2026-08-19T22:25:47.277611,100279.86,100279.86,0.0009,16,62.5
2026-08-19T22:26:49.332084,100279.86,100279.86,0.0009,16,62.5
2026-08-19T22:27:52.308871,100279.86,100279.86,0.0010,16,62.5
2026-08-19T22:28:53.545045,100279.86,100279.86,0.0010,16,62.5
2026-08-19T22:29:54.882414,100279.86,100279.86,0.0010,16,62.5
2026-08-19T22:30:56.119548,100279.86,100279.86,0.0010,16,62.5
2026-08-19T22:31:57.151254,100279.86,100279.86,0.0010,16,62.5
2026-08-19T22:32:58.284787,100279.86,100279.86,0.0011,16,62.5
2026-08-19T22:34:01.261321,100219.70,100219.70,0.0013,17,58.8
2026-08-19T22:35:02.292715,100219.70,100219.70,0.0011,17,58.8
2026-08-19T22:36:03.426246,100219.70,100219.70,0.0012,17,58.8
2026-08-19T22:37:04.714648,100219.70,100219.70,0.0011,17,58.8
2026-08-19T22:38:06.000330,100219.70,100219.70,0.0010,17,58.8
2026-08-19T22:39:07.133700,100219.70,100219.70,0.0009,17,58.8
2026-08-19T22:40:08.268284,100219.70,100219.70,0.0008,17,58.8
2026-08-19T22:41:09.401906,100219.70,100219.70,0.0008,17,58.8
2026-08-19T22:42:10.535770,100219.70,100219.70,0.0008,17,58.8
2026-08-19T22:43:13.469298,100212.02,100212.02,0.0008,18,55.6
2026-08-19T22:44:14.543823,100212.02,100212.02,0.0009,18,55.6
2026-08-19T22:45:15.677476,100212.02,100212.02,0.0009,18,55.6
2026-08-19T22:46:16.709060,100212.02,100212.02,0.0010,18,55.6
2026-08-19T22:47:17.740298,100212.02,100212.02,0.0010,18,55.6
2026-08-19T22:48:18.874015,100212.02,100212.02,0.0011,18,55.6
2026-08-19T22:49:20.007533,100212.02,100212.02,0.0011,18,55.6
2026-08-19T22:50:21.038530,100212.02,100212.02,0.0011,18,55.6
2026-08-19T22:51:22.275407,100212.02,100212.02,0.0010,18,55.6
2026-08-19T22:52:23.516400,100212.02,100212.02,0.0011,18,55.6
2026-08-19T22:53:24.594568,100212.02,100212.02,0.0011,18,55.6
2026-08-19T22:54:25.676142,100212.02,100212.02,0.0012,18,55.6
2026-08-19T22:55:26.810010,100212.02,100212.02,0.0011,18,55.6
2026-08-19T22:56:27.841345,100212.02,100212.02,0.0011,18,55.6
2026-08-19T22:57:28.974940,100212.02,100212.02,0.0010,18,55.6
2026-08-19T22:58:30.006056,100212.02,100212.02,0.0011,18,55.6
2026-08-19T22:59:31.038921,100212.02,100212.02,0.0010,18,55.6
2026-08-19T23:00:32.122348,100212.02,100212.02,0.0011,18,55.6
2026-08-19T23:01:33.282590,100212.02,100212.02,0.0011,18,55.6
2026-08-19T23:02:34.336377,100212.02,100212.02,0.0010,18,55.6
2026-08-19T23:03:35.469581,100212.02,100212.02,0.0012,18,55.6
2026-08-19T23:04:36.603630,100212.02,100212.02,0.0010,18,55.6
2026-08-19T23:05:37.740418,100212.02,100212.02,0.0010,18,55.6
2026-08-19T23:06:38.854593,100212.02,100212.02,0.0010,18,55.6
2026-08-19T23:07:39.853672,100212.02,100212.02,0.0010,18,55.6
2026-08-19T23:08:40.873641,100212.02,100212.02,0.0010,18,55.6
2026-08-19T23:09:41.891156,100212.02,100212.02,0.0010,18,55.6
2026-08-19T23:10:42.894146,100212.02,100212.02,0.0010,18,55.6
2026-08-19T23:11:43.964344,100212.02,100212.02,0.0010,18,55.6
2026-08-19T23:12:45.043823,100212.02,100212.02,0.0010,18,55.6
2026-08-19T23:13:46.174576,100212.02,100212.02,0.0010,18,55.6
2026-08-19T23:14:47.244734,100212.02,100212.02,0.0011,18,55.6
2026-08-19T23:15:48.337407,100212.02,100212.02,0.0010,18,55.6
2026-08-19T23:16:49.448571,100212.02,100212.02,0.0011,18,55.6
2026-08-19T23:17:50.608736,100212.02,100212.02,0.0010,18,55.6
2026-08-19T23:18:51.768195,100212.02,100212.02,0.0010,18,55.6
2026-08-19T23:19:52.999023,100212.02,100212.02,0.0010,18,55.6
2026-08-19T23:20:54.129096,100212.02,100212.02,0.0010,18,55.6
2026-08-19T23:21:55.262943,100212.02,100212.02,0.0010,18,55.6
2026-08-19T23:22:56.396812,100212.02,100212.02,0.0010,18,55.6
2026-08-19T23:23:57.534690,100212.02,100212.02,0.0011,18,55.6
2026-08-19T23:24:58.555402,100212.02,100212.02,0.0011,18,55.6
2026-08-19T23:25:59.696293,100212.02,100212.02,0.0011,18,55.6
2026-08-19T23:27:00.726125,100212.02,100212.02,0.0010,18,55.6
2026-08-19T23:28:01.758785,100212.02,100212.02,0.0009,18,55.6
2026-08-19T23:29:02.888944,100212.02,100212.02,0.0009,18,55.6
2026-08-19T23:30:03.905242,100212.02,100212.02,0.0010,18,55.6
2026-08-19T23:31:04.950825,100212.02,100212.02,0.0010,18,55.6
2026-08-19T23:32:05.913915,100212.02,100212.02,0.0011,18,55.6
2026-08-19T23:33:07.123258,100212.02,100212.02,0.0011,18,55.6
2026-08-19T23:34:08.143557,100212.02,100212.02,0.0011,18,55.6
2026-08-19T23:35:09.273347,100212.02,100212.02,0.0011,18,55.6
2026-08-19T23:36:10.364546,100212.02,100212.02,0.0011,18,55.6
