time,equity,capital,dd,trades,wr
2026-08-17T08:36:10.490279,100000.00,100000.00,0.0000,0,0.0
2026-08-17T08:36:28.717297,100000.00,100000.00,0.0000,0,0.0
2026-08-17T09:18:58.067941,100000.00,100000.00,0.0000,0,0.0
2026-08-17T09:22:41.268793,100000.00,100000.00,0.0000,0,0.0
2026-08-17T09:24:22.069596,100000.00,100000.00,0.0000,0,0.0
2026-08-17T09:29:24.567420,100000.00,100000.00,0.0000,0,0.0
2026-08-17T09:34:26.241107,100000.00,100000.00,0.0000,0,0.0
2026-08-17T09:39:27.504410,100000.00,100000.00,0.0000,0,0.0
2026-08-17T09:44:29.899181,100000.00,100000.00,0.0000,0,0.0
2026-08-17T09:49:33.807814,100000.00,100000.00,0.0000,0,0.0
2026-08-17T09:54:35.974784,100000.00,100000.00,0.0000,0,0.0
2026-08-17T09:59:52.218512,100000.00,100000.00,0.0000,0,0.0
2026-08-17T10:04:53.941908,100000.00,100000.00,0.0000,0,0.0
2026-08-17T10:09:55.696372,100000.00,100000.00,0.0000,0,0.0
2026-08-17T10:14:57.284877,100000.00,100000.00,0.0000,0,0.0
2026-08-17T10:19:59.100209,100000.00,100000.00,0.0000,0,0.0
2026-08-17T10:25:00.637076,100000.00,100000.00,0.0000,0,0.0
2026-08-17T10:30:02.157839,100000.00,100000.00,0.0000,0,0.0
2026-08-17T10:35:03.972554,100000.00,100000.00,0.0000,0,0.0
2026-08-17T10:40:05.446518,100000.00,100000.00,0.0000,0,0.0
2026-08-17T10:45:06.743182,100000.00,100000.00,0.0000,0,0.0
2026-08-17T10:50:08.376671,100000.00,100000.00,0.0000,0,0.0
2026-08-17T10:55:09.852330,100000.00,100000.00,0.0000,0,0.0
2026-08-17T11:00:11.183372,100000.00,100000.00,0.0000,0,0.0
2026-08-17T11:05:17.035428,100000.00,100000.00,0.0000,0,0.0
2026-08-17T11:10:20.403995,100000.00,100000.00,0.0000,0,0.0
2026-08-17T11:20:42.335033,100000.00,100000.00,0.0000,0,0.0
2026-08-17T11:25:44.262068,100000.00,100000.00,0.0000,0,0.0
2026-08-17T11:30:45.639037,100000.00,100000.00,0.0000,0,0.0
2026-08-17T11:35:49.252885,100000.00,100000.00,0.0000,0,0.0
2026-08-17T11:40:50.626363,100000.00,100000.00,0.0000,0,0.0
2026-08-17T11:45:53.619482,100000.00,100000.00,0.0000,0,0.0
2026-08-17T11:50:56.179203,100000.00,100000.00,0.0000,0,0.0
2026-08-17T11:55:57.566481,100000.00,100000.00,0.0000,0,0.0
2026-08-17T12:00:59.006412,100000.00,100000.00,0.0000,0,0.0
2026-08-17T12:06:00.682075,100000.00,100000.00,0.0000,0,0.0
2026-08-17T12:11:02.379538,100000.00,100000.00,0.0000,0,0.0
2026-08-17T12:16:03.677090,100000.00,100000.00,0.0000,0,0.0
2026-08-17T12:21:05.257483,100000.00,100000.00,0.0000,0,0.0
2026-08-17T12:26:06.881038,100000.00,100000.00,0.0000,0,0.0
2026-08-17T12:31:09.559994,100000.00,100000.00,0.0000,0,0.0
2026-08-17T12:36:11.230741,100000.00,100000.00,0.0000,0,0.0
2026-08-17T12:41:13.315988,100000.00,100000.00,0.0000,0,0.0
2026-08-17T12:46:15.200452,100000.00,100000.00,0.0000,0,0.0
2026-08-17T12:51:17.989077,100000.00,100000.00,0.0000,0,0.0
2026-08-17T12:56:51.102362,100000.00,100000.00,0.0000,0,0.0
2026-08-17T13:00:23.578543,100000.00,100000.00,0.0000,0,0.0
2026-08-17T14:01:34.953090,100000.00,100000.00,0.0000,0,0.0
2026-08-17T14:07:12.979844,100000.00,100000.00,0.0000,0,0.0
2026-08-17T14:12:03.385005,100000.00,100000.00,0.0000,0,0.0
2026-08-17T14:13:04.772867,100000.00,100000.00,0.0000,0,0.0
2026-08-17T14:14:06.940002,100000.00,100000.00,0.0000,0,0.0
2026-08-17T14:15:08.465356,100000.00,100000.00,0.0000,0,0.0
2026-08-17T14:16:09.930573,100000.00,100000.00,0.0000,0,0.0
2026-08-17T14:17:11.512272,100000.00,100000.00,0.0000,0,0.0
2026-08-17T14:18:12.747148,100000.00,100000.00,0.0000,0,0.0
2026-08-17T14:19:14.553589,100000.00,100000.00,0.0000,0,0.0
2026-08-17T14:20:15.940558,100000.00,100000.00,0.0000,0,0.0
2026-08-17T14:21:17.373908,100000.00,100000.00,0.0000,0,0.0
2026-08-17T14:22:18.917444,100000.00,100000.00,0.0000,0,0.0
2026-08-17T14:23:20.871677,100000.00,100000.00,0.0000,0,0.0
2026-08-17T14:24:24.913139,100000.00,100000.00,0.0000,0,0.0
2026-08-17T14:25:26.517556,100000.00,100000.00,0.0000,0,0.0
2026-08-17T14:26:27.959129,100000.00,100000.00,0.0000,0,0.0
2026-08-17T14:27:29.313699,100000.00,100000.00,0.0000,0,0.0
2026-08-17T14:28:30.737009,100000.00,100000.00,0.0000,0,0.0
2026-08-17T14:29:32.177836,100000.00,100000.00,0.0000,0,0.0
2026-08-17T14:30:33.720560,100000.00,100000.00,0.0000,0,0.0
2026-08-17T14:31:35.172432,100000.00,100000.00,0.0000,0,0.0
2026-08-17T14:32:36.450820,100000.00,100000.00,0.0000,0,0.0
2026-08-17T14:33:37.632406,100000.00,100000.00,0.0000,0,0.0
2026-08-17T14:34:39.943558,100000.00,100000.00,0.0000,0,0.0
2026-08-17T14:35:43.348430,100000.00,100000.00,0.0000,0,0.0
2026-08-17T14:36:45.337294,100000.00,100000.00,0.0000,0,0.0
2026-08-17T14:37:46.555170,100000.00,100000.00,0.0000,0,0.0
2026-08-17T14:38:48.118847,100000.00,100000.00,0.0001,0,0.0
2026-08-17T14:39:49.450562,100000.00,100000.00,0.0001,0,0.0
2026-08-17T14:40:51.061576,100000.00,100000.00,0.0000,0,0.0
2026-08-17T14:41:52.640191,100000.00,100000.00,0.0000,0,0.0
2026-08-17T14:42:54.239146,100000.00,100000.00,0.0000,0,0.0
2026-08-17T14:43:55.621277,100000.00,100000.00,0.0000,0,0.0
2026-08-17T14:44:56.962710,100000.00,100000.00,0.0000,0,0.0
2026-08-17T14:45:58.604330,100000.00,100000.00,0.0000,0,0.0
2026-08-17T14:47:00.150475,100000.00,100000.00,0.0000,0,0.0
2026-08-17T14:48:01.407658,100000.00,100000.00,0.0000,0,0.0
2026-08-17T14:49:02.926927,100000.00,100000.00,0.0000,0,0.0
2026-08-17T14:50:04.504008,100000.00,100000.00,0.0000,0,0.0
2026-08-17T14:51:06.396068,100000.00,100000.00,0.0000,0,0.0
2026-08-17T14:52:07.765057,100000.00,100000.00,0.0000,0,0.0
2026-08-17T14:53:09.307167,100000.00,100000.00,0.0001,0,0.0
2026-08-17T14:54:10.849807,100000.00,100000.00,0.0001,0,0.0
2026-08-17T14:55:12.088934,100000.00,100000.00,0.0001,0,0.0
2026-08-17T14:56:13.760408,100000.00,100000.00,0.0000,0,0.0
2026-08-17T14:57:15.785668,100000.00,100000.00,0.0000,0,0.0
2026-08-17T14:58:17.023177,100000.00,100000.00,0.0000,0,0.0
2026-08-17T14:59:18.239851,100000.00,100000.00,0.0000,0,0.0
2026-08-17T15:00:19.595548,100000.00,100000.00,0.0000,0,0.0
2026-08-17T15:01:21.035439,100000.00,100000.00,0.0000,0,0.0
2026-08-17T15:02:23.401538,100000.00,100000.00,0.0000,0,0.0
2026-08-17T15:03:26.068252,100000.00,100000.00,0.0000,0,0.0
2026-08-17T15:04:27.617096,100000.00,100000.00,0.0000,0,0.0
2026-08-17T15:05:29.664699,100000.00,100000.00,0.0000,0,0.0
2026-08-17T15:06:31.240342,100000.00,100000.00,0.0000,0,0.0
2026-08-17T15:07:33.379640,100000.00,100000.00,0.0000,0,0.0
2026-08-17T15:08:35.523921,100000.00,100000.00,0.0001,0,0.0
2026-08-17T15:09:36.815237,100000.00,100000.00,0.0000,0,0.0
2026-08-17T15:10:38.846950,100000.00,100000.00,0.0000,0,0.0
2026-08-17T15:11:40.160932,100000.00,100000.00,0.0000,0,0.0
2026-08-17T15:12:41.561456,100000.00,100000.00,0.0001,0,0.0
2026-08-17T15:13:42.919220,100000.00,100000.00,0.0001,0,0.0
2026-08-17T15:14:44.367506,100000.00,100000.00,0.0001,0,0.0
2026-08-17T15:15:45.714393,100000.00,100000.00,0.0001,0,0.0
2026-08-17T15:16:47.989790,100000.00,100000.00,0.0001,0,0.0
2026-08-17T15:17:50.132513,100000.00,100000.00,0.0001,0,0.0
2026-08-17T15:18:51.490316,100000.00,100000.00,0.0001,0,0.0
2026-08-17T15:19:52.830394,100000.00,100000.00,0.0001,0,0.0
2026-08-17T15:20:54.250516,100000.00,100000.00,0.0001,0,0.0
2026-08-17T15:21:56.050528,100000.00,100000.00,0.0001,0,0.0
2026-08-17T15:22:57.642396,100000.00,100000.00,0.0001,0,0.0
2026-08-17T15:23:58.878486,100000.00,100000.00,0.0001,0,0.0
2026-08-17T15:25:00.320092,100000.00,100000.00,0.0001,0,0.0
2026-08-17T15:26:01.565738,100000.00,100000.00,0.0001,0,0.0
2026-08-17T15:27:02.967846,100000.00,100000.00,0.0000,0,0.0
2026-08-17T15:28:05.873746,100000.00,100000.00,0.0000,0,0.0
2026-08-17T15:29:07.618314,100000.00,100000.00,0.0000,0,0.0
2026-08-17T15:30:11.005319,100000.00,100000.00,0.0000,0,0.0
2026-08-17T15:31:12.434708,100000.00,100000.00,0.0000,0,0.0
2026-08-17T15:32:14.103169,100000.00,100000.00,0.0000,0,0.0
2026-08-17T15:33:15.695297,100000.00,100000.00,0.0001,0,0.0
2026-08-17T15:34:20.122171,100000.00,100000.00,0.0001,0,0.0
2026-08-17T15:35:21.330975,100000.00,100000.00,0.0000,0,0.0
2026-08-17T15:36:22.876146,100000.00,100000.00,0.0000,0,0.0
2026-08-17T15:37:26.823111,100000.00,100000.00,0.0000,0,0.0
2026-08-17T15:38:28.879547,100000.00,100000.00,0.0000,0,0.0
2026-08-17T15:39:30.290040,100000.00,100000.00,0.0000,0,0.0
2026-08-17T15:40:32.745583,100000.00,100000.00,0.0000,0,0.0
2026-08-17T15:41:34.434943,100000.00,100000.00,0.0001,0,0.0
2026-08-17T15:42:36.690043,100000.00,100000.00,0.0000,0,0.0
2026-08-17T15:43:38.235686,100000.00,100000.00,0.0000,0,0.0
2026-08-17T15:44:40.291469,100000.00,100000.00,0.0000,0,0.0
2026-08-17T15:45:42.180087,100000.00,100000.00,0.0000,0,0.0
2026-08-17T15:46:45.379699,100000.00,100000.00,0.0000,0,0.0
2026-08-17T15:47:46.824783,100000.00,100000.00,0.0000,0,0.0
2026-08-17T15:48:48.129390,100000.00,100000.00,0.0000,0,0.0
2026-08-17T15:49:49.744768,100000.00,100000.00,0.0000,0,0.0
2026-08-17T15:50:51.267773,100000.00,100000.00,0.0000,0,0.0
2026-08-17T15:51:52.576523,100000.00,100000.00,0.0000,0,0.0
2026-08-17T15:52:55.133204,100000.00,100000.00,0.0000,0,0.0
2026-08-17T15:53:56.508395,100000.00,100000.00,0.0000,0,0.0
2026-08-17T15:55:01.856010,100000.00,100000.00,0.0000,0,0.0
2026-08-17T15:56:05.153124,100000.00,100000.00,0.0001,0,0.0
2026-08-17T15:57:06.795260,100000.00,100000.00,0.0000,0,0.0
2026-08-17T15:58:08.355751,100000.00,100000.00,0.0001,0,0.0
2026-08-17T15:59:09.990714,100000.00,100000.00,0.0001,0,0.0
2026-08-17T16:00:11.527173,100000.00,100000.00,0.0000,0,0.0
2026-08-17T16:01:13.164270,100000.00,100000.00,0.0001,0,0.0
2026-08-17T16:02:15.034787,100000.00,100000.00,0.0001,0,0.0
2026-08-17T16:03:17.896192,100000.00,100000.00,0.0001,0,0.0
2026-08-17T16:04:21.766633,100000.00,100000.00,0.0001,0,0.0
2026-08-17T16:05:24.058324,100000.00,100000.00,0.0001,0,0.0
2026-08-17T16:06:26.109043,100000.00,100000.00,0.0001,0,0.0
2026-08-17T16:07:27.651572,100000.00,100000.00,0.0001,0,0.0
2026-08-17T16:08:29.091340,100000.00,100000.00,0.0001,0,0.0
2026-08-17T16:09:30.595103,100000.00,100000.00,0.0001,0,0.0
2026-08-17T16:10:31.872631,100000.00,100000.00,0.0001,0,0.0
2026-08-17T16:11:33.579205,100000.00,100000.00,0.0002,0,0.0
2026-08-17T16:12:36.020990,100000.00,100000.00,0.0002,0,0.0
2026-08-17T16:13:38.140141,100000.00,100000.00,0.0002,0,0.0
2026-08-17T16:14:40.536318,100000.00,100000.00,0.0002,0,0.0
2026-08-17T16:15:47.826808,100000.00,100000.00,0.0002,0,0.0
2026-08-17T16:16:50.587577,100000.00,100000.00,0.0002,0,0.0
2026-08-17T16:17:52.900875,100000.00,100000.00,0.0002,0,0.0
2026-08-17T16:18:57.664069,100000.00,100000.00,0.0002,0,0.0
2026-08-17T16:20:01.178032,100000.00,100000.00,0.0002,0,0.0
2026-08-17T16:21:04.143431,100000.00,100000.00,0.0002,0,0.0
2026-08-17T16:22:07.079541,100000.00,100000.00,0.0002,0,0.0
2026-08-17T16:23:10.366666,100000.00,100000.00,0.0001,0,0.0
2026-08-17T16:24:12.425638,100000.00,100000.00,0.0002,0,0.0
2026-08-17T16:25:14.569966,100000.00,100000.00,0.0002,0,0.0
2026-08-17T16:26:17.379337,100000.00,100000.00,0.0002,0,0.0
2026-08-17T16:27:19.397657,100000.00,100000.00,0.0002,0,0.0
2026-08-17T16:28:20.632033,100000.00,100000.00,0.0002,0,0.0
2026-08-17T16:29:22.719012,100000.00,100000.00,0.0002,0,0.0
2026-08-17T16:30:24.130477,100000.00,100000.00,0.0002,0,0.0
2026-08-17T16:31:27.312812,100000.00,100000.00,0.0002,0,0.0
2026-08-17T16:32:28.684250,100000.00,100000.00,0.0002,0,0.0
2026-08-17T16:33:31.434882,100000.00,100000.00,0.0002,0,0.0
2026-08-17T16:34:34.705461,100000.00,100000.00,0.0001,0,0.0
2026-08-17T16:35:38.758546,100000.00,100000.00,0.0002,0,0.0
2026-08-17T16:36:42.808650,100000.00,100000.00,0.0001,0,0.0
2026-08-17T16:37:45.069834,100000.00,100000.00,0.0001,0,0.0
2026-08-17T16:38:47.123902,100000.00,100000.00,0.0001,0,0.0
2026-08-17T16:39:48.359005,100000.00,100000.00,0.0001,0,0.0
2026-08-17T16:40:49.736612,100000.00,100000.00,0.0001,0,0.0
2026-08-17T16:41:51.035586,100000.00,100000.00,0.0001,0,0.0
2026-08-17T16:42:52.365745,100000.00,100000.00,0.0001,0,0.0
2026-08-17T16:43:59.460148,100000.00,100000.00,0.0002,0,0.0
2026-08-17T16:45:10.410267,100000.00,100000.00,0.0002,0,0.0
2026-08-17T16:46:11.677982,100000.00,100000.00,0.0002,0,0.0
2026-08-17T16:47:13.187926,100000.00,100000.00,0.0002,0,0.0
2026-08-17T16:48:14.423487,100000.00,100000.00,0.0002,0,0.0
2026-08-17T16:49:15.762008,100000.00,100000.00,0.0001,0,0.0
2026-08-17T16:50:17.124463,100000.00,100000.00,0.0001,0,0.0
2026-08-17T16:51:18.847531,100000.00,100000.00,0.0002,0,0.0
2026-08-17T16:52:20.598503,100000.00,100000.00,0.0002,0,0.0
2026-08-17T16:53:21.935498,100000.00,100000.00,0.0002,0,0.0
2026-08-17T16:54:27.467882,100000.00,100000.00,0.0002,0,0.0
2026-08-17T16:55:29.667804,100000.00,100000.00,0.0002,0,0.0
2026-08-17T16:56:31.065114,100000.00,100000.00,0.0002,0,0.0
2026-08-17T16:57:32.607756,100000.00,100000.00,0.0002,0,0.0
2026-08-17T16:58:36.753330,100000.00,100000.00,0.0002,0,0.0
2026-08-17T16:59:38.423643,100000.00,100000.00,0.0002,0,0.0
2026-08-17T17:00:41.857447,100000.00,100000.00,0.0002,0,0.0
2026-08-17T17:01:45.663736,100000.00,100000.00,0.0002,0,0.0
2026-08-17T17:02:46.881612,100000.00,100000.00,0.0002,0,0.0
2026-08-17T17:04:17.830046,100000.00,100000.00,0.0002,0,0.0
2026-08-17T17:05:19.155638,100000.00,100000.00,0.0002,0,0.0
2026-08-17T17:06:23.661278,100000.00,100000.00,0.0002,0,0.0
2026-08-17T17:07:27.027451,100000.00,100000.00,0.0002,0,0.0
2026-08-17T17:08:29.129074,100000.00,100000.00,0.0002,0,0.0
2026-08-17T17:09:30.543158,100000.00,100000.00,0.0002,0,0.0
2026-08-17T17:10:33.725657,100000.00,100000.00,0.0002,0,0.0
2026-08-17T17:11:35.124111,100000.00,100000.00,0.0002,0,0.0
2026-08-17T17:12:36.506450,100000.00,100000.00,0.0002,0,0.0
2026-08-17T17:13:37.946945,100000.00,100000.00,0.0003,0,0.0
2026-08-17T17:14:39.296393,100000.00,100000.00,0.0003,0,0.0
2026-08-17T17:15:41.547990,100000.00,100000.00,0.0003,0,0.0
2026-08-17T17:16:42.883561,100000.00,100000.00,0.0003,0,0.0
2026-08-17T17:17:44.936489,100000.00,100000.00,0.0003,0,0.0
2026-08-17T17:18:46.482287,100000.00,100000.00,0.0001,0,0.0
2026-08-17T17:19:48.023400,100000.00,100000.00,0.0000,0,0.0
2026-08-17T17:20:52.230151,100000.00,100000.00,0.0000,0,0.0
2026-08-17T17:21:55.442889,100000.00,100000.00,0.0000,0,0.0
2026-08-17T17:22:56.955166,100000.00,100000.00,0.0000,0,0.0
2026-08-17T17:23:59.370664,100000.00,100000.00,0.0000,0,0.0
2026-08-17T17:25:01.097451,100000.00,100000.00,0.0001,0,0.0
2026-08-17T17:26:02.605310,100000.00,100000.00,0.0001,0,0.0
2026-08-17T17:27:04.150634,100000.00,100000.00,0.0001,0,0.0
2026-08-17T17:28:07.128531,100000.00,100000.00,0.0001,0,0.0
2026-08-17T17:29:08.390714,100000.00,100000.00,0.0001,0,0.0
2026-08-17T17:30:11.466801,100000.00,100000.00,0.0002,0,0.0
2026-08-17T17:31:12.984401,100000.00,100000.00,0.0002,0,0.0
2026-08-17T17:32:16.166222,100000.00,100000.00,0.0002,0,0.0
2026-08-17T17:33:17.705857,100000.00,100000.00,0.0002,0,0.0
2026-08-17T17:34:21.711441,100000.00,100000.00,0.0002,0,0.0
2026-08-17T17:35:25.503845,100000.00,100000.00,0.0002,0,0.0
2026-08-17T17:36:38.874099,100000.00,100000.00,0.0002,0,0.0
2026-08-17T17:37:40.471628,100000.00,100000.00,0.0002,0,0.0
2026-08-17T17:38:42.654857,100000.00,100000.00,0.0001,0,0.0
2026-08-17T17:39:44.170668,100000.00,100000.00,0.0001,0,0.0
2026-08-17T17:40:49.146120,100000.00,100000.00,0.0001,0,0.0
2026-08-17T17:41:50.633983,100000.00,100000.00,0.0001,0,0.0
2026-08-17T17:42:52.794896,100000.00,100000.00,0.0001,0,0.0
2026-08-17T17:43:56.300407,100000.00,100000.00,0.0002,0,0.0
2026-08-17T17:44:57.720252,100000.00,100000.00,0.0002,0,0.0
2026-08-17T17:46:01.006356,100000.00,100000.00,0.0001,0,0.0
2026-08-17T17:47:04.185816,100000.00,100000.00,0.0001,0,0.0
2026-08-17T17:48:10.564459,100000.00,100000.00,0.0001,0,0.0
2026-08-17T17:49:12.189169,100000.00,100000.00,0.0001,0,0.0
2026-08-17T17:50:18.133092,100000.00,100000.00,0.0001,0,0.0
2026-08-17T17:51:21.316771,100000.00,100000.00,0.0001,0,0.0
2026-08-17T17:52:22.755584,100000.00,100000.00,0.0001,0,0.0
2026-08-17T17:53:27.374509,100000.00,100000.00,0.0001,0,0.0
2026-08-17T17:54:30.201204,100000.00,100000.00,0.0001,0,0.0
2026-08-17T17:55:34.509948,100000.00,100000.00,0.0001,0,0.0
2026-08-17T17:56:41.161150,100000.00,100000.00,0.0001,0,0.0
2026-08-17T17:57:42.657072,100000.00,100000.00,0.0001,0,0.0
2026-08-17T17:58:44.099796,100000.00,100000.00,0.0001,0,0.0
2026-08-17T17:59:45.745165,100000.00,100000.00,0.0001,0,0.0
2026-08-17T18:00:49.438233,100000.00,100000.00,0.0001,0,0.0
2026-08-17T18:01:51.083328,100000.00,100000.00,0.0001,0,0.0
2026-08-17T18:02:53.861488,100000.00,100000.00,0.0001,0,0.0
2026-08-17T18:03:55.294232,100000.00,100000.00,0.0001,0,0.0
2026-08-17T18:04:57.554052,100000.00,100000.00,0.0001,0,0.0
2026-08-17T18:05:59.267402,100000.00,100000.00,0.0001,0,0.0
2026-08-17T18:07:04.022910,100000.00,100000.00,0.0001,0,0.0
2026-08-17T18:08:05.872082,100000.00,100000.00,0.0001,0,0.0
2026-08-17T18:09:17.757114,100000.00,100000.00,0.0001,0,0.0
2026-08-17T18:10:19.736601,100000.00,100000.00,0.0001,0,0.0
2026-08-17T18:11:21.663263,100000.00,100000.00,0.0001,0,0.0
2026-08-17T18:12:26.073890,100000.00,100000.00,0.0001,0,0.0
2026-08-17T18:13:29.599617,100000.00,100000.00,0.0001,0,0.0
2026-08-17T18:14:36.789723,100000.00,100000.00,0.0001,0,0.0
2026-08-17T18:15:38.586586,100000.00,100000.00,0.0001,0,0.0
2026-08-17T18:16:47.094575,100000.00,100000.00,0.0001,0,0.0
2026-08-17T18:17:50.890943,100000.00,100000.00,0.0000,0,0.0
2026-08-17T18:18:53.867230,100000.00,100000.00,0.0000,0,0.0
2026-08-17T18:20:02.373790,100000.00,100000.00,0.0001,0,0.0
2026-08-17T18:21:05.609788,100000.00,100000.00,0.0001,0,0.0
2026-08-17T18:22:09.870912,100000.00,100000.00,0.0000,0,0.0
2026-08-17T18:23:12.841549,100000.00,100000.00,0.0000,0,0.0
2026-08-17T18:24:15.205256,100000.00,100000.00,0.0000,0,0.0
2026-08-17T18:25:20.474509,100000.00,100000.00,0.0000,0,0.0
2026-08-17T18:26:21.768886,100000.00,100000.00,0.0000,0,0.0
2026-08-17T18:27:24.827905,100000.00,100000.00,0.0000,0,0.0
2026-08-17T18:28:28.943433,100000.00,100000.00,0.0000,0,0.0
2026-08-17T18:29:30.805566,100000.00,100000.00,0.0001,0,0.0
2026-08-17T18:30:32.354220,100000.00,100000.00,0.0001,0,0.0
2026-08-17T18:31:34.196191,100000.00,100000.00,0.0001,0,0.0
2026-08-17T18:32:38.144535,100000.00,100000.00,0.0001,0,0.0
2026-08-17T18:33:42.812074,100000.00,100000.00,0.0001,0,0.0
2026-08-17T18:34:44.868603,100000.00,100000.00,0.0001,0,0.0
2026-08-17T18:35:49.580225,100000.00,100000.00,0.0001,0,0.0
2026-08-17T18:36:51.361468,100000.00,100000.00,0.0001,0,0.0
2026-08-17T18:37:53.496710,100000.00,100000.00,0.0001,0,0.0
2026-08-17T18:38:54.942079,100000.00,100000.00,0.0001,0,0.0
2026-08-17T18:39:58.623272,100000.00,100000.00,0.0001,0,0.0
2026-08-17T18:41:00.399737,100000.00,100000.00,0.0001,0,0.0
2026-08-17T18:42:01.813926,100000.00,100000.00,0.0001,0,0.0
2026-08-17T18:43:03.233133,100000.00,100000.00,0.0001,0,0.0
2026-08-17T18:44:05.050049,100000.00,100000.00,0.0001,0,0.0
2026-08-17T18:45:06.786451,100000.00,100000.00,0.0001,0,0.0
2026-08-17T18:46:09.110999,100000.00,100000.00,0.0001,0,0.0
2026-08-17T18:47:10.482844,100000.00,100000.00,0.0001,0,0.0
2026-08-17T18:48:13.749952,100000.00,100000.00,0.0001,0,0.0
2026-08-17T18:49:17.017494,100000.00,100000.00,0.0001,0,0.0
2026-08-17T18:50:19.074006,100000.00,100000.00,0.0001,0,0.0
2026-08-17T18:51:20.821530,100000.00,100000.00,0.0001,0,0.0
2026-08-17T18:52:22.876029,100000.00,100000.00,0.0001,0,0.0
2026-08-17T18:53:25.873538,100000.00,100000.00,0.0001,0,0.0
2026-08-17T18:54:29.135459,100000.00,100000.00,0.0001,0,0.0
2026-08-17T18:55:31.080025,100000.00,100000.00,0.0001,0,0.0
2026-08-17T18:56:33.337761,100000.00,100000.00,0.0001,0,0.0
2026-08-17T18:57:35.019249,100000.00,100000.00,0.0001,0,0.0
2026-08-17T18:58:36.841202,100000.00,100000.00,0.0001,0,0.0
2026-08-17T18:59:39.103779,100000.00,100000.00,0.0001,0,0.0
2026-08-17T19:00:40.954883,100000.00,100000.00,0.0001,0,0.0
2026-08-17T19:01:42.908450,100000.00,100000.00,0.0001,0,0.0
2026-08-17T19:02:45.676550,100000.00,100000.00,0.0002,0,0.0
2026-08-17T19:03:48.382904,100000.00,100000.00,0.0002,0,0.0
2026-08-17T19:04:50.051032,100000.00,100000.00,0.0002,0,0.0
2026-08-17T19:05:52.557622,100000.00,100000.00,0.0002,0,0.0
2026-08-17T19:06:54.921312,100000.00,100000.00,0.0002,0,0.0
2026-08-17T19:07:56.574404,100000.00,100000.00,0.0001,0,0.0
2026-08-17T19:09:04.185575,100000.00,100000.00,0.0001,0,0.0
2026-08-17T19:10:06.142707,100000.00,100000.00,0.0001,0,0.0
2026-08-17T19:11:07.953647,100000.00,100000.00,0.0001,0,0.0
2026-08-17T19:12:09.701170,100000.00,100000.00,0.0001,0,0.0
2026-08-17T19:13:11.371689,100000.00,100000.00,0.0002,0,0.0
2026-08-17T19:14:13.499108,100000.00,100000.00,0.0002,0,0.0
2026-08-17T19:15:14.947417,100000.00,100000.00,0.0002,0,0.0
2026-08-17T19:16:16.899766,100000.00,100000.00,0.0001,0,0.0
2026-08-17T19:17:20.708247,100000.00,100000.00,0.0001,0,0.0
2026-08-17T19:18:23.054201,100000.00,100000.00,0.0002,0,0.0
2026-08-17T19:19:25.304247,100000.00,100000.00,0.0002,0,0.0
2026-08-17T19:20:27.224613,100000.00,100000.00,0.0002,0,0.0
2026-08-17T19:21:28.661505,100000.00,100000.00,0.0002,0,0.0
2026-08-17T19:22:30.368052,100000.00,100000.00,0.0002,0,0.0
2026-08-17T19:23:32.305156,100000.00,100000.00,0.0002,0,0.0
2026-08-17T19:24:35.623703,100000.00,100000.00,0.0001,0,0.0
2026-08-17T19:25:36.973078,100000.00,100000.00,0.0001,0,0.0
2026-08-17T19:26:38.268783,100000.00,100000.00,0.0001,0,0.0
2026-08-17T19:27:43.198248,100000.00,100000.00,0.0001,0,0.0
2026-08-17T19:28:44.630369,100000.00,100000.00,0.0001,0,0.0
2026-08-17T19:29:46.687925,100000.00,100000.00,0.0001,0,0.0
2026-08-17T19:30:49.458540,100000.00,100000.00,0.0001,0,0.0
2026-08-17T19:31:52.472432,100000.00,100000.00,0.0001,0,0.0
2026-08-17T19:32:53.905688,100000.00,100000.00,0.0001,0,0.0
2026-08-17T19:33:55.622867,100000.00,100000.00,0.0002,0,0.0
2026-08-17T19:34:58.702089,100000.00,100000.00,0.0002,0,0.0
2026-08-17T19:36:00.655785,100000.00,100000.00,0.0002,0,0.0
2026-08-17T19:37:02.202769,100000.00,100000.00,0.0001,0,0.0
2026-08-17T19:38:03.570455,100000.00,100000.00,0.0001,0,0.0
2026-08-17T19:39:04.976512,100000.00,100000.00,0.0001,0,0.0
2026-08-17T19:40:06.621721,100000.00,100000.00,0.0001,0,0.0
2026-08-17T19:41:08.570888,100000.00,100000.00,0.0001,0,0.0
2026-08-17T19:42:10.420413,100000.00,100000.00,0.0001,0,0.0
2026-08-17T19:43:11.758149,100000.00,100000.00,0.0001,0,0.0
2026-08-17T19:44:13.421113,100000.00,100000.00,0.0001,0,0.0
2026-08-17T19:45:15.026991,100000.00,100000.00,0.0001,0,0.0
2026-08-17T19:46:16.998487,100000.00,100000.00,0.0001,0,0.0
2026-08-17T19:47:18.644140,100000.00,100000.00,0.0001,0,0.0
2026-08-17T19:48:20.340718,100000.00,100000.00,0.0001,0,0.0
2026-08-17T19:49:21.521673,100000.00,100000.00,0.0001,0,0.0
2026-08-17T19:50:23.269146,100000.00,100000.00,0.0001,0,0.0
2026-08-17T19:51:24.910926,100000.00,100000.00,0.0001,0,0.0
2026-08-17T19:52:28.193564,100000.00,100000.00,0.0002,0,0.0
2026-08-17T19:53:29.428395,100000.00,100000.00,0.0002,0,0.0
2026-08-17T19:54:31.280545,100000.00,100000.00,0.0002,0,0.0
2026-08-17T19:55:32.821512,100000.00,100000.00,0.0002,0,0.0
2026-08-17T19:56:37.232416,100000.00,100000.00,0.0002,0,0.0
2026-08-17T19:57:39.082774,100000.00,100000.00,0.0002,0,0.0
2026-08-17T19:58:41.340820,100000.00,100000.00,0.0002,0,0.0
2026-08-17T19:59:42.781028,100000.00,100000.00,0.0002,0,0.0
2026-08-17T20:00:44.220340,100000.00,100000.00,0.0002,0,0.0
2026-08-17T20:01:46.276256,100000.00,100000.00,0.0002,0,0.0
2026-08-17T20:02:48.351173,100000.00,100000.00,0.0002,0,0.0
2026-08-17T20:03:50.078286,100000.00,100000.00,0.0002,0,0.0
2026-08-17T20:04:51.924579,100000.00,100000.00,0.0002,0,0.0
2026-08-17T20:05:53.380346,100000.00,100000.00,0.0002,0,0.0
2026-08-17T20:06:55.522678,100000.00,100000.00,0.0002,0,0.0
2026-08-17T20:07:57.577097,100000.00,100000.00,0.0002,0,0.0
2026-08-17T20:08:58.917645,100000.00,100000.00,0.0002,0,0.0
2026-08-17T20:10:00.663177,100000.00,100000.00,0.0002,0,0.0
2026-08-17T20:11:02.615423,100000.00,100000.00,0.0002,0,0.0
2026-08-17T20:12:03.957547,100000.00,100000.00,0.0002,0,0.0
2026-08-17T20:13:05.393098,100000.00,100000.00,0.0002,0,0.0
2026-08-17T20:14:06.833157,100000.00,100000.00,0.0002,0,0.0
2026-08-17T20:15:08.438569,100000.00,100000.00,0.0002,0,0.0
2026-08-17T20:16:10.051938,100000.00,100000.00,0.0002,0,0.0
2026-08-17T20:17:12.920603,100000.00,100000.00,0.0002,0,0.0
2026-08-17T20:18:14.847580,100000.00,100000.00,0.0002,0,0.0
2026-08-17T20:19:16.419831,100000.00,100000.00,0.0002,0,0.0
2026-08-17T20:20:18.774274,100000.00,100000.00,0.0002,0,0.0
2026-08-17T20:21:20.605773,100000.00,100000.00,0.0002,0,0.0
2026-08-17T20:22:22.044230,100000.00,100000.00,0.0002,0,0.0
2026-08-17T20:23:24.329817,100000.00,100000.00,0.0002,0,0.0
2026-08-17T20:24:25.558323,100000.00,100000.00,0.0002,0,0.0
2026-08-17T20:25:27.390108,100000.00,100000.00,0.0002,0,0.0
2026-08-17T20:26:29.037731,100000.00,100000.00,0.0002,0,0.0
2026-08-17T20:27:30.692689,100000.00,100000.00,0.0002,0,0.0
2026-08-17T20:28:32.326980,100000.00,100000.00,0.0001,0,0.0
2026-08-17T20:29:36.075321,100000.00,100000.00,0.0001,0,0.0
2026-08-17T20:30:38.177888,100000.00,100000.00,0.0001,0,0.0
2026-08-17T20:31:39.820221,100000.00,100000.00,0.0001,0,0.0
2026-08-17T20:32:40.959427,100000.00,100000.00,0.0002,0,0.0
2026-08-17T20:33:42.867820,100000.00,100000.00,0.0002,0,0.0
2026-08-17T20:34:47.116094,100000.00,100000.00,0.0002,0,0.0
2026-08-17T20:35:51.115388,100000.00,100000.00,0.0002,0,0.0
2026-08-17T20:36:53.370697,100000.00,100000.00,0.0001,0,0.0
2026-08-17T20:37:54.915464,100000.00,100000.00,0.0002,0,0.0
2026-08-17T20:38:57.686794,100000.00,100000.00,0.0001,0,0.0
2026-08-17T20:39:59.129075,100000.00,100000.00,0.0002,0,0.0
2026-08-17T20:41:01.133816,100000.00,100000.00,0.0001,0,0.0
2026-08-17T20:42:02.623379,100000.00,100000.00,0.0001,0,0.0
2026-08-17T20:43:04.419332,100000.00,100000.00,0.0001,0,0.0
2026-08-17T20:44:05.708776,100000.00,100000.00,0.0001,0,0.0
2026-08-17T20:45:09.102833,100000.00,100000.00,0.0001,0,0.0
2026-08-17T20:46:11.132817,100000.00,100000.00,0.0001,0,0.0
2026-08-17T20:47:12.283612,100000.00,100000.00,0.0001,0,0.0
2026-08-17T20:48:14.136752,100000.00,100000.00,0.0001,0,0.0
2026-08-17T20:49:15.570674,100000.00,100000.00,0.0002,0,0.0
2026-08-17T20:50:16.809479,100000.00,100000.00,0.0002,0,0.0
2026-08-17T20:51:18.556314,100000.00,100000.00,0.0002,0,0.0
2026-08-17T20:52:19.997018,100000.00,100000.00,0.0002,0,0.0
2026-08-17T20:53:21.545394,100000.00,100000.00,0.0002,0,0.0
2026-08-17T20:54:23.082194,100000.00,100000.00,0.0002,0,0.0
2026-08-17T20:55:24.626589,100000.00,100000.00,0.0002,0,0.0
2026-08-17T20:56:26.054351,100000.00,100000.00,0.0002,0,0.0
2026-08-17T20:57:27.288431,100000.00,100000.00,0.0001,0,0.0
2026-08-17T20:58:28.432026,100000.00,100000.00,0.0002,0,0.0
2026-08-17T20:59:29.667781,100000.00,100000.00,0.0001,0,0.0
2026-08-17T21:00:31.383393,100000.00,100000.00,0.0002,0,0.0
2026-08-17T21:01:32.802911,100000.00,100000.00,0.0001,0,0.0
2026-08-17T21:02:34.368364,100000.00,100000.00,0.0001,0,0.0
2026-08-17T21:03:36.043672,100000.00,100000.00,0.0002,0,0.0
2026-08-17T21:04:37.283407,100000.00,100000.00,0.0001,0,0.0
2026-08-17T21:05:38.868926,100000.00,100000.00,0.0001,0,0.0
2026-08-17T21:06:45.208332,100000.00,100000.00,0.0001,0,0.0
2026-08-17T21:07:47.014023,100000.00,100000.00,0.0001,0,0.0
2026-08-17T21:08:50.930937,100000.00,100000.00,0.0001,0,0.0
2026-08-17T21:09:52.268044,100000.00,100000.00,0.0001,0,0.0
2026-08-17T21:10:53.359939,100000.00,100000.00,0.0001,0,0.0
2026-08-17T21:11:56.507834,100000.00,100000.00,0.0001,0,0.0
2026-08-17T21:12:57.611471,100000.00,100000.00,0.0001,0,0.0
2026-08-17T21:13:58.746519,100000.00,100000.00,0.0002,0,0.0
2026-08-17T21:15:00.397262,100000.00,100000.00,0.0001,0,0.0
2026-08-17T21:16:01.517060,100000.00,100000.00,0.0001,0,0.0
2026-08-17T21:17:02.764555,100000.00,100000.00,0.0001,0,0.0
2026-08-17T21:18:03.994828,100000.00,100000.00,0.0002,0,0.0
2026-08-17T21:19:05.961720,100000.00,100000.00,0.0002,0,0.0
2026-08-17T21:20:07.360947,100000.00,100000.00,0.0002,0,0.0
2026-08-17T21:21:08.828052,100000.00,100000.00,0.0002,0,0.0
2026-08-17T21:22:11.063748,100000.00,100000.00,0.0002,0,0.0
2026-08-17T21:23:12.328501,100000.00,100000.00,0.0002,0,0.0
2026-08-17T21:24:13.559394,100000.00,100000.00,0.0002,0,0.0
2026-08-17T21:25:14.794799,100000.00,100000.00,0.0002,0,0.0
2026-08-17T21:26:16.030648,100000.00,100000.00,0.0002,0,0.0
2026-08-17T21:27:17.329655,100000.00,100000.00,0.0002,0,0.0
2026-08-17T21:28:18.912219,100000.00,100000.00,0.0002,0,0.0
2026-08-17T21:29:20.557399,100000.00,100000.00,0.0002,0,0.0
2026-08-17T21:30:22.240644,100000.00,100000.00,0.0002,0,0.0
2026-08-17T21:31:23.441940,100000.00,100000.00,0.0002,0,0.0
2026-08-17T21:32:24.781333,100000.00,100000.00,0.0002,0,0.0
2026-08-17T21:33:26.426762,100000.00,100000.00,0.0002,0,0.0
2026-08-17T21:34:28.278659,100000.00,100000.00,0.0002,0,0.0
2026-08-17T21:35:29.614797,100000.00,100000.00,0.0002,0,0.0
2026-08-17T21:36:30.951358,100000.00,100000.00,0.0002,0,0.0
2026-08-17T21:37:32.054164,100000.00,100000.00,0.0002,0,0.0
2026-08-17T21:38:33.831932,100000.00,100000.00,0.0002,0,0.0
2026-08-17T21:39:35.889695,100000.00,100000.00,0.0002,0,0.0
2026-08-17T21:40:37.823151,100000.00,100000.00,0.0002,0,0.0
2026-08-17T21:41:39.799671,100000.00,100000.00,0.0002,0,0.0
2026-08-17T21:42:41.027018,100000.00,100000.00,0.0002,0,0.0
2026-08-17T21:43:42.501987,100000.00,100000.00,0.0002,0,0.0
2026-08-17T21:44:43.807686,100000.00,100000.00,0.0002,0,0.0
2026-08-17T21:45:45.511586,100000.00,100000.00,0.0002,0,0.0
2026-08-17T21:46:46.773310,100000.00,100000.00,0.0002,0,0.0
2026-08-17T21:47:48.428434,100000.00,100000.00,0.0002,0,0.0
2026-08-17T21:48:50.284718,100000.00,100000.00,0.0002,0,0.0
2026-08-17T21:49:53.061827,100000.00,100000.00,0.0002,0,0.0
2026-08-17T21:50:54.397034,100000.00,100000.00,0.0002,0,0.0
2026-08-17T21:51:55.741369,100000.00,100000.00,0.0002,0,0.0
2026-08-17T21:52:57.047612,100000.00,100000.00,0.0002,0,0.0
2026-08-17T21:54:00.265815,100000.00,100000.00,0.0002,0,0.0
2026-08-17T21:55:01.600139,100000.00,100000.00,0.0002,0,0.0
2026-08-17T21:56:04.692461,100000.00,100000.00,0.0002,0,0.0
2026-08-17T21:57:07.560949,100000.00,100000.00,0.0002,0,0.0
2026-08-17T21:58:08.985890,100000.00,100000.00,0.0002,0,0.0
2026-08-17T21:59:10.326429,100000.00,100000.00,0.0002,0,0.0
2026-08-17T22:00:11.714780,100000.00,100000.00,0.0002,0,0.0
2026-08-17T22:01:13.206374,100000.00,100000.00,0.0002,0,0.0
2026-08-17T22:02:16.188077,100000.00,100000.00,0.0001,0,0.0
2026-08-17T22:03:17.338820,100000.00,100000.00,0.0002,0,0.0
2026-08-17T22:04:18.620482,100000.00,100000.00,0.0002,0,0.0
2026-08-17T22:05:21.430882,100000.00,100000.00,0.0002,0,0.0
2026-08-17T22:06:22.969214,100000.00,100000.00,0.0002,0,0.0
2026-08-17T22:07:24.307600,100000.00,100000.00,0.0002,0,0.0
2026-08-17T22:08:25.748478,100000.00,100000.00,0.0002,0,0.0
2026-08-17T22:09:28.724056,100000.00,100000.00,0.0002,0,0.0
2026-08-17T22:10:31.806424,100000.00,100000.00,0.0002,0,0.0
2026-08-17T22:11:34.882348,100000.00,100000.00,0.0002,0,0.0
2026-08-17T22:12:37.655743,100000.00,100000.00,0.0002,0,0.0
2026-08-17T22:13:38.787675,100000.00,100000.00,0.0002,0,0.0
2026-08-17T22:14:40.022946,100000.00,100000.00,0.0002,0,0.0
2026-08-17T22:15:41.873615,100000.00,100000.00,0.0002,0,0.0
2026-08-17T22:16:43.107019,100000.00,100000.00,0.0002,0,0.0
2026-08-17T22:17:44.547664,100000.00,100000.00,0.0002,0,0.0
2026-08-17T22:18:45.784094,100000.00,100000.00,0.0002,0,0.0
2026-08-17T22:19:46.918431,100000.00,100000.00,0.0003,0,0.0
2026-08-17T22:20:49.792052,100000.00,100000.00,0.0003,0,0.0
2026-08-17T22:21:51.161936,100000.00,100000.00,0.0003,0,0.0
2026-08-17T22:22:54.315623,100000.00,100000.00,0.0002,0,0.0
2026-08-17T22:23:57.412510,100000.00,100000.00,0.0002,0,0.0
2026-08-17T22:24:58.742045,100000.00,100000.00,0.0002,0,0.0
2026-08-17T22:26:00.069571,100000.00,100000.00,0.0002,0,0.0
2026-08-17T22:27:03.249129,100000.00,100000.00,0.0002,0,0.0
2026-08-17T22:28:06.221539,100000.00,100000.00,0.0002,0,0.0
2026-08-17T22:29:07.559114,100000.00,100000.00,0.0002,0,0.0
2026-08-17T22:30:08.694555,100000.00,100000.00,0.0002,0,0.0
2026-08-17T22:31:10.035452,100000.00,100000.00,0.0003,0,0.0
2026-08-17T22:32:13.324405,100000.00,100000.00,0.0003,0,0.0
2026-08-17T22:33:16.598380,100000.00,100000.00,0.0003,0,0.0
2026-08-17T22:34:19.477910,100000.00,100000.00,0.0003,0,0.0
2026-08-17T22:35:20.813341,100000.00,100000.00,0.0002,0,0.0
2026-08-17T22:36:21.945403,100000.00,100000.00,0.0002,0,0.0
2026-08-17T22:37:23.436862,100000.00,100000.00,0.0002,0,0.0
2026-08-17T22:38:26.772762,100000.00,100000.00,0.0002,0,0.0
2026-08-17T22:39:27.905722,100000.00,100000.00,0.0002,0,0.0
2026-08-17T22:40:30.986807,100000.00,100000.00,0.0002,0,0.0
2026-08-17T22:41:33.960489,100000.00,100000.00,0.0002,0,0.0
2026-08-17T22:42:36.938419,100000.00,100000.00,0.0002,0,0.0
2026-08-17T22:43:38.280210,100000.00,100000.00,0.0002,0,0.0
2026-08-17T22:44:39.511846,100000.00,100000.00,0.0002,0,0.0
2026-08-17T22:45:42.796238,100000.00,100000.00,0.0002,0,0.0
2026-08-17T22:46:44.136451,100000.00,100000.00,0.0002,0,0.0
2026-08-17T22:47:45.369088,100000.00,100000.00,0.0002,0,0.0
2026-08-17T22:48:48.547833,100000.00,100000.00,0.0002,0,0.0
2026-08-17T22:49:51.628912,100000.00,100000.00,0.0002,0,0.0
2026-08-17T22:50:52.968858,100000.00,100000.00,0.0002,0,0.0
2026-08-17T22:51:56.359827,100000.00,100000.00,0.0002,0,0.0
2026-08-17T22:52:57.590344,100000.00,100000.00,0.0002,0,0.0
2026-08-17T22:54:00.617419,100000.00,100000.00,0.0002,0,0.0
2026-08-17T22:55:03.387982,100000.00,100000.00,0.0002,0,0.0
2026-08-17T22:56:06.726772,100000.00,100000.00,0.0002,0,0.0
2026-08-17T22:57:09.907504,100000.00,100000.00,0.0002,0,0.0
2026-08-17T22:58:12.804326,100000.00,100000.00,0.0002,0,0.0
2026-08-17T22:59:15.860680,100000.00,100000.00,0.0002,0,0.0
2026-08-17T23:00:17.302555,100000.00,100000.00,0.0003,0,0.0
2026-08-17T23:01:19.459772,100000.00,100000.00,0.0002,0,0.0
2026-08-17T23:02:20.691925,100000.00,100000.00,0.0002,0,0.0
2026-08-17T23:03:22.856449,100000.00,100000.00,0.0002,0,0.0
2026-08-17T23:04:26.031514,100000.00,100000.00,0.0002,0,0.0
2026-08-17T23:05:27.269722,100000.00,100000.00,0.0002,0,0.0
2026-08-17T23:06:29.630947,100000.00,100000.00,0.0002,0,0.0
2026-08-17T23:07:30.764990,100000.00,100000.00,0.0002,0,0.0
2026-08-17T23:08:32.103839,100000.00,100000.00,0.0002,0,0.0
2026-08-17T23:09:33.339409,100000.00,100000.00,0.0002,0,0.0
2026-08-17T23:10:34.473891,100000.00,100000.00,0.0002,0,0.0
2026-08-17T23:11:35.814018,100000.00,100000.00,0.0002,0,0.0
2026-08-17T23:12:37.252689,100000.00,100000.00,0.0002,0,0.0
2026-08-17T23:13:38.587275,100000.00,100000.00,0.0002,0,0.0
2026-08-17T23:14:39.720648,100000.00,100000.00,0.0002,0,0.0
2026-08-17T23:15:40.858487,100000.00,100000.00,0.0002,0,0.0
2026-08-17T23:16:41.887582,100000.00,100000.00,0.0001,0,0.0
2026-08-17T23:17:43.225452,100000.00,100000.00,0.0001,0,0.0
2026-08-17T23:18:44.408824,100000.00,100000.00,0.0001,0,0.0
2026-08-17T23:19:46.823352,100000.00,100000.00,0.0001,0,0.0
2026-08-17T23:20:47.961061,100000.00,100000.00,0.0001,0,0.0
2026-08-17T23:21:49.705087,100000.00,100000.00,0.0001,0,0.0
2026-08-17T23:22:50.941573,100000.00,100000.00,0.0001,0,0.0
2026-08-17T23:23:52.176252,100000.00,100000.00,0.0001,0,0.0
2026-08-17T23:24:53.410178,100000.00,100000.00,0.0001,0,0.0
2026-08-17T23:25:55.194904,100000.00,100000.00,0.0001,0,0.0
2026-08-17T23:26:56.188677,100000.00,100000.00,0.0000,0,0.0
2026-08-17T23:27:57.675831,100000.00,100000.00,0.0000,0,0.0
2026-08-17T23:28:59.076764,100000.00,100000.00,0.0000,0,0.0
2026-08-17T23:30:00.420711,100000.00,100000.00,0.0000,0,0.0
2026-08-17T23:31:03.388594,100000.00,100000.00,0.0000,0,0.0
2026-08-17T23:32:06.586349,100000.00,100000.00,0.0000,0,0.0
2026-08-17T23:33:09.750194,100000.00,100000.00,0.0000,0,0.0
2026-08-17T23:34:12.638836,100000.00,100000.00,0.0000,0,0.0
2026-08-17T23:35:13.865934,100000.00,100000.00,0.0000,0,0.0
2026-08-17T23:36:17.042788,100000.00,100000.00,0.0001,0,0.0
2026-08-17T23:37:18.175531,100000.00,100000.00,0.0001,0,0.0
2026-08-17T23:38:19.412368,100000.00,100000.00,0.0001,0,0.0
2026-08-17T23:39:22.407719,100000.00,100000.00,0.0001,0,0.0
2026-08-17T23:40:25.467450,100000.00,100000.00,0.0001,0,0.0
2026-08-17T23:41:26.703793,100000.00,100000.00,0.0001,0,0.0
2026-08-17T23:42:27.836482,100000.00,100000.00,0.0001,0,0.0
2026-08-17T23:43:30.709039,100000.00,100000.00,0.0001,0,0.0
2026-08-17T23:44:31.844198,100000.00,100000.00,0.0001,0,0.0
2026-08-17T23:45:33.082683,100000.00,100000.00,0.0001,0,0.0
2026-08-17T23:46:34.110251,100000.00,100000.00,0.0001,0,0.0
2026-08-17T23:47:35.347087,100000.00,100000.00,0.0001,0,0.0
2026-08-17T23:48:36.479833,100000.00,100000.00,0.0001,0,0.0
2026-08-17T23:49:37.714702,100000.00,100000.00,0.0001,0,0.0
2026-08-17T23:50:38.848559,100000.00,100000.00,0.0001,0,0.0
2026-08-17T23:51:43.054493,100000.00,100000.00,0.0001,0,0.0
2026-08-17T23:52:46.235550,100000.00,100000.00,0.0001,0,0.0
2026-08-17T23:53:49.414751,100000.00,100000.00,0.0001,0,0.0
2026-08-17T23:54:50.860479,100000.00,100000.00,0.0001,0,0.0
2026-08-17T23:55:52.195643,100000.00,100000.00,0.0001,0,0.0
2026-08-17T23:56:53.535407,100000.00,100000.00,0.0001,0,0.0
2026-08-17T23:57:54.771921,100000.00,100000.00,0.0001,0,0.0
2026-08-17T23:58:55.902869,100000.00,100000.00,0.0001,0,0.0
2026-08-17T23:59:57.036015,100000.00,100000.00,0.0001,0,0.0
2026-08-18T00:00:59.706047,100000.00,100000.00,0.0001,0,0.0
2026-08-18T00:02:00.941489,100000.00,100000.00,0.0001,0,0.0
2026-08-18T00:03:04.022747,100000.00,100000.00,0.0001,0,0.0
2026-08-18T00:04:05.151107,100000.00,100000.00,0.0001,0,0.0
2026-08-18T00:05:08.032167,100000.00,100000.00,0.0001,0,0.0
2026-08-18T00:06:09.374301,100000.00,100000.00,0.0001,0,0.0
2026-08-18T00:07:12.548648,100000.00,100000.00,0.0002,0,0.0
2026-08-18T00:08:13.790893,100000.00,100000.00,0.0002,0,0.0
2026-08-18T00:09:15.532316,100000.00,100000.00,0.0002,0,0.0
2026-08-18T00:10:17.197993,100000.00,100000.00,0.0002,0,0.0
2026-08-18T00:11:20.253373,100000.00,100000.00,0.0002,0,0.0
2026-08-18T00:12:21.397884,100000.00,100000.00,0.0002,0,0.0
2026-08-18T00:13:22.625151,100000.00,100000.00,0.0002,0,0.0
2026-08-18T00:14:25.807516,100000.00,100000.00,0.0002,0,0.0
2026-08-18T00:15:27.145327,100000.00,100000.00,0.0002,0,0.0
2026-08-18T00:16:30.121222,100000.00,100000.00,0.0002,0,0.0
2026-08-18T00:17:33.203935,100000.00,100000.00,0.0002,0,0.0
2026-08-18T00:18:36.486399,100000.00,100000.00,0.0001,0,0.0
2026-08-18T00:19:39.459587,100000.00,100000.00,0.0001,0,0.0
2026-08-18T00:20:42.323914,100000.00,100000.00,0.0002,0,0.0
2026-08-18T00:21:45.106198,100000.00,100000.00,0.0001,0,0.0
2026-08-18T00:22:46.210509,100000.00,100000.00,0.0002,0,0.0
2026-08-18T00:23:49.115635,100000.00,100000.00,0.0001,0,0.0
2026-08-18T00:24:52.296685,100000.00,100000.00,0.0001,0,0.0
2026-08-18T00:25:55.271110,100000.00,100000.00,0.0001,0,0.0
2026-08-18T00:26:58.655310,100000.00,100000.00,0.0002,0,0.0
2026-08-18T00:28:01.445519,100000.00,100000.00,0.0001,0,0.0
2026-08-18T00:29:04.408387,100000.00,100000.00,0.0001,0,0.0
2026-08-18T00:30:07.449838,100000.00,100000.00,0.0001,0,0.0
2026-08-18T00:31:10.562552,100000.00,100000.00,0.0002,0,0.0
2026-08-18T00:32:11.799906,100000.00,100000.00,0.0002,0,0.0
2026-08-18T00:33:14.878108,100000.00,100000.00,0.0002,0,0.0
2026-08-18T00:34:16.069630,100000.00,100000.00,0.0002,0,0.0
2026-08-18T00:35:17.221362,100000.00,100000.00,0.0002,0,0.0
2026-08-18T00:36:20.327552,100000.00,100000.00,0.0002,0,0.0
2026-08-18T00:37:23.508644,100000.00,100000.00,0.0002,0,0.0
2026-08-18T00:38:26.281383,100000.00,100000.00,0.0002,0,0.0
2026-08-18T00:39:27.639147,100000.00,100000.00,0.0002,0,0.0
2026-08-18T00:40:28.750884,100000.00,100000.00,0.0002,0,0.0
2026-08-18T00:41:31.935919,100000.00,100000.00,0.0002,0,0.0
2026-08-18T00:42:33.481278,100000.00,100000.00,0.0002,0,0.0
2026-08-18T00:43:36.453792,100000.00,100000.00,0.0002,0,0.0
2026-08-18T00:44:37.578307,100000.00,100000.00,0.0002,0,0.0
2026-08-18T00:45:40.558542,100000.00,100000.00,0.0002,0,0.0
2026-08-18T00:46:43.539608,100000.00,100000.00,0.0002,0,0.0
2026-08-18T00:47:44.671495,100000.00,100000.00,0.0002,0,0.0
2026-08-18T00:48:45.906784,100000.00,100000.00,0.0002,0,0.0
2026-08-18T00:49:47.084838,100000.00,100000.00,0.0002,0,0.0
2026-08-18T00:50:48.276858,100000.00,100000.00,0.0002,0,0.0
2026-08-18T00:51:49.508150,100000.00,100000.00,0.0002,0,0.0
2026-08-18T00:52:52.897853,100000.00,100000.00,0.0002,0,0.0
2026-08-18T00:53:54.021566,100000.00,100000.00,0.0002,0,0.0
2026-08-18T00:54:55.163998,100000.00,100000.00,0.0002,0,0.0
2026-08-18T00:55:56.193286,100000.00,100000.00,0.0002,0,0.0
2026-08-18T00:56:59.378397,100000.00,100000.00,0.0002,0,0.0
2026-08-18T00:58:00.609919,100000.00,100000.00,0.0002,0,0.0
2026-08-18T00:59:02.258231,100000.00,100000.00,0.0002,0,0.0
2026-08-18T01:00:04.081308,100000.00,100000.00,0.0002,0,0.0
2026-08-18T01:01:05.446486,100000.00,100000.00,0.0002,0,0.0
2026-08-18T01:02:06.573418,100000.00,100000.00,0.0002,0,0.0
2026-08-18T01:03:09.653337,100000.00,100000.00,0.0002,0,0.0
2026-08-18T01:04:12.547008,100000.00,100000.00,0.0002,0,0.0
2026-08-18T01:05:15.303656,100000.00,100000.00,0.0003,0,0.0
2026-08-18T01:06:17.415676,100000.00,100000.00,0.0003,0,0.0
2026-08-18T01:07:20.435659,100000.00,100000.00,0.0003,0,0.0
2026-08-18T01:08:23.313368,100000.00,100000.00,0.0003,0,0.0
2026-08-18T01:09:25.264814,100000.00,100000.00,0.0003,0,0.0
2026-08-18T01:10:28.138416,100000.00,100000.00,0.0003,0,0.0
2026-08-18T01:11:30.192559,100000.00,100000.00,0.0003,0,0.0
2026-08-18T01:12:33.272646,100000.00,100000.00,0.0002,0,0.0
2026-08-18T01:13:35.328178,100000.00,100000.00,0.0002,0,0.0
2026-08-18T01:14:39.736278,100000.00,100000.00,0.0003,0,0.0
2026-08-18T01:15:43.021190,100000.00,100000.00,0.0002,0,0.0
2026-08-18T01:16:45.486891,100000.00,100000.00,0.0003,0,0.0
2026-08-18T01:17:48.562193,100000.00,100000.00,0.0003,0,0.0
2026-08-18T01:18:50.824767,100000.00,100000.00,0.0003,0,0.0
2026-08-18T01:19:52.777602,100000.00,100000.00,0.0003,0,0.0
2026-08-18T01:20:55.960123,100000.00,100000.00,0.0003,0,0.0
2026-08-18T01:21:59.037421,100000.00,100000.00,0.0003,0,0.0
2026-08-18T01:23:02.014095,100000.00,100000.00,0.0003,0,0.0
2026-08-18T01:24:03.351701,100000.00,100000.00,0.0003,0,0.0
2026-08-18T01:25:06.209922,100000.00,100000.00,0.0003,0,0.0
2026-08-18T01:26:09.408324,100000.00,100000.00,0.0003,0,0.0
2026-08-18T01:27:12.284912,100000.00,100000.00,0.0003,0,0.0
2026-08-18T01:28:15.259665,100000.00,100000.00,0.0003,0,0.0
2026-08-18T01:29:18.235337,100000.00,100000.00,0.0003,0,0.0
2026-08-18T01:30:21.131382,100000.00,100000.00,0.0003,0,0.0
2026-08-18T01:31:23.984678,100000.00,100000.00,0.0003,0,0.0
2026-08-18T01:32:27.102826,100000.00,100000.00,0.0003,0,0.0
2026-08-18T01:33:30.346768,100000.00,100000.00,0.0003,0,0.0
2026-08-18T01:34:33.118131,100000.00,100000.00,0.0003,0,0.0
2026-08-18T01:35:38.759437,100000.00,100000.00,0.0003,0,0.0
2026-08-18T01:36:41.734864,100000.00,100000.00,0.0003,0,0.0
2026-08-18T01:37:44.711038,100000.00,100000.00,0.0003,0,0.0
2026-08-18T01:38:47.994773,100000.00,100000.00,0.0003,0,0.0
2026-08-18T01:39:50.886815,100000.00,100000.00,0.0003,0,0.0
2026-08-18T01:40:53.742755,100000.00,100000.00,0.0003,0,0.0
2026-08-18T01:41:56.823031,100000.00,100000.00,0.0003,0,0.0
2026-08-18T01:42:59.604498,100000.00,100000.00,0.0004,0,0.0
2026-08-18T01:44:01.651864,100000.00,100000.00,0.0003,0,0.0
2026-08-18T01:45:04.523469,100000.00,100000.00,0.0003,0,0.0
2026-08-18T01:46:07.600379,100000.00,100000.00,0.0003,0,0.0
2026-08-18T01:47:10.683174,100000.00,100000.00,0.0004,0,0.0
2026-08-18T01:48:13.664073,100000.00,100000.00,0.0004,0,0.0
2026-08-18T01:49:16.634568,100000.00,100000.00,0.0004,0,0.0
2026-08-18T01:50:20.036297,100000.00,100000.00,0.0004,0,0.0
2026-08-18T01:51:23.100782,100000.00,100000.00,0.0004,0,0.0
2026-08-18T01:52:26.087595,100000.00,100000.00,0.0004,0,0.0
2026-08-18T01:53:28.846317,100000.00,100000.00,0.0005,0,0.0
2026-08-18T01:54:31.824536,100000.00,100000.00,0.0005,0,0.0
2026-08-18T01:55:33.367161,100000.00,100000.00,0.0005,0,0.0
2026-08-18T01:56:36.397385,100000.00,100000.00,0.0005,0,0.0
2026-08-18T01:57:39.320749,100000.00,100000.00,0.0005,0,0.0
2026-08-18T01:58:42.299563,100000.00,100000.00,0.0004,0,0.0
2026-08-18T01:59:45.374590,100000.00,100000.00,0.0004,0,0.0
2026-08-18T02:00:46.509548,100000.00,100000.00,0.0004,0,0.0
2026-08-18T02:01:49.493498,100000.00,100000.00,0.0004,0,0.0
2026-08-18T02:02:51.028326,100000.00,100000.00,0.0004,0,0.0
2026-08-18T02:03:54.122333,100000.00,100000.00,0.0004,0,0.0
2026-08-18T02:04:57.013805,100000.00,100000.00,0.0004,0,0.0
2026-08-18T02:06:00.062013,100000.00,100000.00,0.0004,0,0.0
2026-08-18T02:07:01.601846,100000.00,100000.00,0.0004,0,0.0
2026-08-18T02:08:03.555442,100000.00,100000.00,0.0004,0,0.0
2026-08-18T02:09:04.790594,100000.00,100000.00,0.0004,0,0.0
2026-08-18T02:10:05.927162,100000.00,100000.00,0.0004,0,0.0
2026-08-18T02:11:07.160877,100000.00,100000.00,0.0004,0,0.0
2026-08-18T02:12:08.604087,100000.00,100000.00,0.0004,0,0.0
2026-08-18T02:13:11.588970,100000.00,100000.00,0.0004,0,0.0
2026-08-18T02:14:14.248112,100000.00,100000.00,0.0004,0,0.0
2026-08-18T02:15:15.484585,100000.00,100000.00,0.0005,0,0.0
2026-08-18T02:16:18.567242,100000.00,100000.00,0.0005,0,0.0
2026-08-18T02:17:21.744734,100000.00,100000.00,0.0005,0,0.0
2026-08-18T02:18:24.719371,100000.00,100000.00,0.0005,0,0.0
2026-08-18T02:19:27.490614,100000.00,100000.00,0.0005,0,0.0
2026-08-18T02:20:28.625244,100000.00,100000.00,0.0004,0,0.0
2026-08-18T02:21:29.988903,100000.00,100000.00,0.0004,0,0.0
2026-08-18T02:22:31.410345,100000.00,100000.00,0.0004,0,0.0
2026-08-18T02:23:32.843204,100000.00,100000.00,0.0004,0,0.0
2026-08-18T02:24:33.978448,100000.00,100000.00,0.0005,0,0.0
2026-08-18T02:25:35.149503,100000.00,100000.00,0.0005,0,0.0
2026-08-18T02:26:36.349647,100000.00,100000.00,0.0005,0,0.0
2026-08-18T02:27:37.579336,100000.00,100000.00,0.0005,0,0.0
2026-08-18T02:28:40.974915,100000.00,100000.00,0.0005,0,0.0
2026-08-18T02:29:43.952163,100000.00,100000.00,0.0005,0,0.0
2026-08-18T02:30:45.019081,100000.00,100000.00,0.0005,0,0.0
2026-08-18T02:31:46.520738,100000.00,100000.00,0.0005,0,0.0
2026-08-18T02:32:47.962073,100000.00,100000.00,0.0005,0,0.0
2026-08-18T02:33:49.299794,100000.00,100000.00,0.0005,0,0.0
2026-08-18T02:34:52.581177,100000.00,100000.00,0.0005,0,0.0
2026-08-18T02:35:54.006069,100000.00,100000.00,0.0005,0,0.0
2026-08-18T02:36:55.259123,100000.00,100000.00,0.0005,0,0.0
2026-08-18T02:37:58.645100,100000.00,100000.00,0.0005,0,0.0
2026-08-18T02:39:00.291320,100000.00,100000.00,0.0005,0,0.0
2026-08-18T02:40:03.065759,100000.00,100000.00,0.0005,0,0.0
2026-08-18T02:41:04.503145,100000.00,100000.00,0.0005,0,0.0
2026-08-18T02:42:06.046673,100000.00,100000.00,0.0005,0,0.0
2026-08-18T02:43:07.898041,100000.00,100000.00,0.0005,0,0.0
2026-08-18T02:44:09.030663,100000.00,100000.00,0.0005,0,0.0
2026-08-18T02:45:11.799978,100000.00,100000.00,0.0006,0,0.0
2026-08-18T02:46:14.793782,100000.00,100000.00,0.0007,0,0.0
2026-08-18T02:47:16.321476,100000.00,100000.00,0.0006,0,0.0
2026-08-18T02:48:19.708062,100000.00,100000.00,0.0006,0,0.0
2026-08-18T02:49:22.787565,100000.00,100000.00,0.0006,0,0.0
2026-08-18T02:50:25.965677,100000.00,100000.00,0.0006,0,0.0
2026-08-18T02:51:29.049775,100000.00,100000.00,0.0005,0,0.0
2026-08-18T02:52:30.185114,100000.00,100000.00,0.0006,0,0.0
2026-08-18T02:53:32.951426,100000.00,100000.00,0.0006,0,0.0
2026-08-18T02:54:34.412035,100000.00,100000.00,0.0006,0,0.0
2026-08-18T02:55:36.047447,100000.00,100000.00,0.0006,0,0.0
2026-08-18T02:56:39.118089,100000.00,100000.00,0.0006,0,0.0
2026-08-18T02:57:42.409486,100000.00,100000.00,0.0006,0,0.0
2026-08-18T02:58:45.277397,100000.00,100000.00,0.0006,0,0.0
2026-08-18T02:59:46.620067,100000.00,100000.00,0.0006,0,0.0
2026-08-18T03:00:47.851890,100000.00,100000.00,0.0006,0,0.0
2026-08-18T03:01:50.928057,100000.00,100000.00,0.0006,0,0.0
2026-08-18T03:02:54.006573,100000.00,100000.00,0.0006,0,0.0
2026-08-18T03:03:57.089058,100000.00,100000.00,0.0006,0,0.0
2026-08-18T03:04:58.218048,100000.00,100000.00,0.0006,0,0.0
2026-08-18T03:05:59.454583,100000.00,100000.00,0.0006,0,0.0
2026-08-18T03:07:01.199519,100000.00,100000.00,0.0006,0,0.0
2026-08-18T03:08:04.282076,100000.00,100000.00,0.0006,0,0.0
2026-08-18T03:09:09.100898,100000.00,100000.00,0.0006,0,0.0
2026-08-18T03:10:10.235753,100000.00,100000.00,0.0006,0,0.0
2026-08-18T03:11:11.574490,100000.00,100000.00,0.0006,0,0.0
2026-08-18T03:12:14.345224,100000.00,100000.00,0.0006,0,0.0
2026-08-18T03:13:17.320265,100000.00,100000.00,0.0006,0,0.0
2026-08-18T03:14:20.913819,100000.00,100000.00,0.0006,0,0.0
2026-08-18T03:15:22.046727,100000.00,100000.00,0.0006,0,0.0
2026-08-18T03:16:24.838732,100000.00,100000.00,0.0006,0,0.0
2026-08-18T03:17:26.053517,100000.00,100000.00,0.0006,0,0.0
2026-08-18T03:18:29.141233,100000.00,100000.00,0.0006,0,0.0
2026-08-18T03:19:32.211587,100000.00,100000.00,0.0006,0,0.0
2026-08-18T03:20:33.343201,100000.00,100000.00,0.0006,0,0.0
2026-08-18T03:21:34.476679,100000.00,100000.00,0.0007,0,0.0
2026-08-18T03:22:35.610338,100000.00,100000.00,0.0006,0,0.0
2026-08-18T03:23:38.585159,100000.00,100000.00,0.0006,0,0.0
2026-08-18T03:24:39.615887,100000.00,100000.00,0.0006,0,0.0
2026-08-18T03:25:42.184375,100000.00,100000.00,0.0006,0,0.0
2026-08-18T03:26:45.057242,100000.00,100000.00,0.0006,0,0.0
2026-08-18T03:27:46.251406,100000.00,100000.00,0.0006,0,0.0
2026-08-18T03:28:47.325507,100000.00,100000.00,0.0006,0,0.0
2026-08-18T03:29:48.458500,100000.00,100000.00,0.0006,0,0.0
2026-08-18T03:30:51.332796,100000.00,100000.00,0.0007,0,0.0
2026-08-18T03:31:52.465131,100000.00,100000.00,0.0007,0,0.0
2026-08-18T03:32:55.435939,100000.00,100000.00,0.0007,0,0.0
2026-08-18T03:33:58.319640,100000.00,100000.00,0.0007,0,0.0
2026-08-18T03:34:59.418524,100000.00,100000.00,0.0007,0,0.0
2026-08-18T03:36:00.481137,100000.00,100000.00,0.0007,0,0.0
2026-08-18T03:37:03.364723,100000.00,100000.00,0.0006,0,0.0
2026-08-18T03:38:04.487270,100000.00,100000.00,0.0006,0,0.0
2026-08-18T03:39:05.619443,100000.00,100000.00,0.0006,0,0.0
2026-08-18T03:40:06.857662,100000.00,100000.00,0.0006,0,0.0
2026-08-18T03:41:07.887879,100000.00,100000.00,0.0006,0,0.0
2026-08-18T03:42:08.918042,100000.00,100000.00,0.0006,0,0.0
2026-08-18T03:43:11.793503,100000.00,100000.00,0.0006,0,0.0
2026-08-18T03:44:12.822830,100000.00,100000.00,0.0006,0,0.0
2026-08-18T03:45:15.900778,100000.00,100000.00,0.0005,0,0.0
2026-08-18T03:46:18.982524,100000.00,100000.00,0.0006,0,0.0
2026-08-18T03:47:21.752558,100000.00,100000.00,0.0006,0,0.0
2026-08-18T03:48:24.832356,100000.00,100000.00,0.0006,0,0.0
2026-08-18T03:49:27.705124,100000.00,100000.00,0.0006,0,0.0
2026-08-18T03:50:30.262380,100000.00,100000.00,0.0006,0,0.0
2026-08-18T03:51:33.045601,100000.00,100000.00,0.0005,0,0.0
2026-08-18T03:52:34.133615,100000.00,100000.00,0.0005,0,0.0
2026-08-18T03:53:35.137805,100000.00,100000.00,0.0005,0,0.0
2026-08-18T03:54:38.186940,100000.00,100000.00,0.0006,0,0.0
2026-08-18T03:55:39.317950,100000.00,100000.00,0.0006,0,0.0
2026-08-18T03:56:42.296626,100000.00,100000.00,0.0005,0,0.0
2026-08-18T03:57:45.272952,100000.00,100000.00,0.0006,0,0.0
2026-08-18T03:58:47.939846,100000.00,100000.00,0.0006,0,0.0
2026-08-18T03:59:50.713801,100000.00,100000.00,0.0005,0,0.0
2026-08-18T04:00:52.973049,100000.00,100000.00,0.0006,0,0.0
2026-08-18T04:01:55.743010,100000.00,100000.00,0.0006,0,0.0
2026-08-18T04:02:56.790420,100000.00,100000.00,0.0006,0,0.0
2026-08-18T04:03:57.909455,100000.00,100000.00,0.0006,0,0.0
2026-08-18T04:05:00.782280,100000.00,100000.00,0.0006,0,0.0
2026-08-18T04:06:01.861428,100000.00,100000.00,0.0006,0,0.0
2026-08-18T04:07:04.688437,100000.00,100000.00,0.0006,0,0.0
2026-08-18T04:08:07.421161,100000.00,100000.00,0.0006,0,0.0
2026-08-18T04:09:08.491143,100000.00,100000.00,0.0006,0,0.0
2026-08-18T04:10:09.522037,100000.00,100000.00,0.0006,0,0.0
2026-08-18T04:11:10.654905,100000.00,100000.00,0.0006,0,0.0
2026-08-18T04:12:11.758516,100000.00,100000.00,0.0006,0,0.0
2026-08-18T04:13:12.819485,100000.00,100000.00,0.0006,0,0.0
2026-08-18T04:14:13.953396,100000.00,100000.00,0.0005,0,0.0
2026-08-18T04:15:15.188114,100000.00,100000.00,0.0006,0,0.0
2026-08-18T04:16:18.063808,100000.00,100000.00,0.0006,0,0.0
2026-08-18T04:17:19.195704,100000.00,100000.00,0.0006,0,0.0
2026-08-18T04:18:20.329814,100000.00,100000.00,0.0006,0,0.0
2026-08-18T04:19:21.359946,100000.00,100000.00,0.0006,0,0.0
2026-08-18T04:20:22.596468,100000.00,100000.00,0.0006,0,0.0
2026-08-18T04:21:23.729324,100000.00,100000.00,0.0006,0,0.0
2026-08-18T04:22:24.862679,100000.00,100000.00,0.0006,0,0.0
2026-08-18T04:23:25.995629,100000.00,100000.00,0.0006,0,0.0
2026-08-18T04:24:27.334835,100000.00,100000.00,0.0006,0,0.0
2026-08-18T04:25:28.467795,100000.00,100000.00,0.0006,0,0.0
2026-08-18T04:26:29.543076,100000.00,100000.00,0.0006,0,0.0
2026-08-18T04:27:30.631699,100000.00,100000.00,0.0006,0,0.0
2026-08-18T04:28:31.662530,100000.00,100000.00,0.0006,0,0.0
2026-08-18T04:29:32.795817,100000.00,100000.00,0.0006,0,0.0
2026-08-18T04:30:33.932183,100000.00,100000.00,0.0005,0,0.0
2026-08-18T04:31:35.019362,100000.00,100000.00,0.0005,0,0.0
2026-08-18T04:32:37.836792,100000.00,100000.00,0.0005,0,0.0
2026-08-18T04:33:41.017304,100000.00,100000.00,0.0005,0,0.0
2026-08-18T04:34:43.890636,100000.00,100000.00,0.0005,0,0.0
2026-08-18T04:35:45.023435,100000.00,100000.00,0.0005,0,0.0
2026-08-18T04:36:46.114865,100000.00,100000.00,0.0005,0,0.0
2026-08-18T04:37:47.150771,100000.00,100000.00,0.0005,0,0.0
2026-08-18T04:38:50.163377,100000.00,100000.00,0.0005,0,0.0
2026-08-18T04:39:51.295253,100000.00,100000.00,0.0005,0,0.0
2026-08-18T04:40:54.172117,100000.00,100000.00,0.0005,0,0.0
2026-08-18T04:41:57.045507,100000.00,100000.00,0.0005,0,0.0
2026-08-18T04:42:58.044578,100000.00,100000.00,0.0005,0,0.0
2026-08-18T04:43:59.209314,100000.00,100000.00,0.0005,0,0.0
2026-08-18T04:45:00.341158,100000.00,100000.00,0.0005,0,0.0
2026-08-18T04:46:01.438575,100000.00,100000.00,0.0005,0,0.0
2026-08-18T04:47:02.508165,100000.00,100000.00,0.0005,0,0.0
2026-08-18T04:48:06.064333,100000.00,100000.00,0.0005,0,0.0
2026-08-18T04:49:07.369618,100000.00,100000.00,0.0005,0,0.0
2026-08-18T04:50:10.004228,100000.00,100000.00,0.0005,0,0.0
2026-08-18T04:51:11.086853,100000.00,100000.00,0.0005,0,0.0
2026-08-18T04:52:13.806619,100000.00,100000.00,0.0005,0,0.0
2026-08-18T04:53:16.882383,100000.00,100000.00,0.0005,0,0.0
2026-08-18T04:54:19.655646,100000.00,100000.00,0.0005,0,0.0
2026-08-18T04:55:22.529028,100000.00,100000.00,0.0005,0,0.0
2026-08-18T04:56:23.735222,100000.00,100000.00,0.0005,0,0.0
2026-08-18T04:57:26.426133,100000.00,100000.00,0.0005,0,0.0
2026-08-18T04:58:29.309449,100000.00,100000.00,0.0005,0,0.0
2026-08-18T04:59:30.545397,100000.00,100000.00,0.0005,0,0.0
2026-08-18T05:00:33.521664,100000.00,100000.00,0.0005,0,0.0
2026-08-18T05:01:34.550381,100000.00,100000.00,0.0005,0,0.0
2026-08-18T05:02:35.583509,100000.00,100000.00,0.0005,0,0.0
2026-08-18T05:03:36.663370,100000.00,100000.00,0.0005,0,0.0
2026-08-18T05:04:37.745751,100000.00,100000.00,0.0005,0,0.0
2026-08-18T05:05:40.825442,100000.00,100000.00,0.0005,0,0.0
2026-08-18T05:06:41.959409,100000.00,100000.00,0.0005,0,0.0
2026-08-18T05:07:45.244541,100000.00,100000.00,0.0005,0,0.0
2026-08-18T05:08:48.423785,100000.00,100000.00,0.0005,0,0.0
2026-08-18T05:09:51.344101,100000.00,100000.00,0.0004,0,0.0
2026-08-18T05:10:52.620909,100000.00,100000.00,0.0005,0,0.0
2026-08-18T05:11:55.410773,100000.00,100000.00,0.0005,0,0.0
2026-08-18T05:12:58.999094,100000.00,100000.00,0.0005,0,0.0
2026-08-18T05:14:00.132871,100000.00,100000.00,0.0005,0,0.0
2026-08-18T05:15:02.969334,100000.00,100000.00,0.0005,0,0.0
2026-08-18T05:16:04.242261,100000.00,100000.00,0.0005,0,0.0
2026-08-18T05:17:05.478365,100000.00,100000.00,0.0005,0,0.0
2026-08-18T05:18:06.818371,100000.00,100000.00,0.0005,0,0.0
2026-08-18T05:19:09.793020,100000.00,100000.00,0.0005,0,0.0
2026-08-18T05:20:12.971238,100000.00,100000.00,0.0005,0,0.0
2026-08-18T05:21:14.209656,100000.00,100000.00,0.0005,0,0.0
2026-08-18T05:22:15.343997,100000.00,100000.00,0.0005,0,0.0
2026-08-18T05:23:17.135834,100000.00,100000.00,0.0005,0,0.0
2026-08-18T05:24:20.374624,100000.00,100000.00,0.0005,0,0.0
2026-08-18T05:25:24.681927,100000.00,100000.00,0.0005,0,0.0
2026-08-18T05:26:27.474567,100000.00,100000.00,0.0005,0,0.0
2026-08-18T05:27:31.707764,100000.00,100000.00,0.0005,0,0.0
2026-08-18T05:28:34.737908,100000.00,100000.00,0.0005,0,0.0
2026-08-18T05:29:38.022687,100000.00,100000.00,0.0005,0,0.0
2026-08-18T05:30:41.305690,100000.00,100000.00,0.0005,0,0.0
2026-08-18T05:31:44.075642,100000.00,100000.00,0.0005,0,0.0
2026-08-18T05:32:47.053856,100000.00,100000.00,0.0005,0,0.0
2026-08-18T05:33:51.052119,100000.00,100000.00,0.0005,0,0.0
2026-08-18T05:34:53.722405,100000.00,100000.00,0.0005,0,0.0
2026-08-18T05:35:56.689249,100000.00,100000.00,0.0005,0,0.0
2026-08-18T05:36:59.472106,100000.00,100000.00,0.0006,0,0.0
2026-08-18T05:38:02.401361,100000.00,100000.00,0.0006,0,0.0
2026-08-18T05:39:05.135244,100000.00,100000.00,0.0006,0,0.0
2026-08-18T05:40:07.993109,100000.00,100000.00,0.0006,0,0.0
2026-08-18T05:41:10.971018,100000.00,100000.00,0.0005,0,0.0
2026-08-18T05:42:13.738438,100000.00,100000.00,0.0005,0,0.0
2026-08-18T05:43:16.632408,100000.00,100000.00,0.0005,0,0.0
2026-08-18T05:44:19.487746,100000.00,100000.00,0.0005,0,0.0
2026-08-18T05:45:22.467114,100000.00,100000.00,0.0005,0,0.0
2026-08-18T05:46:23.598018,100000.00,100000.00,0.0005,0,0.0
2026-08-18T05:47:26.674551,100000.00,100000.00,0.0005,0,0.0
2026-08-18T05:48:29.346185,100000.00,100000.00,0.0005,0,0.0
2026-08-18T05:49:32.324917,100000.00,100000.00,0.0005,0,0.0
2026-08-18T05:50:35.196891,100000.00,100000.00,0.0005,0,0.0
2026-08-18T05:51:37.913784,100000.00,100000.00,0.0005,0,0.0
2026-08-18T05:52:39.203723,100000.00,100000.00,0.0005,0,0.0
2026-08-18T05:53:43.614372,100000.00,100000.00,0.0005,0,0.0
2026-08-18T05:54:46.370529,100000.00,100000.00,0.0005,0,0.0
2026-08-18T05:55:49.359831,100000.00,100000.00,0.0005,0,0.0
2026-08-18T05:56:52.346601,100000.00,100000.00,0.0005,0,0.0
2026-08-18T05:57:55.212747,100000.00,100000.00,0.0005,0,0.0
2026-08-18T05:58:57.986304,100000.00,100000.00,0.0005,0,0.0
2026-08-18T06:00:01.061518,100000.00,100000.00,0.0005,0,0.0
2026-08-18T06:01:04.044116,100000.00,100000.00,0.0005,0,0.0
2026-08-18T06:02:07.428815,100000.00,100000.00,0.0005,0,0.0
2026-08-18T06:03:10.503211,100000.00,100000.00,0.0005,0,0.0
2026-08-18T06:04:13.581376,100000.00,100000.00,0.0005,0,0.0
2026-08-18T06:05:14.922444,100000.00,100000.00,0.0005,0,0.0
2026-08-18T06:06:17.804719,100000.00,100000.00,0.0005,0,0.0
2026-08-18T06:07:20.601176,100000.00,100000.00,0.0005,0,0.0
2026-08-18T06:08:23.249277,100000.00,100000.00,0.0006,0,0.0
2026-08-18T06:09:26.111725,100000.00,100000.00,0.0005,0,0.0
2026-08-18T06:10:27.242128,100000.00,100000.00,0.0005,0,0.0
2026-08-18T06:11:30.120310,100000.00,100000.00,0.0005,0,0.0
2026-08-18T06:12:32.891274,100000.00,100000.00,0.0005,0,0.0
2026-08-18T06:13:35.763350,100000.00,100000.00,0.0005,0,0.0
2026-08-18T06:14:38.844540,100000.00,100000.00,0.0005,0,0.0
2026-08-18T06:15:41.924019,100000.00,100000.00,0.0005,0,0.0
2026-08-18T06:16:44.695419,100000.00,100000.00,0.0005,0,0.0
2026-08-18T06:17:45.724662,100000.00,100000.00,0.0005,0,0.0
2026-08-18T06:18:48.400397,100000.00,100000.00,0.0004,0,0.0
2026-08-18T06:19:51.268453,100000.00,100000.00,0.0005,0,0.0
2026-08-18T06:20:54.041073,100000.00,100000.00,0.0005,0,0.0
2026-08-18T06:21:56.812482,100000.00,100000.00,0.0004,0,0.0
2026-08-18T06:22:59.581840,100000.00,100000.00,0.0004,0,0.0
2026-08-18T06:24:02.405572,100000.00,100000.00,0.0004,0,0.0
2026-08-18T06:25:05.128262,100000.00,100000.00,0.0004,0,0.0
2026-08-18T06:26:07.796517,100000.00,100000.00,0.0004,0,0.0
2026-08-18T06:27:10.668913,100000.00,100000.00,0.0004,0,0.0
2026-08-18T06:28:13.543659,100000.00,100000.00,0.0004,0,0.0
2026-08-18T06:29:18.038704,100000.00,100000.00,0.0004,0,0.0
2026-08-18T06:30:20.918722,100000.00,100000.00,0.0004,0,0.0
2026-08-18T06:31:23.598573,100000.00,100000.00,0.0003,0,0.0
2026-08-18T06:32:26.372091,100000.00,100000.00,0.0003,0,0.0
2026-08-18T06:33:29.053506,100000.00,100000.00,0.0003,0,0.0
2026-08-18T06:34:31.712849,100000.00,100000.00,0.0003,0,0.0
2026-08-18T06:35:34.582940,100000.00,100000.00,0.0004,0,0.0
2026-08-18T06:36:37.357186,100000.00,100000.00,0.0003,0,0.0
2026-08-18T06:37:40.129036,100000.00,100000.00,0.0003,0,0.0
2026-08-18T06:38:42.759733,100000.00,100000.00,0.0003,0,0.0
2026-08-18T06:39:47.673418,100000.00,100000.00,0.0003,0,0.0
2026-08-18T06:40:50.696638,100000.00,100000.00,0.0003,0,0.0
2026-08-18T06:41:53.571245,100000.00,100000.00,0.0003,0,0.0
2026-08-18T06:42:54.704134,100000.00,100000.00,0.0002,0,0.0
2026-08-18T06:43:57.579754,100000.00,100000.00,0.0003,0,0.0
2026-08-18T06:45:00.256602,100000.00,100000.00,0.0003,0,0.0
2026-08-18T06:46:03.122190,100000.00,100000.00,0.0003,0,0.0
2026-08-18T06:47:05.790988,100000.00,100000.00,0.0003,0,0.0
2026-08-18T06:48:08.355155,100000.00,100000.00,0.0003,0,0.0
2026-08-18T06:49:11.068884,100000.00,100000.00,0.0003,0,0.0
2026-08-18T06:50:15.540934,100000.00,100000.00,0.0003,0,0.0
2026-08-18T06:51:18.311945,100000.00,100000.00,0.0003,0,0.0
2026-08-18T06:52:22.619328,100000.00,100000.00,0.0004,0,0.0
2026-08-18T06:53:24.728611,100000.00,100000.00,0.0004,0,0.0
2026-08-18T06:54:26.574919,100000.00,100000.00,0.0004,0,0.0
2026-08-18T06:55:29.399185,100000.00,100000.00,0.0004,0,0.0
2026-08-18T06:56:32.273381,100000.00,100000.00,0.0004,0,0.0
2026-08-18T06:57:33.377894,100000.00,100000.00,0.0004,0,0.0
2026-08-18T06:58:35.460265,100000.00,100000.00,0.0004,0,0.0
2026-08-18T06:59:38.540924,100000.00,100000.00,0.0004,0,0.0
2026-08-18T07:00:41.286019,100000.00,100000.00,0.0004,0,0.0
2026-08-18T07:01:44.083264,100000.00,100000.00,0.0004,0,0.0
2026-08-18T07:02:46.856729,100000.00,100000.00,0.0003,0,0.0
2026-08-18T07:03:50.647323,100000.00,100000.00,0.0004,0,0.0
2026-08-18T07:04:53.524484,100000.00,100000.00,0.0004,0,0.0
2026-08-18T07:05:56.297119,100000.00,100000.00,0.0004,0,0.0
2026-08-18T07:06:59.272076,100000.00,100000.00,0.0004,0,0.0
2026-08-18T07:08:00.505515,100000.00,100000.00,0.0004,0,0.0
2026-08-18T07:09:03.390418,100000.00,100000.00,0.0003,0,0.0
2026-08-18T07:10:04.496765,100000.00,100000.00,0.0004,0,0.0
2026-08-18T07:11:05.648495,100000.00,100000.00,0.0004,0,0.0
2026-08-18T07:12:06.872554,100000.00,100000.00,0.0004,0,0.0
2026-08-18T07:13:07.993275,100000.00,100000.00,0.0004,0,0.0
2026-08-18T07:14:10.993596,100000.00,100000.00,0.0003,0,0.0
2026-08-18T07:15:13.719392,100000.00,100000.00,0.0003,0,0.0
2026-08-18T07:16:14.898169,100000.00,100000.00,0.0003,0,0.0
2026-08-18T07:17:17.773182,100000.00,100000.00,0.0003,0,0.0
2026-08-18T07:18:20.541752,100000.00,100000.00,0.0004,0,0.0
2026-08-18T07:19:21.576440,100000.00,100000.00,0.0003,0,0.0
2026-08-18T07:20:23.642333,100000.00,100000.00,0.0004,0,0.0
2026-08-18T07:21:25.072855,100000.00,100000.00,0.0004,0,0.0
2026-08-18T07:22:27.741346,100000.00,100000.00,0.0004,0,0.0
2026-08-18T07:23:30.610300,100000.00,100000.00,0.0004,0,0.0
2026-08-18T07:24:31.746679,100000.00,100000.00,0.0004,0,0.0
2026-08-18T07:25:41.392336,100000.00,100000.00,0.0004,0,0.0
2026-08-18T07:26:43.332827,100000.00,100000.00,0.0004,0,0.0
2026-08-18T07:27:46.716752,100000.00,100000.00,0.0004,0,0.0
2026-08-18T07:28:49.589634,100000.00,100000.00,0.0004,0,0.0
2026-08-18T07:29:52.466092,100000.00,100000.00,0.0004,0,0.0
2026-08-18T07:30:54.009367,100000.00,100000.00,0.0004,0,0.0
2026-08-18T07:31:55.549235,100000.00,100000.00,0.0004,0,0.0
2026-08-18T07:32:58.738127,100000.00,100000.00,0.0004,0,0.0
2026-08-18T07:34:00.073200,100000.00,100000.00,0.0004,0,0.0
2026-08-18T07:35:02.229474,100000.00,100000.00,0.0004,0,0.0
2026-08-18T07:36:03.246893,100000.00,100000.00,0.0004,0,0.0
2026-08-18T07:37:04.597810,100000.00,100000.00,0.0004,0,0.0
2026-08-18T07:38:06.035390,100000.00,100000.00,0.0004,0,0.0
2026-08-18T07:39:07.039750,100000.00,100000.00,0.0004,0,0.0
2026-08-18T07:40:08.697353,100000.00,100000.00,0.0004,0,0.0
2026-08-18T07:41:09.847388,100000.00,100000.00,0.0004,0,0.0
2026-08-18T07:42:11.508681,100000.00,100000.00,0.0004,0,0.0
2026-08-18T07:43:14.376427,100000.00,100000.00,0.0004,0,0.0
2026-08-18T07:44:17.175137,100000.00,100000.00,0.0004,0,0.0
2026-08-18T07:45:20.422720,100000.00,100000.00,0.0004,0,0.0
2026-08-18T07:46:22.170449,100000.00,100000.00,0.0004,0,0.0
2026-08-18T07:47:25.863473,100000.00,100000.00,0.0004,0,0.0
2026-08-18T07:48:28.533142,100000.00,100000.00,0.0005,0,0.0
2026-08-18T07:49:31.155007,100000.00,100000.00,0.0005,0,0.0
2026-08-18T07:50:32.232477,100000.00,100000.00,0.0005,0,0.0
2026-08-18T07:51:34.288740,100000.00,100000.00,0.0005,0,0.0
2026-08-18T07:52:35.421001,100000.00,100000.00,0.0005,0,0.0
2026-08-18T07:53:36.566539,100000.00,100000.00,0.0005,0,0.0
2026-08-18T07:54:39.926396,100000.00,100000.00,0.0005,0,0.0
2026-08-18T07:55:41.396983,100000.00,100000.00,0.0005,0,0.0
2026-08-18T07:56:43.538856,100000.00,100000.00,0.0005,0,0.0
2026-08-18T07:57:44.669874,100000.00,100000.00,0.0005,0,0.0
2026-08-18T07:58:45.907272,100000.00,100000.00,0.0005,0,0.0
2026-08-18T07:59:48.677399,100000.00,100000.00,0.0005,0,0.0
2026-08-18T08:00:49.810860,100000.00,100000.00,0.0005,0,0.0
2026-08-18T08:01:53.505124,100000.00,100000.00,0.0005,0,0.0
2026-08-18T08:02:54.741202,100000.00,100000.00,0.0005,0,0.0
2026-08-18T08:03:55.874843,100000.00,100000.00,0.0005,0,0.0
2026-08-18T08:04:57.316313,100000.00,100000.00,0.0005,0,0.0
2026-08-18T08:05:59.648846,100000.00,100000.00,0.0005,0,0.0
2026-08-18T08:07:01.015928,100000.00,100000.00,0.0006,0,0.0
2026-08-18T08:08:02.354319,100000.00,100000.00,0.0006,0,0.0
2026-08-18T08:09:06.456005,100000.00,100000.00,0.0006,0,0.0
2026-08-18T08:10:09.124131,100000.00,100000.00,0.0006,0,0.0
2026-08-18T08:11:12.101709,100000.00,100000.00,0.0006,0,0.0
2026-08-18T08:12:15.079264,100000.00,100000.00,0.0006,0,0.0
2026-08-18T08:13:16.413867,100000.00,100000.00,0.0005,0,0.0
2026-08-18T08:14:17.753266,100000.00,100000.00,0.0005,0,0.0
2026-08-18T08:15:20.935701,100000.00,100000.00,0.0005,0,0.0
2026-08-18T08:16:22.308982,100000.00,100000.00,0.0005,0,0.0
2026-08-18T08:17:25.250846,100000.00,100000.00,0.0005,0,0.0
2026-08-18T08:18:26.586346,100000.00,100000.00,0.0005,0,0.0
2026-08-18T08:19:29.462818,100000.00,100000.00,0.0004,0,0.0
2026-08-18T08:20:30.903141,100000.00,100000.00,0.0004,0,0.0
2026-08-18T08:21:32.375445,100000.00,100000.00,0.0004,0,0.0
2026-08-18T08:22:33.781757,100000.00,100000.00,0.0005,0,0.0
2026-08-18T08:23:35.000989,100000.00,100000.00,0.0005,0,0.0
2026-08-18T08:24:36.767621,100000.00,100000.00,0.0005,0,0.0
2026-08-18T08:25:38.411512,100000.00,100000.00,0.0005,0,0.0
2026-08-18T08:26:41.286929,100000.00,100000.00,0.0005,0,0.0
2026-08-18T08:27:42.623536,100000.00,100000.00,0.0004,0,0.0
2026-08-18T08:28:43.861938,100000.00,100000.00,0.0005,0,0.0
2026-08-18T08:29:46.735477,100000.00,100000.00,0.0005,0,0.0
2026-08-18T08:30:47.970281,100000.00,100000.00,0.0005,0,0.0
2026-08-18T08:31:50.947267,100000.00,100000.00,0.0005,0,0.0
2026-08-18T08:32:52.385930,100000.00,100000.00,0.0004,0,0.0
2026-08-18T08:33:55.262248,100000.00,100000.00,0.0005,0,0.0
2026-08-18T08:34:57.214828,100000.00,100000.00,0.0005,0,0.0
2026-08-18T08:35:58.755867,100000.00,100000.00,0.0004,0,0.0
2026-08-18T08:37:00.097603,100000.00,100000.00,0.0004,0,0.0
2026-08-18T08:38:01.635931,100000.00,100000.00,0.0004,0,0.0
2026-08-18T08:39:02.771559,100000.00,100000.00,0.0004,0,0.0
2026-08-18T08:40:06.670009,100000.00,100000.00,0.0004,0,0.0
2026-08-18T08:41:08.721777,100000.00,100000.00,0.0004,0,0.0
2026-08-18T08:42:10.064218,100000.00,100000.00,0.0004,0,0.0
2026-08-18T08:43:11.295519,100000.00,100000.00,0.0004,0,0.0
2026-08-18T08:44:12.634841,100000.00,100000.00,0.0004,0,0.0
2026-08-18T08:45:15.243658,100000.00,100000.00,0.0004,0,0.0
2026-08-18T08:46:16.746727,100000.00,100000.00,0.0004,0,0.0
2026-08-18T08:47:18.084581,100000.00,100000.00,0.0004,0,0.0
2026-08-18T08:48:21.265858,100000.00,100000.00,0.0004,0,0.0
2026-08-18T08:49:22.501666,100000.00,100000.00,0.0005,0,0.0
2026-08-18T08:50:24.044992,100000.00,100000.00,0.0005,0,0.0
2026-08-18T08:51:26.816302,100000.00,100000.00,0.0004,0,0.0
2026-08-18T08:52:28.154683,100000.00,100000.00,0.0004,0,0.0
2026-08-18T08:53:30.517204,100000.00,100000.00,0.0004,0,0.0
2026-08-18T08:54:32.059855,100000.00,100000.00,0.0004,0,0.0
2026-08-18T08:55:33.665774,100000.00,100000.00,0.0004,0,0.0
2026-08-18T08:56:35.042795,100000.00,100000.00,0.0004,0,0.0
2026-08-18T08:57:36.448543,100000.00,100000.00,0.0004,0,0.0
2026-08-18T08:58:37.925469,100000.00,100000.00,0.0004,0,0.0
2026-08-18T08:59:39.364149,100000.00,100000.00,0.0004,0,0.0
2026-08-18T09:00:42.242944,100000.00,100000.00,0.0004,0,0.0
2026-08-18T09:01:44.089303,100000.00,100000.00,0.0004,0,0.0
2026-08-18T09:02:45.617069,100000.00,100000.00,0.0004,0,0.0
2026-08-18T09:03:46.961545,100000.00,100000.00,0.0004,0,0.0
2026-08-18T09:04:48.924585,100000.00,100000.00,0.0004,0,0.0
2026-08-18T09:05:50.361714,100000.00,100000.00,0.0005,0,0.0
2026-08-18T09:06:51.560503,100000.00,100000.00,0.0004,0,0.0
2026-08-18T09:07:52.852335,100000.00,100000.00,0.0005,0,0.0
2026-08-18T09:08:54.186113,100000.00,100000.00,0.0005,0,0.0
2026-08-18T09:09:55.620916,100000.00,100000.00,0.0005,0,0.0
2026-08-18T09:10:57.363340,100000.00,100000.00,0.0004,0,0.0
2026-08-18T09:11:59.490727,100000.00,100000.00,0.0004,0,0.0
2026-08-18T09:13:01.368020,100000.00,100000.00,0.0004,0,0.0
2026-08-18T09:14:02.501725,100000.00,100000.00,0.0004,0,0.0
2026-08-18T09:15:03.782402,100000.00,100000.00,0.0004,0,0.0
2026-08-18T09:16:05.076087,100000.00,100000.00,0.0005,0,0.0
2026-08-18T09:17:06.372431,100000.00,100000.00,0.0005,0,0.0
2026-08-18T09:18:07.751512,100000.00,100000.00,0.0005,0,0.0
2026-08-18T09:19:09.807234,100000.00,100000.00,0.0005,0,0.0
2026-08-18T09:20:11.040575,100000.00,100000.00,0.0005,0,0.0
2026-08-18T09:21:12.278288,100000.00,100000.00,0.0005,0,0.0
2026-08-18T09:22:13.614244,100000.00,100000.00,0.0005,0,0.0
2026-08-18T09:23:14.845033,100000.00,100000.00,0.0005,0,0.0
2026-08-18T09:24:16.076201,100000.00,100000.00,0.0005,0,0.0
2026-08-18T09:25:17.393034,100000.00,100000.00,0.0005,0,0.0
2026-08-18T09:26:18.661238,100000.00,100000.00,0.0005,0,0.0
2026-08-18T09:27:20.052376,100000.00,100000.00,0.0005,0,0.0
2026-08-18T09:28:21.441879,100000.00,100000.00,0.0005,0,0.0
2026-08-18T09:29:22.882381,100000.00,100000.00,0.0005,0,0.0
2026-08-18T09:30:24.116053,100000.00,100000.00,0.0005,0,0.0
2026-08-18T09:31:25.353285,100000.00,100000.00,0.0005,0,0.0
2026-08-18T09:32:26.588592,100000.00,100000.00,0.0005,0,0.0
2026-08-18T09:33:28.130976,100000.00,100000.00,0.0005,0,0.0
2026-08-18T09:34:29.534273,100000.00,100000.00,0.0005,0,0.0
2026-08-18T09:35:32.340597,100000.00,100000.00,0.0005,0,0.0
2026-08-18T09:36:33.681136,100000.00,100000.00,0.0005,0,0.0
2026-08-18T09:37:35.051105,100000.00,100000.00,0.0005,0,0.0
2026-08-18T09:38:36.360517,100000.00,100000.00,0.0005,0,0.0
2026-08-18T09:39:37.596637,100000.00,100000.00,0.0005,0,0.0
2026-08-18T09:40:38.883156,100000.00,100000.00,0.0005,0,0.0
2026-08-18T09:41:40.269346,100000.00,100000.00,0.0005,0,0.0
2026-08-18T09:42:41.530640,100000.00,100000.00,0.0005,0,0.0
2026-08-18T09:43:42.945397,100000.00,100000.00,0.0005,0,0.0
2026-08-18T09:44:44.110498,100000.00,100000.00,0.0005,0,0.0
2026-08-18T09:45:45.416810,100000.00,100000.00,0.0005,0,0.0
2026-08-18T09:46:46.594484,100000.00,100000.00,0.0005,0,0.0
2026-08-18T09:47:47.990541,100000.00,100000.00,0.0005,0,0.0
2026-08-18T09:48:49.821950,100000.00,100000.00,0.0005,0,0.0
2026-08-18T09:49:51.084708,100000.00,100000.00,0.0005,0,0.0
2026-08-18T09:50:52.317053,100000.00,100000.00,0.0005,0,0.0
2026-08-18T09:51:53.547664,100000.00,100000.00,0.0005,0,0.0
2026-08-18T09:52:54.884700,100000.00,100000.00,0.0005,0,0.0
2026-08-18T09:53:56.082865,100000.00,100000.00,0.0005,0,0.0
2026-08-18T09:54:57.225905,100000.00,100000.00,0.0005,0,0.0
2026-08-18T09:55:58.590427,100000.00,100000.00,0.0005,0,0.0
2026-08-18T09:56:59.733260,100000.00,100000.00,0.0005,0,0.0
2026-08-18T09:58:00.961769,100000.00,100000.00,0.0005,0,0.0
2026-08-18T09:59:02.300234,100000.00,100000.00,0.0005,0,0.0
2026-08-18T10:00:03.650049,100000.00,100000.00,0.0005,0,0.0
2026-08-18T10:01:04.823816,100000.00,100000.00,0.0005,0,0.0
2026-08-18T10:02:06.198660,100000.00,100000.00,0.0005,0,0.0
2026-08-18T10:03:07.446297,100000.00,100000.00,0.0005,0,0.0
2026-08-18T10:04:08.674810,100000.00,100000.00,0.0005,0,0.0
2026-08-18T10:05:09.861336,100000.00,100000.00,0.0005,0,0.0
2026-08-18T10:06:11.049848,100000.00,100000.00,0.0005,0,0.0
2026-08-18T10:07:12.288740,100000.00,100000.00,0.0005,0,0.0
2026-08-18T10:08:13.624337,100000.00,100000.00,0.0005,0,0.0
2026-08-18T10:09:14.860613,100000.00,100000.00,0.0005,0,0.0
2026-08-18T10:10:16.302666,100000.00,100000.00,0.0005,0,0.0
2026-08-18T10:11:17.536517,100000.00,100000.00,0.0005,0,0.0
2026-08-18T10:12:18.771216,100000.00,100000.00,0.0005,0,0.0
2026-08-18T10:13:19.946916,100000.00,100000.00,0.0005,0,0.0
2026-08-18T10:14:21.172174,100000.00,100000.00,0.0005,0,0.0
2026-08-18T10:15:22.521621,100000.00,100000.00,0.0005,0,0.0
2026-08-18T10:16:24.024453,100000.00,100000.00,0.0005,0,0.0
2026-08-18T10:17:25.259076,100000.00,100000.00,0.0005,0,0.0
2026-08-18T10:18:26.599733,100000.00,100000.00,0.0005,0,0.0
2026-08-18T10:19:27.935111,100000.00,100000.00,0.0005,0,0.0
2026-08-18T10:20:29.376060,100000.00,100000.00,0.0005,0,0.0
2026-08-18T10:21:30.714165,100000.00,100000.00,0.0006,0,0.0
2026-08-18T10:22:32.052948,100000.00,100000.00,0.0005,0,0.0
2026-08-18T10:23:33.390281,100000.00,100000.00,0.0005,0,0.0
2026-08-18T10:24:34.852662,100000.00,100000.00,0.0005,0,0.0
2026-08-18T10:25:36.090031,100000.00,100000.00,0.0005,0,0.0
2026-08-18T10:26:37.507726,100000.00,100000.00,0.0005,0,0.0
2026-08-18T10:27:38.743548,100000.00,100000.00,0.0005,0,0.0
2026-08-18T10:28:39.977083,100000.00,100000.00,0.0005,0,0.0
2026-08-18T10:29:41.214753,100000.00,100000.00,0.0005,0,0.0
2026-08-18T10:30:42.553473,100000.00,100000.00,0.0005,0,0.0
2026-08-18T10:31:43.788064,100000.00,100000.00,0.0005,0,0.0
2026-08-18T10:32:45.022745,100000.00,100000.00,0.0005,0,0.0
2026-08-18T10:33:46.219883,100000.00,100000.00,0.0005,0,0.0
2026-08-18T10:34:47.495667,100000.00,100000.00,0.0005,0,0.0
2026-08-18T10:35:48.830483,100000.00,100000.00,0.0005,0,0.0
2026-08-18T10:36:50.299096,100000.00,100000.00,0.0005,0,0.0
2026-08-18T10:37:51.567907,100000.00,100000.00,0.0005,0,0.0
2026-08-18T10:38:53.052933,100000.00,100000.00,0.0005,0,0.0
2026-08-18T10:39:54.493572,100000.00,100000.00,0.0005,0,0.0
2026-08-18T10:40:56.050187,100000.00,100000.00,0.0005,0,0.0
2026-08-18T10:41:57.680346,100000.00,100000.00,0.0005,0,0.0
2026-08-18T10:42:59.122616,100000.00,100000.00,0.0005,0,0.0
2026-08-18T10:44:00.460177,100000.00,100000.00,0.0005,0,0.0
2026-08-18T10:45:01.626119,100000.00,100000.00,0.0005,0,0.0
2026-08-18T10:46:02.931678,100000.00,100000.00,0.0005,0,0.0
2026-08-18T10:47:04.472737,100000.00,100000.00,0.0005,0,0.0
2026-08-18T10:48:05.812645,100000.00,100000.00,0.0005,0,0.0
2026-08-18T10:49:07.108799,100000.00,100000.00,0.0005,0,0.0
2026-08-18T10:50:08.589050,100000.00,100000.00,0.0005,0,0.0
2026-08-18T10:51:10.236576,100000.00,100000.00,0.0005,0,0.0
2026-08-18T10:52:11.532062,100000.00,100000.00,0.0005,0,0.0
2026-08-18T10:53:13.731758,100000.00,100000.00,0.0005,0,0.0
2026-08-18T10:54:14.967363,100000.00,100000.00,0.0005,0,0.0
2026-08-18T10:55:16.178170,100000.00,100000.00,0.0005,0,0.0
2026-08-18T10:56:17.643982,100000.00,100000.00,0.0005,0,0.0
2026-08-18T10:57:18.979737,100000.00,100000.00,0.0005,0,0.0
2026-08-18T10:58:20.250039,100000.00,100000.00,0.0005,0,0.0
2026-08-18T10:59:21.448790,100000.00,100000.00,0.0005,0,0.0
2026-08-18T11:00:22.694178,100000.00,100000.00,0.0005,0,0.0
2026-08-18T11:01:24.129853,100000.00,100000.00,0.0005,0,0.0
2026-08-18T11:02:25.670979,100000.00,100000.00,0.0004,0,0.0
2026-08-18T11:03:27.011031,100000.00,100000.00,0.0004,0,0.0
2026-08-18T11:04:29.575513,100000.00,100000.00,0.0004,0,0.0
2026-08-18T11:05:30.813618,100000.00,100000.00,0.0004,0,0.0
2026-08-18T11:06:33.699283,100000.00,100000.00,0.0004,0,0.0
2026-08-18T11:07:37.074821,100000.00,100000.00,0.0004,0,0.0
2026-08-18T11:08:42.031810,100000.00,100000.00,0.0004,0,0.0
2026-08-18T11:09:43.846151,100000.00,100000.00,0.0004,0,0.0
2026-08-18T11:10:45.901723,100000.00,100000.00,0.0004,0,0.0
2026-08-18T11:11:53.895296,100000.00,100000.00,0.0004,0,0.0
2026-08-18T11:12:57.998372,100000.00,100000.00,0.0004,0,0.0
2026-08-18T11:14:00.361252,100000.00,100000.00,0.0004,0,0.0
2026-08-18T11:15:04.614015,100000.00,100000.00,0.0004,0,0.0
2026-08-18T11:16:09.180912,100000.00,100000.00,0.0003,0,0.0
2026-08-18T11:17:12.157567,100000.00,100000.00,0.0003,0,0.0
2026-08-18T11:18:16.566155,100000.00,100000.00,0.0003,0,0.0
2026-08-18T11:19:19.963686,100000.00,100000.00,0.0003,0,0.0
2026-08-18T11:20:28.975039,100000.00,100000.00,0.0003,0,0.0
2026-08-18T11:21:30.223705,100000.00,100000.00,0.0003,0,0.0
2026-08-18T11:22:31.648528,100000.00,100000.00,0.0003,0,0.0
2026-08-18T11:23:32.986246,100000.00,100000.00,0.0003,0,0.0
2026-08-18T11:24:34.529345,100000.00,100000.00,0.0003,0,0.0
2026-08-18T11:25:35.764412,100000.00,100000.00,0.0003,0,0.0
2026-08-18T11:26:37.145882,100000.00,100000.00,0.0003,0,0.0
2026-08-18T11:27:38.352901,100000.00,100000.00,0.0003,0,0.0
2026-08-18T11:28:39.779382,100000.00,100000.00,0.0003,0,0.0
2026-08-18T11:29:41.013876,100000.00,100000.00,0.0003,0,0.0
2026-08-18T11:30:42.455415,100000.00,100000.00,0.0003,0,0.0
2026-08-18T11:31:44.086836,100000.00,100000.00,0.0003,0,0.0
2026-08-18T11:32:45.448317,100000.00,100000.00,0.0003,0,0.0
2026-08-18T11:33:46.776858,100000.00,100000.00,0.0003,0,0.0
2026-08-18T11:34:48.012759,100000.00,100000.00,0.0003,0,0.0
2026-08-18T11:35:49.350877,100000.00,100000.00,0.0003,0,0.0
2026-08-18T11:36:50.633239,100000.00,100000.00,0.0003,0,0.0
2026-08-18T11:37:52.186730,100000.00,100000.00,0.0003,0,0.0
2026-08-18T11:38:53.567365,100000.00,100000.00,0.0003,0,0.0
2026-08-18T11:39:54.908354,100000.00,100000.00,0.0003,0,0.0
2026-08-18T11:40:56.288337,100000.00,100000.00,0.0003,0,0.0
2026-08-18T11:41:57.705132,100000.00,100000.00,0.0003,0,0.0
2026-08-18T11:42:58.922400,100000.00,100000.00,0.0003,0,0.0
2026-08-18T11:44:00.286924,100000.00,100000.00,0.0003,0,0.0
2026-08-18T11:45:01.699229,100000.00,100000.00,0.0003,0,0.0
2026-08-18T11:46:03.039105,100000.00,100000.00,0.0003,0,0.0
2026-08-18T11:47:04.479491,100000.00,100000.00,0.0003,0,0.0
2026-08-18T11:48:05.973792,100000.00,100000.00,0.0003,0,0.0
2026-08-18T11:49:07.281342,100000.00,100000.00,0.0003,0,0.0
2026-08-18T11:50:08.800801,100000.00,100000.00,0.0003,0,0.0
2026-08-18T11:51:10.037125,100000.00,100000.00,0.0003,0,0.0
2026-08-18T11:52:11.404108,100000.00,100000.00,0.0003,0,0.0
2026-08-18T11:53:12.814675,100000.00,100000.00,0.0003,0,0.0
2026-08-18T11:54:14.460579,100000.00,100000.00,0.0003,0,0.0
2026-08-18T11:55:16.003507,100000.00,100000.00,0.0003,0,0.0
2026-08-18T11:56:17.291863,100000.00,100000.00,0.0003,0,0.0
2026-08-18T11:57:18.780668,100000.00,100000.00,0.0003,0,0.0
2026-08-18T11:58:20.169302,100000.00,100000.00,0.0003,0,0.0
2026-08-18T11:59:21.700608,100000.00,100000.00,0.0003,0,0.0
2026-08-18T12:00:23.002122,100000.00,100000.00,0.0003,0,0.0
2026-08-18T12:01:24.977430,100000.00,100000.00,0.0003,0,0.0
2026-08-18T12:02:26.305127,100000.00,100000.00,0.0003,0,0.0
2026-08-18T12:03:27.628429,100000.00,100000.00,0.0004,0,0.0
2026-08-18T12:04:29.070863,100000.00,100000.00,0.0004,0,0.0
2026-08-18T12:05:30.307153,100000.00,100000.00,0.0003,0,0.0
2026-08-18T12:06:31.458771,100000.00,100000.00,0.0003,0,0.0
2026-08-18T13:02:05.991615,100000.00,100000.00,0.0005,0,0.0
2026-08-18T13:03:07.785870,100000.00,100000.00,0.0005,0,0.0
2026-08-18T13:04:09.130434,100000.00,100000.00,0.0005,0,0.0
2026-08-18T13:05:10.463210,100000.00,100000.00,0.0005,0,0.0
2026-08-18T13:06:11.795573,100000.00,100000.00,0.0005,0,0.0
2026-08-18T13:07:13.037492,100000.00,100000.00,0.0005,0,0.0
2026-08-18T13:08:15.092476,100000.00,100000.00,0.0005,0,0.0
2026-08-18T13:09:17.353486,100000.00,100000.00,0.0005,0,0.0
2026-08-18T13:10:18.747487,100000.00,100000.00,0.0005,0,0.0
2026-08-18T13:11:20.131003,100000.00,100000.00,0.0005,0,0.0
2026-08-18T13:12:21.467010,100000.00,100000.00,0.0005,0,0.0
2026-08-18T13:13:22.758606,100000.00,100000.00,0.0005,0,0.0
2026-08-18T13:14:24.039859,100000.00,100000.00,0.0005,0,0.0
2026-08-18T13:15:25.794055,100000.00,100000.00,0.0005,0,0.0
2026-08-18T13:16:27.156749,100000.00,100000.00,0.0005,0,0.0
2026-08-18T13:17:28.774313,100000.00,100000.00,0.0005,0,0.0
2026-08-18T13:18:30.010362,100000.00,100000.00,0.0005,0,0.0
2026-08-18T13:19:31.449319,100000.00,100000.00,0.0005,0,0.0
2026-08-18T13:20:32.712060,100000.00,100000.00,0.0005,0,0.0
2026-08-18T13:21:34.319017,100000.00,100000.00,0.0005,0,0.0
2026-08-18T13:22:35.483370,100000.00,100000.00,0.0005,0,0.0
2026-08-18T13:23:36.809271,100000.00,100000.00,0.0006,0,0.0
2026-08-18T13:24:38.142231,100000.00,100000.00,0.0005,0,0.0
2026-08-18T13:25:39.462596,100000.00,100000.00,0.0006,0,0.0
2026-08-18T13:26:40.659804,100000.00,100000.00,0.0005,0,0.0
2026-08-18T13:27:41.979515,100000.00,100000.00,0.0006,0,0.0
2026-08-18T13:28:43.290672,100000.00,100000.00,0.0006,0,0.0
2026-08-18T13:29:44.626289,100000.00,100000.00,0.0006,0,0.0
2026-08-18T13:30:45.967107,100000.00,100000.00,0.0006,0,0.0
2026-08-18T13:31:47.407347,100000.00,100000.00,0.0005,0,0.0
2026-08-18T13:32:48.745411,100000.00,100000.00,0.0006,0,0.0
2026-08-18T13:33:49.979085,100000.00,100000.00,0.0006,0,0.0
2026-08-18T13:34:51.421468,100000.00,100000.00,0.0006,0,0.0
2026-08-18T13:35:52.564864,100000.00,100000.00,0.0006,0,0.0
2026-08-18T13:36:54.098092,100000.00,100000.00,0.0006,0,0.0
2026-08-18T13:37:55.535461,100000.00,100000.00,0.0006,0,0.0
2026-08-18T13:38:56.878446,100000.00,100000.00,0.0005,0,0.0
2026-08-18T13:39:58.185765,100000.00,100000.00,0.0004,0,0.0
2026-08-18T13:40:59.326079,100000.00,100000.00,0.0005,0,0.0
2026-08-18T13:42:00.633866,100000.00,100000.00,0.0005,0,0.0
2026-08-18T13:43:01.877421,100000.00,100000.00,0.0005,0,0.0
2026-08-18T13:44:03.263945,100000.00,100000.00,0.0005,0,0.0
2026-08-18T13:45:04.859036,100000.00,100000.00,0.0005,0,0.0
2026-08-18T13:46:06.352046,100000.00,100000.00,0.0005,0,0.0
2026-08-18T13:47:07.581720,100000.00,100000.00,0.0005,0,0.0
2026-08-18T13:48:08.919900,100000.00,100000.00,0.0005,0,0.0
2026-08-18T13:49:10.182442,100000.00,100000.00,0.0005,0,0.0
2026-08-18T13:50:11.660161,100000.00,100000.00,0.0005,0,0.0
2026-08-18T13:51:13.000598,100000.00,100000.00,0.0004,0,0.0
2026-08-18T13:52:14.228039,100000.00,100000.00,0.0005,0,0.0
2026-08-18T13:53:15.617445,100000.00,100000.00,0.0005,0,0.0
2026-08-18T13:54:16.953440,100000.00,100000.00,0.0005,0,0.0
2026-08-18T13:55:18.604743,100000.00,100000.00,0.0006,0,0.0
2026-08-18T13:56:19.942472,100000.00,100000.00,0.0005,0,0.0
2026-08-18T13:57:21.143398,100000.00,100000.00,0.0005,0,0.0
2026-08-18T13:58:22.520729,100000.00,100000.00,0.0005,0,0.0
2026-08-18T13:59:24.473283,100000.00,100000.00,0.0005,0,0.0
2026-08-18T14:00:27.241544,100000.00,100000.00,0.0005,0,0.0
2026-08-18T14:01:28.692355,100000.00,100000.00,0.0005,0,0.0
2026-08-18T14:02:30.018451,100000.00,100000.00,0.0004,0,0.0
2026-08-18T14:03:34.032756,100000.00,100000.00,0.0004,0,0.0
2026-08-18T14:04:35.772570,100000.00,100000.00,0.0004,0,0.0
2026-08-18T14:05:37.112980,100000.00,100000.00,0.0004,0,0.0
2026-08-18T14:06:38.613538,100000.00,100000.00,0.0004,0,0.0
2026-08-18T14:07:39.889659,100000.00,100000.00,0.0004,0,0.0
2026-08-18T14:08:41.123186,100000.00,100000.00,0.0004,0,0.0
2026-08-18T14:09:42.357953,100000.00,100000.00,0.0004,0,0.0
2026-08-18T14:10:43.699274,100000.00,100000.00,0.0005,0,0.0
2026-08-18T14:11:45.138143,100000.00,100000.00,0.0004,0,0.0
2026-08-18T14:12:46.370614,100000.00,100000.00,0.0004,0,0.0
2026-08-18T14:13:48.024399,100000.00,100000.00,0.0005,0,0.0
2026-08-18T14:14:49.462575,100000.00,100000.00,0.0005,0,0.0
2026-08-18T14:15:50.684356,100000.00,100000.00,0.0005,0,0.0
2026-08-18T14:16:52.066644,100000.00,100000.00,0.0005,0,0.0
2026-08-18T14:17:53.545463,100000.00,100000.00,0.0004,0,0.0
2026-08-18T14:18:55.025609,100000.00,100000.00,0.0004,0,0.0
2026-08-18T14:19:56.407416,100000.00,100000.00,0.0003,0,0.0
2026-08-18T14:20:57.907705,100000.00,100000.00,0.0003,0,0.0
2026-08-18T14:21:59.137222,100000.00,100000.00,0.0003,0,0.0
2026-08-18T14:23:00.479228,100000.00,100000.00,0.0002,0,0.0
2026-08-18T14:24:02.290125,100000.00,100000.00,0.0001,0,0.0
2026-08-18T14:25:03.641716,100000.00,100000.00,0.0000,0,0.0
2026-08-18T14:26:05.005381,100000.00,100000.00,0.0000,0,0.0
2026-08-18T14:27:06.347029,100000.00,100000.00,0.0000,0,0.0
2026-08-18T14:28:07.890208,100000.00,100000.00,0.0000,0,0.0
2026-08-18T14:29:09.262618,100000.00,100000.00,0.0000,0,0.0
2026-08-18T14:30:10.526031,100000.00,100000.00,0.0000,0,0.0
2026-08-18T14:31:11.805484,100000.00,100000.00,0.0000,0,0.0
2026-08-18T14:32:13.139983,100000.00,100000.00,0.0002,0,0.0
2026-08-18T14:33:14.351892,100000.00,100000.00,0.0002,0,0.0
2026-08-18T14:34:18.527641,100000.00,100000.00,0.0002,0,0.0
2026-08-18T14:35:19.940707,100000.00,100000.00,0.0002,0,0.0
2026-08-18T14:36:21.365932,100000.00,100000.00,0.0002,0,0.0
2026-08-18T14:37:22.603126,100000.00,100000.00,0.0003,0,0.0
2026-08-18T14:38:24.043431,100000.00,100000.00,0.0002,0,0.0
2026-08-18T14:39:25.381658,100000.00,100000.00,0.0002,0,0.0
2026-08-18T14:40:26.548036,100000.00,100000.00,0.0003,0,0.0
2026-08-18T14:41:27.852622,100000.00,100000.00,0.0002,0,0.0
2026-08-18T14:42:29.091176,100000.00,100000.00,0.0002,0,0.0
2026-08-18T14:43:30.326659,100000.00,100000.00,0.0003,0,0.0
2026-08-18T14:44:31.664421,100000.00,100000.00,0.0002,0,0.0
2026-08-18T14:45:32.897284,100000.00,100000.00,0.0002,0,0.0
2026-08-18T14:46:34.029817,100000.00,100000.00,0.0003,0,0.0
2026-08-18T14:47:35.371191,100000.00,100000.00,0.0002,0,0.0
2026-08-18T14:48:36.818641,100000.00,100000.00,0.0003,0,0.0
2026-08-18T14:49:39.440244,100000.00,100000.00,0.0002,0,0.0
2026-08-18T14:50:40.718362,100000.00,100000.00,0.0002,0,0.0
2026-08-18T14:51:41.863340,100000.00,100000.00,0.0002,0,0.0
2026-08-18T14:52:43.300438,100000.00,100000.00,0.0003,0,0.0
2026-08-18T14:53:44.429498,100000.00,100000.00,0.0003,0,0.0
2026-08-18T14:54:45.666719,100000.00,100000.00,0.0003,0,0.0
2026-08-18T14:55:46.767087,100000.00,100000.00,0.0003,0,0.0
2026-08-18T14:56:48.032319,100000.00,100000.00,0.0003,0,0.0
2026-08-18T14:57:49.216001,100000.00,100000.00,0.0003,0,0.0
2026-08-18T14:58:50.359525,100000.00,100000.00,0.0003,0,0.0
2026-08-18T14:59:51.645926,100000.00,100000.00,0.0003,0,0.0
2026-08-18T15:00:54.428063,100000.00,100000.00,0.0002,0,0.0
2026-08-18T15:01:55.647607,100000.00,100000.00,0.0002,0,0.0
2026-08-18T15:02:57.158676,100000.00,100000.00,0.0002,0,0.0
2026-08-18T15:03:58.326620,100000.00,100000.00,0.0002,0,0.0
2026-08-18T15:04:59.665279,100000.00,100000.00,0.0002,0,0.0
2026-08-18T15:06:01.015957,100000.00,100000.00,0.0002,0,0.0
2026-08-18T15:07:02.661160,100000.00,100000.00,0.0002,0,0.0
2026-08-18T15:08:03.885808,100000.00,100000.00,0.0002,0,0.0
2026-08-18T15:09:04.993459,100000.00,100000.00,0.0003,0,0.0
2026-08-18T15:10:06.301068,100000.00,100000.00,0.0003,0,0.0
2026-08-18T15:11:07.490721,100000.00,100000.00,0.0004,0,0.0
2026-08-18T15:12:08.988884,100000.00,100000.00,0.0003,0,0.0
2026-08-18T15:13:10.521228,100000.00,100000.00,0.0003,0,0.0
2026-08-18T15:14:11.917286,100000.00,100000.00,0.0003,0,0.0
2026-08-18T15:15:13.150756,100000.00,100000.00,0.0003,0,0.0
2026-08-18T15:16:14.331325,100000.00,100000.00,0.0002,0,0.0
2026-08-18T15:17:15.626222,100000.00,100000.00,0.0002,0,0.0
2026-08-18T15:18:16.962293,100000.00,100000.00,0.0002,0,0.0
2026-08-18T15:19:18.202718,100000.00,100000.00,0.0002,0,0.0
2026-08-18T15:20:19.638551,100000.00,100000.00,0.0002,0,0.0
2026-08-18T15:21:20.977321,100000.00,100000.00,0.0002,0,0.0
2026-08-18T15:22:22.215117,100000.00,100000.00,0.0002,0,0.0
2026-08-18T15:23:23.451327,100000.00,100000.00,0.0002,0,0.0
2026-08-18T15:24:24.685911,100000.00,100000.00,0.0003,0,0.0
2026-08-18T15:25:25.823748,100000.00,100000.00,0.0002,0,0.0
2026-08-18T15:26:27.158826,100000.00,100000.00,0.0002,0,0.0
2026-08-18T15:27:28.375062,100000.00,100000.00,0.0002,0,0.0
2026-08-18T15:28:29.594463,100000.00,100000.00,0.0002,0,0.0
2026-08-18T15:29:30.957637,100000.00,100000.00,0.0002,0,0.0
2026-08-18T15:30:32.210707,100000.00,100000.00,0.0002,0,0.0
2026-08-18T15:31:33.366335,100000.00,100000.00,0.0001,0,0.0
2026-08-18T15:32:34.583754,100000.00,100000.00,0.0002,0,0.0
2026-08-18T15:33:35.969619,100000.00,100000.00,0.0002,0,0.0
2026-08-18T15:34:37.115510,100000.00,100000.00,0.0001,0,0.0
2026-08-18T15:35:38.352807,100000.00,100000.00,0.0001,0,0.0
2026-08-18T15:36:39.625526,100000.00,100000.00,0.0001,0,0.0
2026-08-18T15:37:41.272183,100000.00,100000.00,0.0001,0,0.0
2026-08-18T15:38:42.712488,100000.00,100000.00,0.0001,0,0.0
2026-08-18T15:39:44.153715,100000.00,100000.00,0.0001,0,0.0
2026-08-18T15:40:45.340767,100000.00,100000.00,0.0001,0,0.0
2026-08-18T15:41:46.626043,100000.00,100000.00,0.0001,0,0.0
2026-08-18T15:42:47.860464,100000.00,100000.00,0.0001,0,0.0
2026-08-18T15:43:49.200453,100000.00,100000.00,0.0002,0,0.0
2026-08-18T15:44:50.332075,100000.00,100000.00,0.0002,0,0.0
2026-08-18T15:45:51.568106,100000.00,100000.00,0.0002,0,0.0
2026-08-18T15:46:53.008766,100000.00,100000.00,0.0001,0,0.0
2026-08-18T15:47:54.211468,100000.00,100000.00,0.0001,0,0.0
2026-08-18T15:48:55.583040,100000.00,100000.00,0.0001,0,0.0
2026-08-18T15:49:56.740340,100000.00,100000.00,0.0002,0,0.0
2026-08-18T15:50:57.904625,100000.00,100000.00,0.0002,0,0.0
2026-08-18T15:51:59.191922,100000.00,100000.00,0.0001,0,0.0
2026-08-18T15:53:00.403353,100000.00,100000.00,0.0001,0,0.0
2026-08-18T15:54:01.984298,100000.00,100000.00,0.0001,0,0.0
2026-08-18T15:55:03.235151,100000.00,100000.00,0.0001,0,0.0
2026-08-18T15:56:04.752061,100000.00,100000.00,0.0001,0,0.0
2026-08-18T15:57:06.082864,100000.00,100000.00,0.0001,0,0.0
2026-08-18T15:58:07.327062,100000.00,100000.00,0.0002,0,0.0
2026-08-18T15:59:08.563251,100000.00,100000.00,0.0001,0,0.0
2026-08-18T16:00:09.902346,100000.00,100000.00,0.0001,0,0.0
2026-08-18T16:01:11.547652,100000.00,100000.00,0.0001,0,0.0
2026-08-18T16:02:12.886116,100000.00,100000.00,0.0001,0,0.0
2026-08-18T16:03:14.278628,100000.00,100000.00,0.0001,0,0.0
2026-08-18T16:04:15.871317,100000.00,100000.00,0.0001,0,0.0
2026-08-18T16:05:17.156780,100000.00,100000.00,0.0001,0,0.0
2026-08-18T16:06:18.446008,100000.00,100000.00,0.0001,0,0.0
2026-08-18T16:07:19.784309,100000.00,100000.00,0.0001,0,0.0
2026-08-18T16:08:21.120554,100000.00,100000.00,0.0002,0,0.0
2026-08-18T16:09:22.428050,100000.00,100000.00,0.0002,0,0.0
2026-08-18T16:10:23.615347,100000.00,100000.00,0.0002,0,0.0
2026-08-18T16:11:24.982651,100000.00,100000.00,0.0002,0,0.0
2026-08-18T16:12:26.227161,100000.00,100000.00,0.0002,0,0.0
2026-08-18T16:13:27.506270,100000.00,100000.00,0.0002,0,0.0
2026-08-18T16:14:29.052919,100000.00,100000.00,0.0002,0,0.0
2026-08-18T16:15:30.249857,100000.00,100000.00,0.0002,0,0.0
2026-08-18T16:16:31.499701,100000.00,100000.00,0.0002,0,0.0
2026-08-18T16:17:32.668716,100000.00,100000.00,0.0002,0,0.0
2026-08-18T16:18:34.099735,100000.00,100000.00,0.0003,0,0.0
2026-08-18T16:19:35.357891,100000.00,100000.00,0.0002,0,0.0
2026-08-18T16:20:36.548015,100000.00,100000.00,0.0002,0,0.0
2026-08-18T16:21:37.763058,100000.00,100000.00,0.0002,0,0.0
2026-08-18T16:22:39.146955,100000.00,100000.00,0.0002,0,0.0
2026-08-18T16:23:40.485916,100000.00,100000.00,0.0002,0,0.0
2026-08-18T16:24:41.824217,100000.00,100000.00,0.0002,0,0.0
2026-08-18T16:25:43.058798,100000.00,100000.00,0.0002,0,0.0
2026-08-18T16:26:44.274466,100000.00,100000.00,0.0002,0,0.0
2026-08-18T16:27:46.150545,100000.00,100000.00,0.0003,0,0.0
2026-08-18T16:28:47.387612,100000.00,100000.00,0.0003,0,0.0
2026-08-18T16:30:14.212541,100000.00,100000.00,0.0003,0,0.0
2026-08-18T16:31:16.074789,100000.00,100000.00,0.0003,0,0.0
2026-08-18T16:32:17.406263,100000.00,100000.00,0.0003,0,0.0
2026-08-18T16:33:18.572310,100000.00,100000.00,0.0003,0,0.0
2026-08-18T16:34:19.878256,100000.00,100000.00,0.0002,0,0.0
2026-08-18T16:35:21.260248,100000.00,100000.00,0.0002,0,0.0
2026-08-18T16:36:22.663124,100000.00,100000.00,0.0002,0,0.0
2026-08-18T16:37:24.022507,100000.00,100000.00,0.0002,0,0.0
2026-08-18T16:38:25.292494,100000.00,100000.00,0.0002,0,0.0
2026-08-18T16:39:26.522792,100000.00,100000.00,0.0002,0,0.0
2026-08-18T16:40:27.912998,100000.00,100000.00,0.0002,0,0.0
2026-08-18T16:41:29.148245,100000.00,100000.00,0.0002,0,0.0
2026-08-18T16:42:30.795196,100000.00,100000.00,0.0001,0,0.0
2026-08-18T16:43:32.236685,100000.00,100000.00,0.0002,0,0.0
2026-08-18T16:44:33.780733,100000.00,100000.00,0.0002,0,0.0
2026-08-18T16:45:35.276762,100000.00,100000.00,0.0002,0,0.0
2026-08-18T16:46:36.764173,100000.00,100000.00,0.0001,0,0.0
2026-08-18T16:47:38.074503,100000.00,100000.00,0.0001,0,0.0
2026-08-18T16:48:39.336725,100000.00,100000.00,0.0001,0,0.0
2026-08-18T16:49:40.645339,100000.00,100000.00,0.0001,0,0.0
2026-08-18T16:50:42.012415,100000.00,100000.00,0.0001,0,0.0
2026-08-18T16:51:43.457404,100000.00,100000.00,0.0002,0,0.0
2026-08-18T16:52:44.998519,100000.00,100000.00,0.0001,0,0.0
2026-08-18T16:53:46.185070,100000.00,100000.00,0.0001,0,0.0
2026-08-18T16:54:47.456171,100000.00,100000.00,0.0001,0,0.0
2026-08-18T16:55:48.726133,100000.00,100000.00,0.0002,0,0.0
2026-08-18T16:56:50.195854,100000.00,100000.00,0.0001,0,0.0
2026-08-18T16:57:51.587196,100000.00,100000.00,0.0001,0,0.0
2026-08-18T16:58:52.827122,100000.00,100000.00,0.0001,0,0.0
2026-08-18T16:59:54.165260,100000.00,100000.00,0.0001,0,0.0
2026-08-18T17:00:55.557486,100000.00,100000.00,0.0002,0,0.0
2026-08-18T17:01:56.944427,100000.00,100000.00,0.0002,0,0.0
2026-08-18T17:02:58.283321,100000.00,100000.00,0.0002,0,0.0
2026-08-18T17:03:59.518181,100000.00,100000.00,0.0002,0,0.0
2026-08-18T17:05:00.959810,100000.00,100000.00,0.0002,0,0.0
2026-08-18T17:06:02.253495,100000.00,100000.00,0.0002,0,0.0
2026-08-18T17:07:04.461886,100000.00,100000.00,0.0002,0,0.0
2026-08-18T17:08:06.410935,100000.00,100000.00,0.0002,0,0.0
2026-08-18T17:09:07.639484,100000.00,100000.00,0.0002,0,0.0
2026-08-18T17:10:08.738521,100000.00,100000.00,0.0002,0,0.0
2026-08-18T17:11:09.758705,100000.00,100000.00,0.0002,0,0.0
2026-08-18T17:12:11.021079,100000.00,100000.00,0.0002,0,0.0
2026-08-18T17:13:12.108789,100000.00,100000.00,0.0002,0,0.0
2026-08-18T17:14:13.211666,100000.00,100000.00,0.0002,0,0.0
2026-08-18T17:15:14.449215,100000.00,100000.00,0.0002,0,0.0
2026-08-18T17:16:15.785413,100000.00,100000.00,0.0002,0,0.0
2026-08-18T17:17:17.128366,100000.00,100000.00,0.0002,0,0.0
2026-08-18T17:18:18.774497,100000.00,100000.00,0.0002,0,0.0
2026-08-18T17:19:20.161093,100000.00,100000.00,0.0002,0,0.0
2026-08-18T17:20:21.146599,100000.00,100000.00,0.0002,0,0.0
2026-08-18T17:21:22.587333,100000.00,100000.00,0.0002,0,0.0
2026-08-18T17:22:23.744951,100000.00,100000.00,0.0002,0,0.0
2026-08-18T17:23:24.813432,100000.00,100000.00,0.0002,0,0.0
2026-08-18T17:24:25.851816,100000.00,100000.00,0.0002,0,0.0
2026-08-18T17:25:26.851213,100000.00,100000.00,0.0002,0,0.0
2026-08-18T17:26:27.942006,100000.00,100000.00,0.0002,0,0.0
2026-08-18T17:27:28.973979,100000.00,100000.00,0.0002,0,0.0
2026-08-18T17:28:30.224774,100000.00,100000.00,0.0002,0,0.0
2026-08-18T17:29:31.239137,100000.00,100000.00,0.0002,0,0.0
2026-08-18T17:30:32.377466,100000.00,100000.00,0.0002,0,0.0
2026-08-18T17:31:33.508888,100000.00,100000.00,0.0002,0,0.0
2026-08-18T17:32:34.614372,100000.00,100000.00,0.0002,0,0.0
2026-08-18T17:33:35.940316,100000.00,100000.00,0.0002,0,0.0
2026-08-18T17:34:37.219568,100000.00,100000.00,0.0002,0,0.0
2026-08-18T17:35:38.350820,100000.00,100000.00,0.0003,0,0.0
2026-08-18T17:36:39.693746,100000.00,100000.00,0.0002,0,0.0
2026-08-18T17:37:40.685206,100000.00,100000.00,0.0003,0,0.0
2026-08-18T17:38:41.852338,100000.00,100000.00,0.0002,0,0.0
2026-08-18T17:39:43.088823,100000.00,100000.00,0.0002,0,0.0
2026-08-18T17:40:44.363134,100000.00,100000.00,0.0002,0,0.0
2026-08-18T17:41:45.646125,100000.00,100000.00,0.0003,0,0.0
2026-08-18T17:42:46.635128,100000.00,100000.00,0.0003,0,0.0
2026-08-18T17:43:47.830883,100000.00,100000.00,0.0002,0,0.0
2026-08-18T17:44:49.176788,100000.00,100000.00,0.0003,0,0.0
2026-08-18T17:45:50.409568,100000.00,100000.00,0.0002,0,0.0
2026-08-18T17:46:51.416476,100000.00,100000.00,0.0003,0,0.0
2026-08-18T17:47:52.669343,100000.00,100000.00,0.0003,0,0.0
2026-08-18T17:48:53.884820,100000.00,100000.00,0.0003,0,0.0
2026-08-18T17:49:55.239446,100000.00,100000.00,0.0003,0,0.0
2026-08-18T17:50:58.118484,100000.00,100000.00,0.0003,0,0.0
2026-08-18T17:51:59.195447,100000.00,100000.00,0.0003,0,0.0
2026-08-18T17:53:00.436198,100000.00,100000.00,0.0003,0,0.0
2026-08-18T17:54:01.671008,100000.00,100000.00,0.0003,0,0.0
2026-08-18T17:55:02.870767,100000.00,100000.00,0.0003,0,0.0
2026-08-18T17:56:04.093498,100000.00,100000.00,0.0003,0,0.0
2026-08-18T17:57:05.231296,100000.00,100000.00,0.0003,0,0.0
2026-08-18T17:58:06.466638,100000.00,100000.00,0.0003,0,0.0
2026-08-18T17:59:07.600255,100000.00,100000.00,0.0003,0,0.0
2026-08-18T18:00:08.836936,100000.00,100000.00,0.0003,0,0.0
2026-08-18T18:01:10.069505,100000.00,100000.00,0.0003,0,0.0
2026-08-18T18:02:11.314023,100000.00,100000.00,0.0003,0,0.0
2026-08-18T18:03:12.544814,100000.00,100000.00,0.0003,0,0.0
2026-08-18T18:04:13.749862,100000.00,100000.00,0.0003,0,0.0
2026-08-18T18:05:14.914879,100000.00,100000.00,0.0003,0,0.0
2026-08-18T18:06:16.151935,100000.00,100000.00,0.0003,0,0.0
2026-08-18T18:07:17.320948,100000.00,100000.00,0.0003,0,0.0
2026-08-18T18:08:24.049702,100000.00,100000.00,0.0003,0,0.0
2026-08-18T18:09:25.488629,100000.00,100000.00,0.0003,0,0.0
2026-08-18T18:10:27.342972,100000.00,100000.00,0.0003,0,0.0
2026-08-18T18:11:28.578590,100000.00,100000.00,0.0003,0,0.0
2026-08-18T18:12:29.712077,100000.00,100000.00,0.0003,0,0.0
2026-08-18T18:13:30.846464,100000.00,100000.00,0.0003,0,0.0
2026-08-18T18:14:32.799912,100000.00,100000.00,0.0003,0,0.0
2026-08-18T18:15:33.940492,100000.00,100000.00,0.0002,0,0.0
2026-08-18T18:16:35.169615,100000.00,100000.00,0.0002,0,0.0
2026-08-18T18:17:36.405139,100000.00,100000.00,0.0002,0,0.0
2026-08-18T18:18:37.642076,100000.00,100000.00,0.0002,0,0.0
2026-08-18T18:19:38.878225,100000.00,100000.00,0.0002,0,0.0
2026-08-18T18:20:40.013437,100000.00,100000.00,0.0002,0,0.0
2026-08-18T18:21:41.220201,100000.00,100000.00,0.0002,0,0.0
2026-08-18T18:22:42.435378,100000.00,100000.00,0.0002,0,0.0
2026-08-18T18:23:43.413675,100000.00,100000.00,0.0002,0,0.0
2026-08-18T18:24:44.753069,100000.00,100000.00,0.0002,0,0.0
2026-08-18T18:25:45.862776,100000.00,100000.00,0.0002,0,0.0
2026-08-18T18:26:47.224620,100000.00,100000.00,0.0002,0,0.0
2026-08-18T18:27:48.406590,100000.00,100000.00,0.0002,0,0.0
2026-08-18T18:28:49.695104,100000.00,100000.00,0.0002,0,0.0
2026-08-18T18:29:50.766537,100000.00,100000.00,0.0002,0,0.0
2026-08-18T18:30:51.968082,100000.00,100000.00,0.0002,0,0.0
2026-08-18T18:31:53.042061,100000.00,100000.00,0.0002,0,0.0
2026-08-18T18:32:57.737702,100000.00,100000.00,0.0002,0,0.0
2026-08-18T18:33:58.894737,100000.00,100000.00,0.0002,0,0.0
2026-08-18T18:35:00.220151,100000.00,100000.00,0.0002,0,0.0
2026-08-18T18:36:01.471736,100000.00,100000.00,0.0002,0,0.0
2026-08-18T18:37:02.760340,100000.00,100000.00,0.0002,0,0.0
2026-08-18T18:38:03.944225,100000.00,100000.00,0.0002,0,0.0
2026-08-18T18:39:05.441130,100000.00,100000.00,0.0002,0,0.0
2026-08-18T18:40:06.537242,100000.00,100000.00,0.0002,0,0.0
2026-08-18T18:41:07.752750,100000.00,100000.00,0.0002,0,0.0
2026-08-18T18:42:08.766745,100000.00,100000.00,0.0002,0,0.0
2026-08-18T18:43:10.221773,100000.00,100000.00,0.0002,0,0.0
2026-08-18T18:44:11.410133,100000.00,100000.00,0.0002,0,0.0
2026-08-18T18:45:17.578923,100000.00,100000.00,0.0002,0,0.0
2026-08-18T18:46:23.716473,100000.00,100000.00,0.0002,0,0.0
2026-08-18T18:47:24.926906,100000.00,100000.00,0.0002,0,0.0
2026-08-18T18:48:26.115947,100000.00,100000.00,0.0002,0,0.0
2026-08-18T18:49:27.289381,100000.00,100000.00,0.0002,0,0.0
2026-08-18T18:50:28.445892,100000.00,100000.00,0.0002,0,0.0
2026-08-18T18:51:29.998652,100000.00,100000.00,0.0002,0,0.0
2026-08-18T18:52:31.128305,100000.00,100000.00,0.0002,0,0.0
2026-08-18T18:53:32.262741,100000.00,100000.00,0.0002,0,0.0
2026-08-18T18:54:33.396768,100000.00,100000.00,0.0002,0,0.0
2026-08-18T18:55:34.430529,100000.00,100000.00,0.0002,0,0.0
2026-08-18T18:56:35.704420,100000.00,100000.00,0.0002,0,0.0
2026-08-18T18:57:36.709520,100000.00,100000.00,0.0002,0,0.0
2026-08-18T18:58:37.988313,100000.00,100000.00,0.0002,0,0.0
2026-08-18T18:59:39.271611,100000.00,100000.00,0.0002,0,0.0
2026-08-18T19:00:40.403896,100000.00,100000.00,0.0002,0,0.0
2026-08-18T19:01:41.536953,100000.00,100000.00,0.0002,0,0.0
2026-08-18T19:02:42.673496,100000.00,100000.00,0.0002,0,0.0
2026-08-18T19:03:44.321401,100000.00,100000.00,0.0002,0,0.0
2026-08-18T19:04:45.551107,100000.00,100000.00,0.0002,0,0.0
2026-08-18T19:05:46.893363,100000.00,100000.00,0.0002,0,0.0
2026-08-18T19:06:48.127356,100000.00,100000.00,0.0002,0,0.0
2026-08-18T19:07:49.612887,100000.00,100000.00,0.0002,0,0.0
2026-08-18T19:08:51.369440,100000.00,100000.00,0.0002,0,0.0
2026-08-18T19:09:52.749769,100000.00,100000.00,0.0002,0,0.0
2026-08-18T19:10:53.863172,100000.00,100000.00,0.0002,0,0.0
2026-08-18T19:12:01.887433,100000.00,100000.00,0.0002,0,0.0
2026-08-18T19:13:02.909870,100000.00,100000.00,0.0002,0,0.0
2026-08-18T19:14:05.995558,100000.00,100000.00,0.0003,0,0.0
2026-08-18T19:15:08.670110,100000.00,100000.00,0.0003,0,0.0
2026-08-18T19:16:09.962692,100000.00,100000.00,0.0003,0,0.0
2026-08-18T19:17:11.040393,100000.00,100000.00,0.0003,0,0.0
2026-08-18T19:18:12.053606,100000.00,100000.00,0.0003,0,0.0
2026-08-18T19:19:13.254084,100000.00,100000.00,0.0003,0,0.0
2026-08-18T19:20:14.444023,100000.00,100000.00,0.0003,0,0.0
2026-08-18T19:21:16.030744,100000.00,100000.00,0.0002,0,0.0
2026-08-18T19:22:17.228739,100000.00,100000.00,0.0002,0,0.0
2026-08-18T19:23:18.447549,100000.00,100000.00,0.0002,0,0.0
2026-08-18T19:24:19.953273,100000.00,100000.00,0.0002,0,0.0
2026-08-18T19:25:21.231479,100000.00,100000.00,0.0002,0,0.0
2026-08-18T19:26:22.838871,100000.00,100000.00,0.0002,0,0.0
2026-08-18T19:27:24.283874,100000.00,100000.00,0.0002,0,0.0
2026-08-18T19:28:25.758295,100000.00,100000.00,0.0002,0,0.0
2026-08-18T19:29:27.060847,100000.00,100000.00,0.0002,0,0.0
2026-08-18T19:30:28.332944,100000.00,100000.00,0.0002,0,0.0
2026-08-18T19:31:29.721967,100000.00,100000.00,0.0002,0,0.0
2026-08-18T19:32:31.050634,100000.00,100000.00,0.0002,0,0.0
2026-08-18T19:33:32.246604,100000.00,100000.00,0.0002,0,0.0
2026-08-18T19:34:33.889919,100000.00,100000.00,0.0002,0,0.0
2026-08-18T19:35:35.234673,100000.00,100000.00,0.0002,0,0.0
2026-08-18T19:36:36.466466,100000.00,100000.00,0.0002,0,0.0
2026-08-18T19:37:37.679925,100000.00,100000.00,0.0002,0,0.0
2026-08-18T19:38:39.464188,100000.00,100000.00,0.0002,0,0.0
2026-08-18T19:39:40.921526,100000.00,100000.00,0.0002,0,0.0
2026-08-18T19:40:42.104622,100000.00,100000.00,0.0002,0,0.0
2026-08-18T19:41:43.703812,100000.00,100000.00,0.0002,0,0.0
2026-08-18T19:42:45.729424,100000.00,100000.00,0.0003,0,0.0
2026-08-18T19:43:47.328689,100000.00,100000.00,0.0003,0,0.0
2026-08-18T19:44:48.637455,100000.00,100000.00,0.0003,0,0.0
2026-08-18T19:45:50.362650,100000.00,100000.00,0.0003,0,0.0
2026-08-18T19:46:51.605259,100000.00,100000.00,0.0003,0,0.0
2026-08-18T19:47:52.931276,100000.00,100000.00,0.0003,0,0.0
2026-08-18T19:48:54.119310,100000.00,100000.00,0.0003,0,0.0
2026-08-18T19:49:55.365058,100000.00,100000.00,0.0003,0,0.0
2026-08-18T19:50:56.639325,100000.00,100000.00,0.0003,0,0.0
2026-08-18T19:51:58.302156,100000.00,100000.00,0.0003,0,0.0
2026-08-18T19:52:59.638440,100000.00,100000.00,0.0003,0,0.0
2026-08-18T19:54:01.171242,100000.00,100000.00,0.0003,0,0.0
2026-08-18T19:55:03.390164,100000.00,100000.00,0.0003,0,0.0
2026-08-18T19:56:04.767582,100000.00,100000.00,0.0003,0,0.0
2026-08-18T19:57:06.103146,100000.00,100000.00,0.0003,0,0.0
2026-08-18T19:58:07.427363,100000.00,100000.00,0.0003,0,0.0
2026-08-18T19:59:08.750939,100000.00,100000.00,0.0003,0,0.0
2026-08-18T20:00:10.018978,100000.00,100000.00,0.0003,0,0.0
2026-08-18T20:01:11.263096,100000.00,100000.00,0.0003,0,0.0
2026-08-18T20:02:12.592478,100000.00,100000.00,0.0003,0,0.0
2026-08-18T20:03:13.897257,100000.00,100000.00,0.0003,0,0.0
2026-08-18T20:04:15.261969,100000.00,100000.00,0.0003,0,0.0
2026-08-18T20:05:16.467713,100000.00,100000.00,0.0003,0,0.0
2026-08-18T20:06:17.741514,100000.00,100000.00,0.0003,0,0.0
2026-08-18T20:07:19.077827,100000.00,100000.00,0.0003,0,0.0
2026-08-18T20:08:20.469264,100000.00,100000.00,0.0003,0,0.0
2026-08-18T20:09:21.746298,100000.00,100000.00,0.0003,0,0.0
2026-08-18T20:10:23.007742,100000.00,100000.00,0.0003,0,0.0
2026-08-18T20:11:24.299570,100000.00,100000.00,0.0003,0,0.0
2026-08-18T20:12:25.671293,100000.00,100000.00,0.0003,0,0.0
2026-08-18T20:13:26.948634,100000.00,100000.00,0.0003,0,0.0
2026-08-18T20:14:28.143990,100000.00,100000.00,0.0003,0,0.0
2026-08-18T20:15:29.519580,100000.00,100000.00,0.0003,0,0.0
2026-08-18T20:16:30.761197,100000.00,100000.00,0.0003,0,0.0
2026-08-18T20:17:32.157056,100000.00,100000.00,0.0003,0,0.0
2026-08-18T20:18:33.396186,100000.00,100000.00,0.0003,0,0.0
2026-08-18T20:19:34.689482,100000.00,100000.00,0.0003,0,0.0
2026-08-18T20:20:35.971648,100000.00,100000.00,0.0003,0,0.0
2026-08-18T20:21:37.207826,100000.00,100000.00,0.0003,0,0.0
2026-08-18T20:22:38.649184,100000.00,100000.00,0.0003,0,0.0
2026-08-18T20:23:40.014092,100000.00,100000.00,0.0003,0,0.0
2026-08-18T20:24:41.244537,100000.00,100000.00,0.0003,0,0.0
2026-08-18T20:25:45.691117,100000.00,100000.00,0.0003,0,0.0
2026-08-18T20:26:46.970584,100000.00,100000.00,0.0003,0,0.0
2026-08-18T20:27:48.210110,100000.00,100000.00,0.0003,0,0.0
2026-08-18T20:28:49.445726,100000.00,100000.00,0.0003,0,0.0
2026-08-18T20:29:50.680946,100000.00,100000.00,0.0003,0,0.0
2026-08-18T20:30:52.123219,100000.00,100000.00,0.0003,0,0.0
2026-08-18T20:31:53.425317,100000.00,100000.00,0.0003,0,0.0
2026-08-18T20:32:54.903175,100000.00,100000.00,0.0003,0,0.0
2026-08-18T20:33:56.241938,100000.00,100000.00,0.0003,0,0.0
2026-08-18T20:34:57.580921,100000.00,100000.00,0.0003,0,0.0
2026-08-18T20:35:58.960541,100000.00,100000.00,0.0003,0,0.0
2026-08-18T20:37:00.339246,100000.00,100000.00,0.0003,0,0.0
2026-08-18T20:38:01.494266,100000.00,100000.00,0.0003,0,0.0
2026-08-18T20:39:02.831240,100000.00,100000.00,0.0003,0,0.0
2026-08-18T20:40:04.066713,100000.00,100000.00,0.0003,0,0.0
2026-08-18T20:41:05.320883,100000.00,100000.00,0.0003,0,0.0
2026-08-18T20:42:06.649551,100000.00,100000.00,0.0003,0,0.0
2026-08-18T20:43:07.935738,100000.00,100000.00,0.0003,0,0.0
2026-08-18T20:44:09.330527,100000.00,100000.00,0.0003,0,0.0
2026-08-18T20:45:10.669682,100000.00,100000.00,0.0003,0,0.0
2026-08-18T20:46:12.310799,100000.00,100000.00,0.0003,0,0.0
2026-08-18T20:47:13.646141,100000.00,100000.00,0.0003,0,0.0
2026-08-18T20:48:14.882023,100000.00,100000.00,0.0003,0,0.0
2026-08-18T20:49:16.119647,100000.00,100000.00,0.0003,0,0.0
2026-08-18T20:50:17.355096,100000.00,100000.00,0.0003,0,0.0
2026-08-18T20:51:18.655724,100000.00,100000.00,0.0003,0,0.0
2026-08-18T20:52:19.930344,100000.00,100000.00,0.0003,0,0.0
2026-08-18T20:53:21.238744,100000.00,100000.00,0.0003,0,0.0
2026-08-18T20:54:22.812826,100000.00,100000.00,0.0003,0,0.0
2026-08-18T20:55:24.253892,100000.00,100000.00,0.0003,0,0.0
2026-08-18T20:56:25.558080,100000.00,100000.00,0.0003,0,0.0
2026-08-18T20:57:26.931145,100000.00,100000.00,0.0003,0,0.0
2026-08-18T20:58:28.259115,100000.00,100000.00,0.0003,0,0.0
2026-08-18T20:59:29.835481,100000.00,100000.00,0.0003,0,0.0
2026-08-18T21:00:31.075093,100000.00,100000.00,0.0003,0,0.0
2026-08-18T21:01:32.369215,100000.00,100000.00,0.0003,0,0.0
2026-08-18T21:02:33.625970,100000.00,100000.00,0.0003,0,0.0
2026-08-18T21:03:34.861087,100000.00,100000.00,0.0003,0,0.0
2026-08-18T21:04:36.199501,100000.00,100000.00,0.0003,0,0.0
2026-08-18T21:05:37.742118,100000.00,100000.00,0.0003,0,0.0
2026-08-18T21:06:39.389777,100000.00,100000.00,0.0003,0,0.0
2026-08-18T21:07:40.830653,100000.00,100000.00,0.0003,0,0.0
2026-08-18T21:08:42.063925,100000.00,100000.00,0.0003,0,0.0
2026-08-18T21:09:43.303773,100000.00,100000.00,0.0003,0,0.0
2026-08-18T21:10:44.641289,100000.00,100000.00,0.0003,0,0.0
2026-08-18T21:11:45.878382,100000.00,100000.00,0.0003,0,0.0
2026-08-18T21:12:47.216082,100000.00,100000.00,0.0003,0,0.0
2026-08-18T21:13:48.424060,100000.00,100000.00,0.0003,0,0.0
2026-08-18T21:14:49.688769,100000.00,100000.00,0.0003,0,0.0
2026-08-18T21:15:50.823746,100000.00,100000.00,0.0003,0,0.0
2026-08-18T21:16:52.110298,100000.00,100000.00,0.0003,0,0.0
2026-08-18T21:17:53.500673,100000.00,100000.00,0.0003,0,0.0
2026-08-18T21:18:54.825285,100000.00,100000.00,0.0003,0,0.0
2026-08-18T21:19:56.078254,100000.00,100000.00,0.0003,0,0.0
2026-08-18T21:20:57.312390,100000.00,100000.00,0.0003,0,0.0
2026-08-18T21:21:58.651402,100000.00,100000.00,0.0003,0,0.0
2026-08-18T21:22:59.887181,100000.00,100000.00,0.0003,0,0.0
2026-08-18T21:24:01.123736,100000.00,100000.00,0.0003,0,0.0
2026-08-18T21:25:02.348062,100000.00,100000.00,0.0003,0,0.0
2026-08-18T21:26:03.695936,100000.00,100000.00,0.0003,0,0.0
2026-08-18T21:27:04.852154,100000.00,100000.00,0.0003,0,0.0
2026-08-18T21:28:06.055736,100000.00,100000.00,0.0003,0,0.0
2026-08-18T21:29:07.253181,100000.00,100000.00,0.0003,0,0.0
2026-08-18T21:30:08.520692,100000.00,100000.00,0.0003,0,0.0
2026-08-18T21:31:09.864772,100000.00,100000.00,0.0003,0,0.0
2026-08-18T21:32:11.219181,100000.00,100000.00,0.0003,0,0.0
2026-08-18T21:33:12.558184,100000.00,100000.00,0.0003,0,0.0
2026-08-18T21:34:13.999265,100000.00,100000.00,0.0003,0,0.0
2026-08-18T21:35:15.236587,100000.00,100000.00,0.0003,0,0.0
2026-08-18T21:36:16.421593,100000.00,100000.00,0.0003,0,0.0
2026-08-18T21:37:17.705268,100000.00,100000.00,0.0003,0,0.0
2026-08-18T21:38:19.149639,100000.00,100000.00,0.0003,0,0.0
2026-08-18T21:39:20.396341,100000.00,100000.00,0.0004,0,0.0
2026-08-18T21:40:21.621947,100000.00,100000.00,0.0004,0,0.0
2026-08-18T21:41:22.825028,100000.00,100000.00,0.0003,0,0.0
2026-08-18T21:42:24.092373,100000.00,100000.00,0.0004,0,0.0
2026-08-18T21:43:25.432626,100000.00,100000.00,0.0004,0,0.0
2026-08-18T21:44:26.669418,100000.00,100000.00,0.0004,0,0.0
2026-08-18T21:45:28.009370,100000.00,100000.00,0.0004,0,0.0
2026-08-18T21:46:29.234488,100000.00,100000.00,0.0003,0,0.0
2026-08-18T21:47:30.480548,100000.00,100000.00,0.0003,0,0.0
2026-08-18T21:48:31.791208,100000.00,100000.00,0.0003,0,0.0
2026-08-18T21:49:33.053874,100000.00,100000.00,0.0003,0,0.0
2026-08-18T21:50:34.256282,100000.00,100000.00,0.0003,0,0.0
2026-08-18T21:51:35.528465,100000.00,100000.00,0.0003,0,0.0
2026-08-18T21:52:36.706683,100000.00,100000.00,0.0003,0,0.0
2026-08-18T21:53:37.898217,100000.00,100000.00,0.0003,0,0.0
2026-08-18T21:54:39.236577,100000.00,100000.00,0.0003,0,0.0
2026-08-18T21:55:40.472676,100000.00,100000.00,0.0004,0,0.0
2026-08-18T21:56:41.649391,100000.00,100000.00,0.0004,0,0.0
2026-08-18T21:57:42.858418,100000.00,100000.00,0.0004,0,0.0
2026-08-18T21:58:44.183113,100000.00,100000.00,0.0003,0,0.0
2026-08-18T21:59:45.990406,100000.00,100000.00,0.0003,0,0.0
2026-08-18T22:00:47.307980,100000.00,100000.00,0.0003,0,0.0
2026-08-18T22:01:48.779382,100000.00,100000.00,0.0004,0,0.0
2026-08-18T22:02:49.945473,100000.00,100000.00,0.0003,0,0.0
2026-08-18T22:03:51.284768,100000.00,100000.00,0.0003,0,0.0
2026-08-18T22:04:52.520821,100000.00,100000.00,0.0003,0,0.0
2026-08-18T22:05:53.654444,100000.00,100000.00,0.0003,0,0.0
2026-08-18T22:06:54.890903,100000.00,100000.00,0.0003,0,0.0
2026-08-18T22:07:56.127299,100000.00,100000.00,0.0003,0,0.0
2026-08-18T22:08:57.395429,100000.00,100000.00,0.0003,0,0.0
2026-08-18T22:09:58.599865,100000.00,100000.00,0.0003,0,0.0
2026-08-18T22:11:00.136775,100000.00,100000.00,0.0003,0,0.0
2026-08-18T22:12:01.428900,100000.00,100000.00,0.0003,0,0.0
2026-08-18T22:13:02.719023,100000.00,100000.00,0.0003,0,0.0
2026-08-18T22:14:04.058990,100000.00,100000.00,0.0003,0,0.0
2026-08-18T22:15:05.401270,100000.00,100000.00,0.0003,0,0.0
2026-08-18T22:16:06.604568,100000.00,100000.00,0.0003,0,0.0
2026-08-18T22:17:07.970556,100000.00,100000.00,0.0003,0,0.0
2026-08-18T22:18:09.206703,100000.00,100000.00,0.0003,0,0.0
2026-08-18T22:19:10.545201,100000.00,100000.00,0.0003,0,0.0
2026-08-18T22:20:11.883993,100000.00,100000.00,0.0003,0,0.0
2026-08-18T22:21:13.126021,100000.00,100000.00,0.0003,0,0.0
2026-08-18T22:22:14.355903,100000.00,100000.00,0.0003,0,0.0
2026-08-18T22:23:15.593098,100000.00,100000.00,0.0003,0,0.0
2026-08-18T22:24:17.026582,100000.00,100000.00,0.0003,0,0.0
2026-08-18T22:25:18.269596,100000.00,100000.00,0.0003,0,0.0
2026-08-18T22:26:19.506111,100000.00,100000.00,0.0003,0,0.0
2026-08-18T22:27:20.837627,100000.00,100000.00,0.0003,0,0.0
2026-08-18T22:28:22.081112,100000.00,100000.00,0.0003,0,0.0
2026-08-18T22:29:23.215115,100000.00,100000.00,0.0003,0,0.0
2026-08-18T22:30:25.270033,100000.00,100000.00,0.0003,0,0.0
2026-08-18T22:31:26.506778,100000.00,100000.00,0.0003,0,0.0
2026-08-18T22:32:27.845236,100000.00,100000.00,0.0003,0,0.0
2026-08-18T22:33:29.133414,100000.00,100000.00,0.0003,0,0.0
2026-08-18T22:34:30.420150,100000.00,100000.00,0.0003,0,0.0
2026-08-18T22:35:31.657468,100000.00,100000.00,0.0003,0,0.0
2026-08-18T22:36:33.057746,100000.00,100000.00,0.0003,0,0.0
2026-08-18T22:37:34.230343,100000.00,100000.00,0.0003,0,0.0
2026-08-18T22:38:35.429528,100000.00,100000.00,0.0003,0,0.0
2026-08-18T22:39:36.805002,100000.00,100000.00,0.0003,0,0.0
2026-08-18T22:40:38.041027,100000.00,100000.00,0.0003,0,0.0
2026-08-18T22:41:39.331620,100000.00,100000.00,0.0003,0,0.0
2026-08-18T22:42:40.512181,100000.00,100000.00,0.0003,0,0.0
2026-08-18T22:43:41.691437,100000.00,100000.00,0.0003,0,0.0
2026-08-18T22:44:42.830070,100000.00,100000.00,0.0003,0,0.0
2026-08-18T22:45:44.088999,100000.00,100000.00,0.0003,0,0.0
2026-08-18T22:46:45.356927,100000.00,100000.00,0.0003,0,0.0
2026-08-18T22:47:46.591140,100000.00,100000.00,0.0003,0,0.0
2026-08-18T22:48:47.928603,100000.00,100000.00,0.0003,0,0.0
2026-08-18T22:49:49.470738,100000.00,100000.00,0.0003,0,0.0
2026-08-18T22:50:50.892701,100000.00,100000.00,0.0003,0,0.0
2026-08-18T22:51:52.148149,100000.00,100000.00,0.0003,0,0.0
2026-08-18T22:52:53.369405,100000.00,100000.00,0.0003,0,0.0
2026-08-18T22:53:54.658510,100000.00,100000.00,0.0003,0,0.0
2026-08-18T22:54:55.957238,100000.00,100000.00,0.0003,0,0.0
2026-08-18T22:55:57.193619,100000.00,100000.00,0.0003,0,0.0
2026-08-18T22:56:58.430075,100000.00,100000.00,0.0003,0,0.0
2026-08-18T22:57:59.871093,100000.00,100000.00,0.0003,0,0.0
2026-08-18T22:59:01.106423,100000.00,100000.00,0.0003,0,0.0
2026-08-18T23:00:02.446246,100000.00,100000.00,0.0003,0,0.0
2026-08-18T23:01:03.681689,100000.00,100000.00,0.0003,0,0.0
2026-08-18T23:02:05.021003,100000.00,100000.00,0.0003,0,0.0
2026-08-18T23:03:06.155400,100000.00,100000.00,0.0003,0,0.0
2026-08-18T23:04:07.494424,100000.00,100000.00,0.0002,0,0.0
2026-08-18T23:05:08.727827,100000.00,100000.00,0.0002,0,0.0
2026-08-18T23:06:09.921948,100000.00,100000.00,0.0003,0,0.0
2026-08-18T23:07:11.202301,100000.00,100000.00,0.0003,0,0.0
2026-08-18T23:08:12.438776,100000.00,100000.00,0.0003,0,0.0
2026-08-18T23:09:13.730542,100000.00,100000.00,0.0003,0,0.0
2026-08-18T23:10:15.116524,100000.00,100000.00,0.0003,0,0.0
2026-08-18T23:11:16.438286,100000.00,100000.00,0.0003,0,0.0
2026-08-18T23:12:17.588563,100000.00,100000.00,0.0002,0,0.0
2026-08-18T23:13:18.794562,100000.00,100000.00,0.0002,0,0.0
2026-08-18T23:14:19.955957,100000.00,100000.00,0.0002,0,0.0
2026-08-18T23:15:21.163088,100000.00,100000.00,0.0002,0,0.0
2026-08-18T23:16:22.429311,100000.00,100000.00,0.0002,0,0.0
2026-08-18T23:17:23.752231,100000.00,100000.00,0.0002,0,0.0
2026-08-18T23:18:25.002776,100000.00,100000.00,0.0002,0,0.0
2026-08-18T23:19:26.442873,100000.00,100000.00,0.0002,0,0.0
2026-08-18T23:20:27.643149,100000.00,100000.00,0.0002,0,0.0
2026-08-18T23:21:28.914067,100000.00,100000.00,0.0002,0,0.0
2026-08-18T23:22:30.115428,100000.00,100000.00,0.0002,0,0.0
2026-08-18T23:23:31.388279,100000.00,100000.00,0.0002,0,0.0
2026-08-18T23:24:32.825600,100000.00,100000.00,0.0002,0,0.0
2026-08-18T23:25:34.060876,100000.00,100000.00,0.0002,0,0.0
2026-08-18T23:26:35.289071,100000.00,100000.00,0.0002,0,0.0
2026-08-18T23:27:36.439719,100000.00,100000.00,0.0002,0,0.0
2026-08-18T23:28:37.662545,100000.00,100000.00,0.0002,0,0.0
2026-08-18T23:29:38.877740,100000.00,100000.00,0.0002,0,0.0
2026-08-18T23:30:40.136929,100000.00,100000.00,0.0002,0,0.0
2026-08-18T23:31:41.374869,100000.00,100000.00,0.0002,0,0.0
2026-08-18T23:32:42.607641,100000.00,100000.00,0.0002,0,0.0
2026-08-18T23:33:43.845209,100000.00,100000.00,0.0002,0,0.0
2026-08-18T23:34:45.183561,100000.00,100000.00,0.0002,0,0.0
2026-08-18T23:35:46.419252,100000.00,100000.00,0.0001,0,0.0
2026-08-18T23:36:47.652715,100000.00,100000.00,0.0002,0,0.0
2026-08-18T23:37:48.889804,100000.00,100000.00,0.0002,0,0.0
2026-08-18T23:38:50.229497,100000.00,100000.00,0.0002,0,0.0
2026-08-18T23:39:51.670107,100000.00,100000.00,0.0002,0,0.0
2026-08-18T23:40:53.009209,100000.00,100000.00,0.0002,0,0.0
2026-08-18T23:41:54.242447,100000.00,100000.00,0.0002,0,0.0
2026-08-18T23:42:55.479973,100000.00,100000.00,0.0002,0,0.0
2026-08-18T23:43:57.126275,100000.00,100000.00,0.0001,0,0.0
2026-08-18T23:44:58.259177,100000.00,100000.00,0.0001,0,0.0
2026-08-18T23:45:59.477298,100000.00,100000.00,0.0002,0,0.0
2026-08-18T23:47:01.667463,100000.00,100000.00,0.0001,0,0.0
2026-08-18T23:48:02.888874,100000.00,100000.00,0.0002,0,0.0
2026-08-18T23:49:04.122793,100000.00,100000.00,0.0002,0,0.0
2026-08-18T23:50:05.339201,100000.00,100000.00,0.0001,0,0.0
2026-08-18T23:51:06.597114,100000.00,100000.00,0.0001,0,0.0
2026-08-18T23:52:07.798708,100000.00,100000.00,0.0002,0,0.0
2026-08-18T23:53:08.967597,100000.00,100000.00,0.0002,0,0.0
2026-08-18T23:54:10.203612,100000.00,100000.00,0.0002,0,0.0
2026-08-18T23:55:11.439455,100000.00,100000.00,0.0002,0,0.0
2026-08-18T23:56:12.676100,100000.00,100000.00,0.0002,0,0.0
2026-08-18T23:57:13.908962,100000.00,100000.00,0.0002,0,0.0
2026-08-18T23:58:15.169467,100000.00,100000.00,0.0002,0,0.0
2026-08-18T23:59:16.381924,100000.00,100000.00,0.0002,0,0.0
2026-08-19T00:00:17.610331,100000.00,100000.00,0.0002,0,0.0
2026-08-19T00:01:18.856920,100000.00,100000.00,0.0002,0,0.0
2026-08-19T00:02:20.093353,100000.00,100000.00,0.0002,0,0.0
2026-08-19T00:03:21.334542,100000.00,100000.00,0.0002,0,0.0
2026-08-19T00:04:22.667640,100000.00,100000.00,0.0003,0,0.0
2026-08-19T00:05:24.007709,100000.00,100000.00,0.0003,0,0.0
2026-08-19T00:06:25.244122,100000.00,100000.00,0.0003,0,0.0
2026-08-19T00:07:26.478403,100000.00,100000.00,0.0003,0,0.0
2026-08-19T00:08:27.714986,100000.00,100000.00,0.0003,0,0.0
2026-08-19T00:09:28.953254,100000.00,100000.00,0.0003,0,0.0
2026-08-19T00:10:30.289807,100000.00,100000.00,0.0003,0,0.0
2026-08-19T00:11:31.526015,100000.00,100000.00,0.0003,0,0.0
2026-08-19T00:12:33.578521,100000.00,100000.00,0.0003,0,0.0
2026-08-19T00:13:34.722417,100000.00,100000.00,0.0003,0,0.0
2026-08-19T00:14:35.951237,100000.00,100000.00,0.0003,0,0.0
2026-08-19T00:15:37.244057,100000.00,100000.00,0.0004,0,0.0
2026-08-19T00:16:38.525320,100000.00,100000.00,0.0003,0,0.0
2026-08-19T00:17:39.762808,100000.00,100000.00,0.0003,0,0.0
2026-08-19T00:18:40.974188,100000.00,100000.00,0.0003,0,0.0
2026-08-19T00:19:42.236253,100000.00,100000.00,0.0003,0,0.0
2026-08-19T00:20:43.448720,100000.00,100000.00,0.0003,0,0.0
2026-08-19T00:21:44.703771,100000.00,100000.00,0.0003,0,0.0
2026-08-19T00:22:45.942139,100000.00,100000.00,0.0002,0,0.0
2026-08-19T00:23:47.383468,100000.00,100000.00,0.0002,0,0.0
2026-08-19T00:24:48.583515,100000.00,100000.00,0.0002,0,0.0
2026-08-19T00:25:49.854012,100000.00,100000.00,0.0003,0,0.0
2026-08-19T00:26:51.090310,100000.00,100000.00,0.0003,0,0.0
2026-08-19T00:27:52.325678,100000.00,100000.00,0.0003,0,0.0
2026-08-19T00:28:53.561354,100000.00,100000.00,0.0003,0,0.0
2026-08-19T00:29:54.795502,100000.00,100000.00,0.0003,0,0.0
2026-08-19T00:30:56.032586,100000.00,100000.00,0.0003,0,0.0
2026-08-19T00:31:57.268863,100000.00,100000.00,0.0002,0,0.0
2026-08-19T00:32:58.501816,100000.00,100000.00,0.0002,0,0.0
2026-08-19T00:33:59.716760,100000.00,100000.00,0.0002,0,0.0
2026-08-19T00:35:00.975624,100000.00,100000.00,0.0002,0,0.0
2026-08-19T00:36:02.211635,100000.00,100000.00,0.0002,0,0.0
2026-08-19T00:37:03.349770,100000.00,100000.00,0.0002,0,0.0
2026-08-19T00:38:04.660632,100000.00,100000.00,0.0003,0,0.0
2026-08-19T00:39:06.122851,100000.00,100000.00,0.0002,0,0.0
2026-08-19T00:40:07.359805,100000.00,100000.00,0.0003,0,0.0
2026-08-19T00:41:08.695553,100000.00,100000.00,0.0003,0,0.0
2026-08-19T00:42:10.036280,100000.00,100000.00,0.0003,0,0.0
2026-08-19T00:43:11.271679,100000.00,100000.00,0.0003,0,0.0
2026-08-19T00:44:12.407853,100000.00,100000.00,0.0003,0,0.0
2026-08-19T00:45:13.642040,100000.00,100000.00,0.0003,0,0.0
2026-08-19T00:46:14.878192,100000.00,100000.00,0.0003,0,0.0
2026-08-19T00:47:16.113219,100000.00,100000.00,0.0003,0,0.0
2026-08-19T00:48:17.657860,100000.00,100000.00,0.0003,0,0.0
2026-08-19T00:49:18.842403,100000.00,100000.00,0.0003,0,0.0
2026-08-19T00:50:20.131261,100000.00,100000.00,0.0003,0,0.0
2026-08-19T00:51:21.366522,100000.00,100000.00,0.0004,0,0.0
2026-08-19T00:52:22.601760,100000.00,100000.00,0.0003,0,0.0
2026-08-19T00:53:24.042457,100000.00,100000.00,0.0003,0,0.0
2026-08-19T00:54:25.222701,100000.00,100000.00,0.0003,0,0.0
2026-08-19T00:55:26.413542,100000.00,100000.00,0.0003,0,0.0
2026-08-19T00:56:27.751559,100000.00,100000.00,0.0003,0,0.0
2026-08-19T00:57:28.984497,100000.00,100000.00,0.0003,0,0.0
2026-08-19T00:58:30.226162,100000.00,100000.00,0.0004,0,0.0
2026-08-19T00:59:31.459251,100000.00,100000.00,0.0004,0,0.0
2026-08-19T01:00:32.593231,100000.00,100000.00,0.0004,0,0.0
2026-08-19T01:01:33.813581,100000.00,100000.00,0.0004,0,0.0
2026-08-19T01:02:35.065363,100000.00,100000.00,0.0004,0,0.0
2026-08-19T01:03:36.405504,100000.00,100000.00,0.0004,0,0.0
2026-08-19T01:04:37.845640,100000.00,100000.00,0.0004,0,0.0
2026-08-19T01:05:39.285462,100000.00,100000.00,0.0004,0,0.0
2026-08-19T01:06:40.504342,100000.00,100000.00,0.0003,0,0.0
2026-08-19T01:07:41.757664,100000.00,100000.00,0.0003,0,0.0
2026-08-19T01:08:42.995481,100000.00,100000.00,0.0003,0,0.0
2026-08-19T01:09:44.229880,100000.00,100000.00,0.0003,0,0.0
2026-08-19T01:10:45.467467,100000.00,100000.00,0.0003,0,0.0
2026-08-19T01:11:46.594777,100000.00,100000.00,0.0003,0,0.0
2026-08-19T01:12:47.837236,100000.00,100000.00,0.0003,0,0.0
2026-08-19T01:13:49.154634,100000.00,100000.00,0.0003,0,0.0
2026-08-19T01:14:50.410814,100000.00,100000.00,0.0003,0,0.0
2026-08-19T01:15:51.646515,100000.00,100000.00,0.0003,0,0.0
2026-08-19T01:16:52.882394,100000.00,100000.00,0.0003,0,0.0
2026-08-19T01:17:54.177438,100000.00,100000.00,0.0004,0,0.0
2026-08-19T01:18:55.456297,100000.00,100000.00,0.0004,0,0.0
2026-08-19T01:19:56.690317,100000.00,100000.00,0.0003,0,0.0
2026-08-19T01:20:57.928327,100000.00,100000.00,0.0003,0,0.0
2026-08-19T01:21:59.265412,100000.00,100000.00,0.0003,0,0.0
2026-08-19T01:23:00.810682,100000.00,100000.00,0.0003,0,0.0
2026-08-19T01:24:02.047393,100000.00,100000.00,0.0004,0,0.0
2026-08-19T01:25:03.282236,100000.00,100000.00,0.0004,0,0.0
2026-08-19T01:26:04.467040,100000.00,100000.00,0.0004,0,0.0
2026-08-19T01:27:05.650547,100000.00,100000.00,0.0003,0,0.0
2026-08-19T01:28:06.885234,100000.00,100000.00,0.0003,0,0.0
2026-08-19T01:29:08.123580,100000.00,100000.00,0.0004,0,0.0
2026-08-19T01:30:09.357552,100000.00,100000.00,0.0003,0,0.0
2026-08-19T01:31:10.595092,100000.00,100000.00,0.0004,0,0.0
2026-08-19T01:32:11.785568,100000.00,100000.00,0.0004,0,0.0
2026-08-19T01:33:13.064942,100000.00,100000.00,0.0004,0,0.0
2026-08-19T01:34:14.389203,100000.00,100000.00,0.0003,0,0.0
2026-08-19T01:35:15.642665,100000.00,100000.00,0.0004,0,0.0
2026-08-19T01:36:16.855747,100000.00,100000.00,0.0004,0,0.0
2026-08-19T01:37:18.114257,100000.00,100000.00,0.0004,0,0.0
2026-08-19T01:38:19.355545,100000.00,100000.00,0.0004,0,0.0
2026-08-19T01:39:20.583662,100000.00,100000.00,0.0004,0,0.0
2026-08-19T01:40:21.806470,100000.00,100000.00,0.0004,0,0.0
2026-08-19T01:41:23.161301,100000.00,100000.00,0.0004,0,0.0
2026-08-19T01:42:24.398147,100000.00,100000.00,0.0004,0,0.0
2026-08-19T01:43:25.632990,100000.00,100000.00,0.0004,0,0.0
2026-08-19T01:44:26.868563,100000.00,100000.00,0.0004,0,0.0
2026-08-19T01:45:28.157119,100000.00,100000.00,0.0004,0,0.0
2026-08-19T01:46:29.548992,100000.00,100000.00,0.0004,0,0.0
2026-08-19T01:47:30.986754,100000.00,100000.00,0.0004,0,0.0
2026-08-19T01:48:32.427267,100000.00,100000.00,0.0004,0,0.0
2026-08-19T01:49:33.868041,100000.00,100000.00,0.0004,0,0.0
2026-08-19T01:50:35.101630,100000.00,100000.00,0.0004,0,0.0
2026-08-19T01:51:36.305715,100000.00,100000.00,0.0004,0,0.0
2026-08-19T01:52:37.574564,100000.00,100000.00,0.0004,0,0.0
2026-08-19T01:53:39.014750,100000.00,100000.00,0.0004,0,0.0
2026-08-19T01:54:40.353228,100000.00,100000.00,0.0004,0,0.0
2026-08-19T01:55:41.574219,100000.00,100000.00,0.0004,0,0.0
2026-08-19T01:56:42.926199,100000.00,100000.00,0.0004,0,0.0
2026-08-19T01:57:44.308647,100000.00,100000.00,0.0004,0,0.0
2026-08-19T01:58:45.603133,100000.00,100000.00,0.0004,0,0.0
2026-08-19T01:59:46.838064,100000.00,100000.00,0.0004,0,0.0
2026-08-19T02:00:48.381558,100000.00,100000.00,0.0004,0,0.0
2026-08-19T02:01:49.695133,100000.00,100000.00,0.0004,0,0.0
2026-08-19T02:02:50.953132,100000.00,100000.00,0.0005,0,0.0
2026-08-19T02:03:52.291756,100000.00,100000.00,0.0004,0,0.0
2026-08-19T02:04:53.628412,100000.00,100000.00,0.0005,0,0.0
2026-08-19T02:05:54.968612,100000.00,100000.00,0.0005,0,0.0
2026-08-19T02:06:56.203677,100000.00,100000.00,0.0004,0,0.0
2026-08-19T02:07:57.542210,100000.00,100000.00,0.0005,0,0.0
2026-08-19T02:08:58.983627,100000.00,100000.00,0.0005,0,0.0
2026-08-19T02:10:00.423858,100000.00,100000.00,0.0005,0,0.0
2026-08-19T02:11:01.710440,100000.00,100000.00,0.0005,0,0.0
2026-08-19T02:12:02.999356,100000.00,100000.00,0.0004,0,0.0
2026-08-19T02:13:04.335868,100000.00,100000.00,0.0004,0,0.0
2026-08-19T02:14:05.591574,100000.00,100000.00,0.0004,0,0.0
2026-08-19T02:15:06.911650,100000.00,100000.00,0.0004,0,0.0
2026-08-19T02:16:08.243470,100000.00,100000.00,0.0004,0,0.0
2026-08-19T02:17:09.587898,100000.00,100000.00,0.0005,0,0.0
2026-08-19T02:18:10.825674,100000.00,100000.00,0.0005,0,0.0
2026-08-19T02:19:12.059183,100000.00,100000.00,0.0005,0,0.0
2026-08-19T02:20:13.354132,100000.00,100000.00,0.0005,0,0.0
2026-08-19T02:21:14.634673,100000.00,100000.00,0.0005,0,0.0
2026-08-19T02:22:15.840796,100000.00,100000.00,0.0005,0,0.0
2026-08-19T02:23:17.104612,100000.00,100000.00,0.0005,0,0.0
2026-08-19T02:24:18.342918,100000.00,100000.00,0.0005,0,0.0
2026-08-19T02:25:19.625883,100000.00,100000.00,0.0005,0,0.0
2026-08-19T02:26:21.019983,100000.00,100000.00,0.0005,0,0.0
2026-08-19T02:27:22.241408,100000.00,100000.00,0.0005,0,0.0
2026-08-19T02:28:23.594478,100000.00,100000.00,0.0005,0,0.0
2026-08-19T02:29:24.832323,100000.00,100000.00,0.0005,0,0.0
2026-08-19T02:30:26.066619,100000.00,100000.00,0.0005,0,0.0
2026-08-19T02:31:27.278304,100000.00,100000.00,0.0005,0,0.0
2026-08-19T02:32:28.436980,100000.00,100000.00,0.0005,0,0.0
2026-08-19T02:33:29.674282,100000.00,100000.00,0.0005,0,0.0
2026-08-19T02:34:31.111524,100000.00,100000.00,0.0005,0,0.0
2026-08-19T02:35:32.497276,100000.00,100000.00,0.0005,0,0.0
2026-08-19T02:36:33.789670,100000.00,100000.00,0.0005,0,0.0
2026-08-19T02:37:35.231646,100000.00,100000.00,0.0005,0,0.0
2026-08-19T02:38:36.468888,100000.00,100000.00,0.0005,0,0.0
2026-08-19T02:39:37.732215,100000.00,100000.00,0.0005,0,0.0
2026-08-19T02:40:39.042102,100000.00,100000.00,0.0005,0,0.0
2026-08-19T02:41:40.323331,100000.00,100000.00,0.0005,0,0.0
2026-08-19T02:42:41.616386,100000.00,100000.00,0.0005,0,0.0
2026-08-19T02:43:42.954855,100000.00,100000.00,0.0005,0,0.0
2026-08-19T02:44:44.296826,100000.00,100000.00,0.0005,0,0.0
2026-08-19T02:45:45.633249,100000.00,100000.00,0.0005,0,0.0
2026-08-19T02:46:46.964643,100000.00,100000.00,0.0005,0,0.0
2026-08-19T02:47:48.208747,100000.00,100000.00,0.0005,0,0.0
2026-08-19T02:48:49.749800,100000.00,100000.00,0.0005,0,0.0
2026-08-19T02:49:50.957251,100000.00,100000.00,0.0005,0,0.0
2026-08-19T02:50:52.326692,100000.00,100000.00,0.0005,0,0.0
2026-08-19T02:51:53.766615,100000.00,100000.00,0.0005,0,0.0
2026-08-19T02:52:55.103700,100000.00,100000.00,0.0005,0,0.0
2026-08-19T02:53:56.442852,100000.00,100000.00,0.0005,0,0.0
2026-08-19T02:54:57.836089,100000.00,100000.00,0.0005,0,0.0
2026-08-19T02:55:59.118120,100000.00,100000.00,0.0005,0,0.0
2026-08-19T02:57:00.376803,100000.00,100000.00,0.0005,0,0.0
2026-08-19T02:58:01.976467,100000.00,100000.00,0.0005,0,0.0
2026-08-19T02:59:03.239508,100000.00,100000.00,0.0005,0,0.0
2026-08-19T03:00:04.566620,100000.00,100000.00,0.0005,0,0.0
2026-08-19T03:01:05.912638,100000.00,100000.00,0.0005,0,0.0
2026-08-19T03:02:07.150858,100000.00,100000.00,0.0005,0,0.0
2026-08-19T03:03:08.489133,100000.00,100000.00,0.0005,0,0.0
2026-08-19T03:04:09.703826,100000.00,100000.00,0.0005,0,0.0
2026-08-19T03:05:11.063774,100000.00,100000.00,0.0005,0,0.0
2026-08-19T03:06:12.267677,100000.00,100000.00,0.0005,0,0.0
2026-08-19T03:07:13.534456,100000.00,100000.00,0.0005,0,0.0
2026-08-19T03:08:14.827014,100000.00,100000.00,0.0006,0,0.0
2026-08-19T03:09:16.110229,100000.00,100000.00,0.0006,0,0.0
2026-08-19T03:10:17.352011,100000.00,100000.00,0.0006,0,0.0
2026-08-19T03:11:18.685946,100000.00,100000.00,0.0006,0,0.0
2026-08-19T03:12:19.921793,100000.00,100000.00,0.0005,0,0.0
2026-08-19T03:13:21.240566,100000.00,100000.00,0.0005,0,0.0
2026-08-19T03:14:22.480766,100000.00,100000.00,0.0005,0,0.0
2026-08-19T03:15:23.741298,100000.00,100000.00,0.0005,0,0.0
2026-08-19T03:16:25.029094,100000.00,100000.00,0.0005,0,0.0
2026-08-19T03:17:26.289664,100000.00,100000.00,0.0004,0,0.0
2026-08-19T03:18:27.559578,100000.00,100000.00,0.0004,0,0.0
2026-08-19T03:19:28.819694,100000.00,100000.00,0.0004,0,0.0
2026-08-19T03:20:30.060701,100000.00,100000.00,0.0004,0,0.0
2026-08-19T03:21:31.290632,100000.00,100000.00,0.0004,0,0.0
2026-08-19T03:22:32.599926,100000.00,100000.00,0.0004,0,0.0
2026-08-19T03:23:33.811546,100000.00,100000.00,0.0004,0,0.0
2026-08-19T03:24:35.030604,100000.00,100000.00,0.0004,0,0.0
2026-08-19T03:25:36.604585,100000.00,100000.00,0.0004,0,0.0
2026-08-19T03:26:38.058178,100000.00,100000.00,0.0004,0,0.0
2026-08-19T03:27:39.282478,100000.00,100000.00,0.0004,0,0.0
2026-08-19T03:28:40.416106,100000.00,100000.00,0.0004,0,0.0
2026-08-19T03:29:41.652569,100000.00,100000.00,0.0004,0,0.0
2026-08-19T03:30:42.888762,100000.00,100000.00,0.0005,0,0.0
2026-08-19T03:31:44.125171,100000.00,100000.00,0.0005,0,0.0
2026-08-19T03:32:45.312043,100000.00,100000.00,0.0005,0,0.0
2026-08-19T03:33:46.596437,100000.00,100000.00,0.0005,0,0.0
2026-08-19T03:34:47.935988,100000.00,100000.00,0.0005,0,0.0
2026-08-19T03:35:49.174921,100000.00,100000.00,0.0005,0,0.0
2026-08-19T03:36:50.408196,100000.00,100000.00,0.0005,0,0.0
2026-08-19T03:37:51.645216,100000.00,100000.00,0.0005,0,0.0
2026-08-19T03:38:52.880413,100000.00,100000.00,0.0005,0,0.0
2026-08-19T03:39:54.071116,100000.00,100000.00,0.0005,0,0.0
2026-08-19T03:40:55.352112,100000.00,100000.00,0.0005,0,0.0
2026-08-19T03:41:56.564176,100000.00,100000.00,0.0005,0,0.0
2026-08-19T03:42:57.824823,100000.00,100000.00,0.0005,0,0.0
2026-08-19T03:43:59.060485,100000.00,100000.00,0.0005,0,0.0
2026-08-19T03:45:00.296822,100000.00,100000.00,0.0005,0,0.0
2026-08-19T03:46:01.541266,100000.00,100000.00,0.0005,0,0.0
2026-08-19T03:47:02.795490,100000.00,100000.00,0.0005,0,0.0
2026-08-19T03:48:04.005036,100000.00,100000.00,0.0005,0,0.0
2026-08-19T03:49:05.194574,100000.00,100000.00,0.0005,0,0.0
2026-08-19T03:50:06.376427,100000.00,100000.00,0.0004,0,0.0
2026-08-19T03:51:07.655132,100000.00,100000.00,0.0004,0,0.0
2026-08-19T03:52:08.788033,100000.00,100000.00,0.0004,0,0.0
2026-08-19T03:53:09.977970,100000.00,100000.00,0.0004,0,0.0
2026-08-19T03:54:11.216915,100000.00,100000.00,0.0005,0,0.0
2026-08-19T03:55:12.453422,100000.00,100000.00,0.0005,0,0.0
2026-08-19T03:56:13.646637,100000.00,100000.00,0.0005,0,0.0
2026-08-19T03:57:15.027539,100000.00,100000.00,0.0005,0,0.0
2026-08-19T03:58:16.178828,100000.00,100000.00,0.0005,0,0.0
2026-08-19T03:59:17.475901,100000.00,100000.00,0.0005,0,0.0
2026-08-19T04:00:18.724904,100000.00,100000.00,0.0005,0,0.0
2026-08-19T04:01:20.047190,100000.00,100000.00,0.0005,0,0.0
2026-08-19T04:02:21.310647,100000.00,100000.00,0.0005,0,0.0
2026-08-19T04:03:22.546730,100000.00,100000.00,0.0005,0,0.0
2026-08-19T04:04:23.782886,100000.00,100000.00,0.0005,0,0.0
2026-08-19T04:05:25.019530,100000.00,100000.00,0.0005,0,0.0
2026-08-19T04:06:26.257379,100000.00,100000.00,0.0005,0,0.0
2026-08-19T04:07:27.481709,100000.00,100000.00,0.0005,0,0.0
2026-08-19T04:08:28.940340,100000.00,100000.00,0.0005,0,0.0
2026-08-19T04:09:30.370791,100000.00,100000.00,0.0005,0,0.0
2026-08-19T04:10:31.625416,100000.00,100000.00,0.0005,0,0.0
2026-08-19T04:11:32.840142,100000.00,100000.00,0.0005,0,0.0
2026-08-19T04:12:34.091526,100000.00,100000.00,0.0005,0,0.0
2026-08-19T04:13:35.392875,100000.00,100000.00,0.0005,0,0.0
2026-08-19T04:14:36.739117,100000.00,100000.00,0.0005,0,0.0
2026-08-19T04:15:38.199158,100000.00,100000.00,0.0005,0,0.0
2026-08-19T04:16:39.615605,100000.00,100000.00,0.0005,0,0.0
2026-08-19T04:17:41.116491,100000.00,100000.00,0.0005,0,0.0
2026-08-19T04:18:42.380465,100000.00,100000.00,0.0005,0,0.0
2026-08-19T04:19:43.616855,100000.00,100000.00,0.0005,0,0.0
2026-08-19T04:20:45.027870,100000.00,100000.00,0.0004,0,0.0
2026-08-19T04:21:46.379082,100000.00,100000.00,0.0004,0,0.0
2026-08-19T04:22:47.795669,100000.00,100000.00,0.0004,0,0.0
2026-08-19T04:23:49.126070,100000.00,100000.00,0.0004,0,0.0
2026-08-19T04:24:50.520044,100000.00,100000.00,0.0004,0,0.0
2026-08-19T04:25:52.113292,100000.00,100000.00,0.0004,0,0.0
2026-08-19T04:26:53.359610,100000.00,100000.00,0.0004,0,0.0
2026-08-19T04:27:54.592371,100000.00,100000.00,0.0004,0,0.0
2026-08-19T04:28:55.865587,100000.00,100000.00,0.0005,0,0.0
2026-08-19T04:29:57.217507,100000.00,100000.00,0.0005,0,0.0
2026-08-19T04:30:58.597199,100000.00,100000.00,0.0005,0,0.0
2026-08-19T04:32:00.021133,100000.00,100000.00,0.0005,0,0.0
2026-08-19T04:33:01.370387,100000.00,100000.00,0.0005,0,0.0
2026-08-19T04:34:02.800194,100000.00,100000.00,0.0005,0,0.0
2026-08-19T04:35:03.987959,100000.00,100000.00,0.0004,0,0.0
2026-08-19T04:36:05.283220,100000.00,100000.00,0.0004,0,0.0
2026-08-19T04:37:06.616388,100000.00,100000.00,0.0004,0,0.0
2026-08-19T04:38:07.949048,100000.00,100000.00,0.0005,0,0.0
2026-08-19T04:39:09.294158,100000.00,100000.00,0.0005,0,0.0
2026-08-19T04:40:10.625763,100000.00,100000.00,0.0005,0,0.0
2026-08-19T04:41:11.939362,100000.00,100000.00,0.0005,0,0.0
2026-08-19T04:42:13.209824,100000.00,100000.00,0.0005,0,0.0
2026-08-19T04:43:14.434866,100000.00,100000.00,0.0005,0,0.0
2026-08-19T04:44:15.675110,100000.00,100000.00,0.0005,0,0.0
2026-08-19T04:45:17.110959,100000.00,100000.00,0.0004,0,0.0
2026-08-19T04:46:18.444641,100000.00,100000.00,0.0004,0,0.0
2026-08-19T04:47:19.721343,100000.00,100000.00,0.0004,0,0.0
2026-08-19T04:48:21.096931,100000.00,100000.00,0.0005,0,0.0
2026-08-19T04:49:22.364421,100000.00,100000.00,0.0005,0,0.0
2026-08-19T04:50:23.704972,100000.00,100000.00,0.0005,0,0.0
2026-08-19T04:51:24.960763,100000.00,100000.00,0.0005,0,0.0
2026-08-19T04:52:26.177442,100000.00,100000.00,0.0005,0,0.0
2026-08-19T04:53:27.502331,100000.00,100000.00,0.0005,0,0.0
2026-08-19T04:54:28.696982,100000.00,100000.00,0.0005,0,0.0
2026-08-19T04:55:30.089087,100000.00,100000.00,0.0005,0,0.0
2026-08-19T04:56:31.320701,100000.00,100000.00,0.0005,0,0.0
2026-08-19T04:57:32.676148,100000.00,100000.00,0.0005,0,0.0
2026-08-19T04:58:34.038525,100000.00,100000.00,0.0005,0,0.0
2026-08-19T04:59:35.211662,100000.00,100000.00,0.0005,0,0.0
2026-08-19T05:00:36.393983,100000.00,100000.00,0.0005,0,0.0
2026-08-19T05:01:37.623969,100000.00,100000.00,0.0005,0,0.0
2026-08-19T05:02:38.959759,100000.00,100000.00,0.0005,0,0.0
2026-08-19T05:03:40.185654,100000.00,100000.00,0.0005,0,0.0
2026-08-19T05:04:41.622420,100000.00,100000.00,0.0005,0,0.0
2026-08-19T05:05:42.896707,100000.00,100000.00,0.0005,0,0.0
2026-08-19T05:06:44.285590,100000.00,100000.00,0.0005,0,0.0
2026-08-19T05:07:45.544446,100000.00,100000.00,0.0004,0,0.0
2026-08-19T05:08:46.870103,100000.00,100000.00,0.0004,0,0.0
2026-08-19T05:09:48.208311,100000.00,100000.00,0.0004,0,0.0
2026-08-19T05:10:49.653971,100000.00,100000.00,0.0004,0,0.0
2026-08-19T05:11:50.969567,100000.00,100000.00,0.0004,0,0.0
2026-08-19T05:12:52.328088,100000.00,100000.00,0.0004,0,0.0
2026-08-19T05:13:53.601619,100000.00,100000.00,0.0004,0,0.0
2026-08-19T05:14:55.007575,100000.00,100000.00,0.0004,0,0.0
2026-08-19T05:15:56.440782,100000.00,100000.00,0.0004,0,0.0
2026-08-19T05:16:57.792144,100000.00,100000.00,0.0004,0,0.0
2026-08-19T05:17:59.130905,100000.00,100000.00,0.0004,0,0.0
2026-08-19T05:19:00.491520,100000.00,100000.00,0.0005,0,0.0
2026-08-19T05:20:01.731110,100000.00,100000.00,0.0005,0,0.0
2026-08-19T05:21:03.181402,100000.00,100000.00,0.0005,0,0.0
2026-08-19T05:22:04.506164,100000.00,100000.00,0.0005,0,0.0
2026-08-19T05:23:05.750278,100000.00,100000.00,0.0005,0,0.0
2026-08-19T05:24:06.994208,100000.00,100000.00,0.0005,0,0.0
2026-08-19T05:25:08.279602,100000.00,100000.00,0.0005,0,0.0
2026-08-19T05:26:09.824082,100000.00,100000.00,0.0005,0,0.0
2026-08-19T05:27:11.122010,100000.00,100000.00,0.0004,0,0.0
2026-08-19T05:28:12.614390,100000.00,100000.00,0.0004,0,0.0
2026-08-19T05:29:13.915608,100000.00,100000.00,0.0004,0,0.0
2026-08-19T05:30:15.280570,100000.00,100000.00,0.0004,0,0.0
2026-08-19T05:31:16.615489,100000.00,100000.00,0.0004,0,0.0
2026-08-19T05:32:18.774176,100000.00,100000.00,0.0004,0,0.0
2026-08-19T05:33:21.435792,100000.00,100000.00,0.0004,0,0.0
2026-08-19T05:34:22.968659,100000.00,100000.00,0.0004,0,0.0
2026-08-19T05:35:24.422867,100000.00,100000.00,0.0004,0,0.0
2026-08-19T05:36:25.732814,100000.00,100000.00,0.0005,0,0.0
2026-08-19T05:37:30.272359,100000.00,100000.00,0.0005,0,0.0
2026-08-19T05:38:32.227449,100000.00,100000.00,0.0005,0,0.0
2026-08-19T05:39:33.568471,100000.00,100000.00,0.0005,0,0.0
2026-08-19T05:40:34.907268,100000.00,100000.00,0.0005,0,0.0
2026-08-19T05:41:36.456101,100000.00,100000.00,0.0005,0,0.0
2026-08-19T05:42:37.898913,100000.00,100000.00,0.0005,0,0.0
2026-08-19T05:43:39.123811,100000.00,100000.00,0.0005,0,0.0
2026-08-19T05:44:40.574277,100000.00,100000.00,0.0005,0,0.0
2026-08-19T05:45:41.968225,100000.00,100000.00,0.0005,0,0.0
2026-08-19T05:46:43.392618,100000.00,100000.00,0.0005,0,0.0
2026-08-19T05:47:44.646432,100000.00,100000.00,0.0005,0,0.0
2026-08-19T05:48:47.605684,100000.00,100000.00,0.0005,0,0.0
2026-08-19T05:49:49.206923,100000.00,100000.00,0.0005,0,0.0
2026-08-19T05:50:50.865520,100000.00,100000.00,0.0005,0,0.0
2026-08-19T05:51:53.664953,100000.00,100000.00,0.0005,0,0.0
2026-08-19T05:52:55.780885,100000.00,100000.00,0.0005,0,0.0
2026-08-19T05:53:57.434260,100000.00,100000.00,0.0005,0,0.0
2026-08-19T05:54:58.748724,100000.00,100000.00,0.0005,0,0.0
2026-08-19T05:56:00.003500,100000.00,100000.00,0.0005,0,0.0
2026-08-19T05:57:01.517160,100000.00,100000.00,0.0005,0,0.0
2026-08-19T05:58:02.840982,100000.00,100000.00,0.0005,0,0.0
2026-08-19T05:59:04.217142,100000.00,100000.00,0.0005,0,0.0
2026-08-19T06:00:05.455292,100000.00,100000.00,0.0005,0,0.0
2026-08-19T06:01:07.057574,100000.00,100000.00,0.0005,0,0.0
2026-08-19T06:02:08.365752,100000.00,100000.00,0.0006,0,0.0
2026-08-19T06:03:10.495851,100000.00,100000.00,0.0006,0,0.0
2026-08-19T06:04:13.367397,100000.00,100000.00,0.0006,0,0.0
2026-08-19T06:05:14.912339,100000.00,100000.00,0.0006,0,0.0
2026-08-19T06:06:16.353983,100000.00,100000.00,0.0006,0,0.0
2026-08-19T06:07:17.594286,100000.00,100000.00,0.0006,0,0.0
2026-08-19T06:08:18.892416,100000.00,100000.00,0.0006,0,0.0
2026-08-19T06:09:20.058631,100000.00,100000.00,0.0006,0,0.0
2026-08-19T06:10:21.520033,100000.00,100000.00,0.0006,0,0.0
2026-08-19T06:11:22.819263,100000.00,100000.00,0.0006,0,0.0
2026-08-19T06:12:24.074329,100000.00,100000.00,0.0006,0,0.0
2026-08-19T06:13:25.310496,100000.00,100000.00,0.0006,0,0.0
2026-08-19T06:14:26.489492,100000.00,100000.00,0.0006,0,0.0
2026-08-19T06:15:27.739963,100000.00,100000.00,0.0006,0,0.0
2026-08-19T06:16:28.936094,100000.00,100000.00,0.0006,0,0.0
2026-08-19T06:17:30.319763,100000.00,100000.00,0.0005,0,0.0
2026-08-19T06:18:31.520214,100000.00,100000.00,0.0005,0,0.0
2026-08-19T06:19:32.952382,100000.00,100000.00,0.0005,0,0.0
2026-08-19T06:20:34.191338,100000.00,100000.00,0.0005,0,0.0
2026-08-19T06:21:35.413725,100000.00,100000.00,0.0005,0,0.0
2026-08-19T06:22:36.780157,100000.00,100000.00,0.0005,0,0.0
2026-08-19T06:23:38.114989,100000.00,100000.00,0.0005,0,0.0
2026-08-19T06:24:39.471290,100000.00,100000.00,0.0005,0,0.0
2026-08-19T06:25:40.760232,100000.00,100000.00,0.0005,0,0.0
2026-08-19T06:26:42.277737,100000.00,100000.00,0.0005,0,0.0
2026-08-19T06:27:43.673260,100000.00,100000.00,0.0005,0,0.0
2026-08-19T06:28:45.034466,100000.00,100000.00,0.0005,0,0.0
2026-08-19T06:29:46.216918,100000.00,100000.00,0.0005,0,0.0
2026-08-19T06:30:47.552763,100000.00,100000.00,0.0005,0,0.0
2026-08-19T06:31:49.035013,100000.00,100000.00,0.0005,0,0.0
2026-08-19T06:32:50.127283,100000.00,100000.00,0.0005,0,0.0
2026-08-19T06:33:51.160806,100000.00,100000.00,0.0005,0,0.0
2026-08-19T06:34:52.223682,100000.00,100000.00,0.0005,0,0.0
2026-08-19T06:35:53.379603,100000.00,100000.00,0.0005,0,0.0
2026-08-19T06:36:54.456757,100000.00,100000.00,0.0005,0,0.0
2026-08-19T06:37:56.266988,100000.00,100000.00,0.0005,0,0.0
2026-08-19T06:38:57.248719,100000.00,100000.00,0.0005,0,0.0
2026-08-19T06:39:58.370688,100000.00,100000.00,0.0005,0,0.0
2026-08-19T06:40:59.294767,100000.00,100000.00,0.0005,0,0.0
2026-08-19T06:42:00.417560,100000.00,100000.00,0.0005,0,0.0
2026-08-19T06:43:01.465354,100000.00,100000.00,0.0005,0,0.0
2026-08-19T06:44:02.495453,100000.00,100000.00,0.0005,0,0.0
2026-08-19T06:45:03.735672,100000.00,100000.00,0.0005,0,0.0
2026-08-19T06:46:05.158297,100000.00,100000.00,0.0005,0,0.0
2026-08-19T06:47:06.216281,100000.00,100000.00,0.0005,0,0.0
2026-08-19T06:48:07.439616,100000.00,100000.00,0.0005,0,0.0
2026-08-19T06:49:08.467717,100000.00,100000.00,0.0004,0,0.0
2026-08-19T06:50:09.435242,100000.00,100000.00,0.0004,0,0.0
2026-08-19T06:51:10.431778,100000.00,100000.00,0.0005,0,0.0
2026-08-19T06:52:11.365567,100000.00,100000.00,0.0005,0,0.0
2026-08-19T06:53:12.555589,100000.00,100000.00,0.0005,0,0.0
2026-08-19T06:54:13.602058,100000.00,100000.00,0.0004,0,0.0
2026-08-19T06:55:14.679535,100000.00,100000.00,0.0004,0,0.0
2026-08-19T06:56:17.300420,100000.00,100000.00,0.0004,0,0.0
2026-08-19T06:57:18.462068,100000.00,100000.00,0.0004,0,0.0
2026-08-19T06:58:19.597813,100000.00,100000.00,0.0004,0,0.0
2026-08-19T06:59:20.677398,100000.00,100000.00,0.0004,0,0.0
2026-08-19T07:00:21.686439,100000.00,100000.00,0.0004,0,0.0
2026-08-19T07:01:22.740068,100000.00,100000.00,0.0004,0,0.0
2026-08-19T07:02:23.787449,100000.00,100000.00,0.0004,0,0.0
2026-08-19T07:03:24.856028,100000.00,100000.00,0.0004,0,0.0
2026-08-19T07:04:25.990437,100000.00,100000.00,0.0004,0,0.0
2026-08-19T07:05:27.018862,100000.00,100000.00,0.0004,0,0.0
2026-08-19T07:06:28.051167,100000.00,100000.00,0.0004,0,0.0
2026-08-19T07:07:29.186909,100000.00,100000.00,0.0004,0,0.0
2026-08-19T07:08:30.214956,100000.00,100000.00,0.0004,0,0.0
2026-08-19T07:09:31.245393,100000.00,100000.00,0.0004,0,0.0
2026-08-19T07:10:32.481910,100000.00,100000.00,0.0004,0,0.0
2026-08-19T07:11:33.615137,100000.00,100000.00,0.0004,0,0.0
2026-08-19T07:12:34.617684,100000.00,100000.00,0.0004,0,0.0
2026-08-19T07:13:35.679885,100000.00,100000.00,0.0003,0,0.0
2026-08-19T07:14:36.890304,100000.00,100000.00,0.0003,0,0.0
2026-08-19T07:15:38.049622,100000.00,100000.00,0.0003,0,0.0
2026-08-19T07:16:39.180904,100000.00,100000.00,0.0004,0,0.0
2026-08-19T07:17:40.190416,100000.00,100000.00,0.0004,0,0.0
2026-08-19T07:18:41.394654,100000.00,100000.00,0.0004,0,0.0
2026-08-19T07:19:42.795346,100000.00,100000.00,0.0004,0,0.0
2026-08-19T07:20:43.920992,100000.00,100000.00,0.0004,0,0.0
2026-08-19T07:21:44.987591,100000.00,100000.00,0.0004,0,0.0
2026-08-19T07:22:46.191202,100000.00,100000.00,0.0004,0,0.0
2026-08-19T07:23:47.208492,100000.00,100000.00,0.0004,0,0.0
2026-08-19T07:24:48.250664,100000.00,100000.00,0.0004,0,0.0
2026-08-19T07:25:49.385986,100000.00,100000.00,0.0003,0,0.0
2026-08-19T07:26:50.518451,100000.00,100000.00,0.0004,0,0.0
2026-08-19T07:27:51.660514,100000.00,100000.00,0.0004,0,0.0
2026-08-19T07:28:52.692721,100000.00,100000.00,0.0004,0,0.0
2026-08-19T07:29:53.871615,100000.00,100000.00,0.0004,0,0.0
2026-08-19T07:30:55.064988,100000.00,100000.00,0.0004,0,0.0
2026-08-19T07:31:56.191685,100000.00,100000.00,0.0004,0,0.0
2026-08-19T07:32:57.428908,100000.00,100000.00,0.0004,0,0.0
2026-08-19T07:33:58.457806,100000.00,100000.00,0.0004,0,0.0
2026-08-19T07:34:59.690455,100000.00,100000.00,0.0003,0,0.0
2026-08-19T07:36:00.821888,100000.00,100000.00,0.0003,0,0.0
2026-08-19T07:37:01.860746,100000.00,100000.00,0.0003,0,0.0
2026-08-19T07:38:02.870618,100000.00,100000.00,0.0003,0,0.0
2026-08-19T07:39:03.920668,100000.00,100000.00,0.0003,0,0.0
2026-08-19T07:40:05.230149,100000.00,100000.00,0.0003,0,0.0
2026-08-19T07:41:06.800257,100000.00,100000.00,0.0003,0,0.0
2026-08-19T07:42:07.982930,100000.00,100000.00,0.0003,0,0.0
2026-08-19T07:43:09.260077,100000.00,100000.00,0.0003,0,0.0
2026-08-19T07:44:10.410827,100000.00,100000.00,0.0003,0,0.0
2026-08-19T07:45:11.783152,100000.00,100000.00,0.0003,0,0.0
2026-08-19T07:46:13.194781,100000.00,100000.00,0.0003,0,0.0
2026-08-19T07:47:14.496323,100000.00,100000.00,0.0003,0,0.0
2026-08-19T07:48:15.763553,100000.00,100000.00,0.0003,0,0.0
2026-08-19T07:49:17.076040,100000.00,100000.00,0.0004,0,0.0
2026-08-19T07:50:18.440260,100000.00,100000.00,0.0004,0,0.0
2026-08-19T07:51:19.586284,100000.00,100000.00,0.0004,0,0.0
2026-08-19T07:52:20.660120,100000.00,100000.00,0.0004,0,0.0
2026-08-19T07:53:21.942622,100000.00,100000.00,0.0004,0,0.0
2026-08-19T07:54:23.626995,100000.00,100000.00,0.0004,0,0.0
2026-08-19T07:55:24.623449,100000.00,100000.00,0.0004,0,0.0
2026-08-19T07:56:25.758422,100000.00,100000.00,0.0004,0,0.0
2026-08-19T07:57:26.789970,100000.00,100000.00,0.0004,0,0.0
2026-08-19T07:58:27.934513,100000.00,100000.00,0.0004,0,0.0
2026-08-19T07:59:28.901967,100000.00,100000.00,0.0004,0,0.0
2026-08-19T08:00:30.363416,100000.00,100000.00,0.0004,0,0.0
2026-08-19T08:01:31.638063,100000.00,100000.00,0.0004,0,0.0
2026-08-19T08:02:32.953108,100000.00,100000.00,0.0004,0,0.0
2026-08-19T08:03:33.900684,100000.00,100000.00,0.0004,0,0.0
2026-08-19T08:04:34.876525,100000.00,100000.00,0.0004,0,0.0
2026-08-19T08:05:35.798420,100000.00,100000.00,0.0004,0,0.0
2026-08-19T08:06:36.893718,100000.00,100000.00,0.0004,0,0.0
2026-08-19T08:07:38.029686,100000.00,100000.00,0.0004,0,0.0
2026-08-19T08:08:39.390999,100000.00,100000.00,0.0004,0,0.0
2026-08-19T08:09:40.501331,100000.00,100000.00,0.0004,0,0.0
2026-08-19T08:10:41.936549,100000.00,100000.00,0.0004,0,0.0
2026-08-19T08:11:43.067424,100000.00,100000.00,0.0004,0,0.0
2026-08-19T08:12:45.275707,100000.00,100000.00,0.0004,0,0.0
2026-08-19T08:13:46.884811,100000.00,100000.00,0.0004,0,0.0
2026-08-19T08:14:48.120390,100000.00,100000.00,0.0004,0,0.0
2026-08-19T08:15:49.462062,100000.00,100000.00,0.0004,0,0.0
2026-08-19T08:16:51.000718,100000.00,100000.00,0.0005,0,0.0
2026-08-19T08:17:52.581275,100000.00,100000.00,0.0004,0,0.0
2026-08-19T08:18:54.344665,100000.00,100000.00,0.0004,0,0.0
2026-08-19T08:19:55.939557,100000.00,100000.00,0.0004,0,0.0
2026-08-19T08:20:57.617074,100000.00,100000.00,0.0004,0,0.0
2026-08-19T08:21:59.165952,100000.00,100000.00,0.0004,0,0.0
2026-08-19T08:23:00.588238,100000.00,100000.00,0.0004,0,0.0
2026-08-19T08:24:02.006740,100000.00,100000.00,0.0004,0,0.0
2026-08-19T08:25:03.506976,100000.00,100000.00,0.0004,0,0.0
2026-08-19T08:26:04.793517,100000.00,100000.00,0.0004,0,0.0
2026-08-19T08:27:06.323078,100000.00,100000.00,0.0004,0,0.0
2026-08-19T08:28:07.772995,100000.00,100000.00,0.0004,0,0.0
2026-08-19T08:29:09.001419,100000.00,100000.00,0.0004,0,0.0
2026-08-19T08:30:10.136315,100000.00,100000.00,0.0004,0,0.0
2026-08-19T08:31:11.224068,100000.00,100000.00,0.0004,0,0.0
2026-08-19T08:32:12.500750,100000.00,100000.00,0.0004,0,0.0
2026-08-19T08:33:13.649167,100000.00,100000.00,0.0003,0,0.0
2026-08-19T08:34:14.750794,100000.00,100000.00,0.0003,0,0.0
2026-08-19T08:35:15.865299,100000.00,100000.00,0.0003,0,0.0
2026-08-19T08:36:17.012626,100000.00,100000.00,0.0003,0,0.0
2026-08-19T08:37:18.184007,100000.00,100000.00,0.0003,0,0.0
2026-08-19T08:38:19.242962,100000.00,100000.00,0.0003,0,0.0
2026-08-19T08:39:20.346251,100000.00,100000.00,0.0001,0,0.0
2026-08-19T08:40:21.487726,100000.00,100000.00,0.0002,0,0.0
2026-08-19T08:41:22.618493,100000.00,100000.00,0.0002,0,0.0
2026-08-19T08:42:23.786780,100000.00,100000.00,0.0002,0,0.0
2026-08-19T08:43:24.967511,100000.00,100000.00,0.0002,0,0.0
2026-08-19T08:44:26.012084,100000.00,100000.00,0.0002,0,0.0
2026-08-19T08:45:27.204130,100000.00,100000.00,0.0002,0,0.0
2026-08-19T08:46:28.279430,100000.00,100000.00,0.0002,0,0.0
2026-08-19T08:47:29.311899,100000.00,100000.00,0.0002,0,0.0
2026-08-19T08:48:30.347438,100000.00,100000.00,0.0002,0,0.0
2026-08-19T08:49:31.476609,100000.00,100000.00,0.0002,0,0.0
2026-08-19T08:50:32.712375,100000.00,100000.00,0.0002,0,0.0
2026-08-19T08:51:33.848754,100000.00,100000.00,0.0002,0,0.0
2026-08-19T08:52:34.979733,100000.00,100000.00,0.0002,0,0.0
2026-08-19T08:53:36.137676,100000.00,100000.00,0.0002,0,0.0
2026-08-19T08:54:37.145344,100000.00,100000.00,0.0002,0,0.0
2026-08-19T08:55:38.188260,100000.00,100000.00,0.0002,0,0.0
2026-08-19T08:56:39.291508,100000.00,100000.00,0.0002,0,0.0
2026-08-19T08:57:40.267904,100000.00,100000.00,0.0003,0,0.0
2026-08-19T08:58:41.318788,100000.00,100000.00,0.0003,0,0.0
2026-08-19T08:59:42.440441,100000.00,100000.00,0.0003,0,0.0
2026-08-19T09:00:43.538388,100000.00,100000.00,0.0003,0,0.0
2026-08-19T09:01:44.673680,100000.00,100000.00,0.0002,0,0.0
2026-08-19T09:02:45.704232,100000.00,100000.00,0.0002,0,0.0
2026-08-19T09:03:46.941239,100000.00,100000.00,0.0002,0,0.0
2026-08-19T09:04:48.077950,100000.00,100000.00,0.0002,0,0.0
2026-08-19T09:05:49.212299,100000.00,100000.00,0.0002,0,0.0
2026-08-19T09:06:50.346745,100000.00,100000.00,0.0003,0,0.0
2026-08-19T09:07:51.587762,100000.00,100000.00,0.0003,0,0.0
2026-08-19T09:08:52.818687,100000.00,100000.00,0.0003,0,0.0
2026-08-19T09:09:53.947274,100000.00,100000.00,0.0003,0,0.0
2026-08-19T09:10:55.186160,100000.00,100000.00,0.0003,0,0.0
2026-08-19T09:11:56.217183,100000.00,100000.00,0.0003,0,0.0
2026-08-19T09:12:57.459216,100000.00,100000.00,0.0003,0,0.0
2026-08-19T09:13:58.587479,100000.00,100000.00,0.0003,0,0.0
2026-08-19T09:14:59.745612,100000.00,100000.00,0.0003,0,0.0
2026-08-19T09:16:00.855719,100000.00,100000.00,0.0003,0,0.0
2026-08-19T09:17:01.956963,100000.00,100000.00,0.0003,0,0.0
2026-08-19T09:18:03.122915,100000.00,100000.00,0.0003,0,0.0
2026-08-19T09:19:04.243773,100000.00,100000.00,0.0003,0,0.0
2026-08-19T09:20:05.287313,100000.00,100000.00,0.0003,0,0.0
2026-08-19T09:21:06.334742,100000.00,100000.00,0.0003,0,0.0
2026-08-19T09:22:07.517091,100000.00,100000.00,0.0003,0,0.0
2026-08-19T09:23:08.537160,100000.00,100000.00,0.0003,0,0.0
2026-08-19T09:24:09.558127,100000.00,100000.00,0.0003,0,0.0
2026-08-19T09:25:10.569275,100000.00,100000.00,0.0003,0,0.0
2026-08-19T09:26:11.638362,100000.00,100000.00,0.0003,0,0.0
2026-08-19T09:27:12.679072,100000.00,100000.00,0.0003,0,0.0
2026-08-19T09:28:13.738896,100000.00,100000.00,0.0003,0,0.0
2026-08-19T09:29:14.889475,100000.00,100000.00,0.0003,0,0.0
2026-08-19T09:30:16.021185,100000.00,100000.00,0.0003,0,0.0
2026-08-19T09:31:17.089509,100000.00,100000.00,0.0003,0,0.0
2026-08-19T09:32:18.138373,100000.00,100000.00,0.0003,0,0.0
2026-08-19T09:33:19.211333,100000.00,100000.00,0.0003,0,0.0
2026-08-19T09:34:20.241672,100000.00,100000.00,0.0003,0,0.0
2026-08-19T09:35:21.351749,100000.00,100000.00,0.0003,0,0.0
2026-08-19T09:36:22.413427,100000.00,100000.00,0.0003,0,0.0
2026-08-19T09:37:23.561163,100000.00,100000.00,0.0003,0,0.0
2026-08-19T09:38:24.673441,100000.00,100000.00,0.0003,0,0.0
2026-08-19T09:39:25.896806,100000.00,100000.00,0.0003,0,0.0
2026-08-19T09:40:26.941899,100000.00,100000.00,0.0003,0,0.0
2026-08-19T09:41:27.980828,100000.00,100000.00,0.0003,0,0.0
2026-08-19T09:42:29.121491,100000.00,100000.00,0.0003,0,0.0
2026-08-19T09:43:30.240501,100000.00,100000.00,0.0003,0,0.0
2026-08-19T09:44:31.271615,100000.00,100000.00,0.0004,0,0.0
2026-08-19T09:45:32.320983,100000.00,100000.00,0.0004,0,0.0
2026-08-19T09:46:33.335258,100000.00,100000.00,0.0004,0,0.0
2026-08-19T09:47:34.316262,100000.00,100000.00,0.0004,0,0.0
2026-08-19T09:48:35.403037,100000.00,100000.00,0.0004,0,0.0
2026-08-19T09:49:36.717468,100000.00,100000.00,0.0003,0,0.0
2026-08-19T09:50:37.781183,100000.00,100000.00,0.0003,0,0.0
2026-08-19T09:51:38.799316,100000.00,100000.00,0.0003,0,0.0
2026-08-19T09:52:39.778292,100000.00,100000.00,0.0004,0,0.0
2026-08-19T09:53:40.760151,100000.00,100000.00,0.0003,0,0.0
2026-08-19T09:54:41.894110,100000.00,100000.00,0.0003,0,0.0
2026-08-19T09:55:42.918122,100000.00,100000.00,0.0003,0,0.0
2026-08-19T09:56:44.059571,100000.00,100000.00,0.0003,0,0.0
2026-08-19T09:57:45.189973,100000.00,100000.00,0.0003,0,0.0
2026-08-19T09:58:46.326674,100000.00,100000.00,0.0003,0,0.0
2026-08-19T09:59:47.461528,100000.00,100000.00,0.0003,0,0.0
2026-08-19T10:00:48.594656,100000.00,100000.00,0.0003,0,0.0
2026-08-19T10:01:49.728619,100000.00,100000.00,0.0003,0,0.0
2026-08-19T10:02:50.760029,100000.00,100000.00,0.0003,0,0.0
2026-08-19T10:03:51.791480,100000.00,100000.00,0.0003,0,0.0
2026-08-19T10:04:52.925408,100000.00,100000.00,0.0003,0,0.0
2026-08-19T10:05:54.059353,100000.00,100000.00,0.0003,0,0.0
2026-08-19T10:06:55.088686,100000.00,100000.00,0.0003,0,0.0
2026-08-19T10:07:56.122155,100000.00,100000.00,0.0003,0,0.0
2026-08-19T10:08:57.255936,100000.00,100000.00,0.0003,0,0.0
2026-08-19T10:09:58.287303,100000.00,100000.00,0.0003,0,0.0
2026-08-19T10:10:59.421564,100000.00,100000.00,0.0004,0,0.0
2026-08-19T10:12:00.559415,100000.00,100000.00,0.0003,0,0.0
2026-08-19T10:13:01.693664,100000.00,100000.00,0.0004,0,0.0
2026-08-19T10:14:02.658226,100000.00,100000.00,0.0003,0,0.0
2026-08-19T10:15:03.754336,100000.00,100000.00,0.0003,0,0.0
2026-08-19T10:16:04.783586,100000.00,100000.00,0.0003,0,0.0
2026-08-19T10:17:05.917509,100000.00,100000.00,0.0003,0,0.0
2026-08-19T10:18:07.014007,100000.00,100000.00,0.0003,0,0.0
2026-08-19T10:19:08.185463,100000.00,100000.00,0.0003,0,0.0
2026-08-19T10:20:09.307630,100000.00,100000.00,0.0003,0,0.0
2026-08-19T10:21:10.453205,100000.00,100000.00,0.0003,0,0.0
2026-08-19T10:22:11.484326,100000.00,100000.00,0.0003,0,0.0
2026-08-19T10:23:12.413662,100000.00,100000.00,0.0003,0,0.0
2026-08-19T10:24:13.444705,100000.00,100000.00,0.0003,0,0.0
2026-08-19T10:25:14.470274,100000.00,100000.00,0.0004,0,0.0
2026-08-19T10:26:15.505123,100000.00,100000.00,0.0004,0,0.0
2026-08-19T10:27:16.539552,100000.00,100000.00,0.0004,0,0.0
2026-08-19T10:28:17.506480,100000.00,100000.00,0.0004,0,0.0
2026-08-19T10:29:18.609218,100000.00,100000.00,0.0003,0,0.0
2026-08-19T10:30:19.761462,100000.00,100000.00,0.0003,0,0.0
2026-08-19T10:31:20.870931,100000.00,100000.00,0.0004,0,0.0
2026-08-19T10:32:22.021513,100000.00,100000.00,0.0004,0,0.0
2026-08-19T10:33:23.088202,100000.00,100000.00,0.0003,0,0.0
2026-08-19T10:34:24.272022,100000.00,100000.00,0.0003,0,0.0
2026-08-19T10:35:25.272033,100000.00,100000.00,0.0003,0,0.0
2026-08-19T10:36:26.361425,100000.00,100000.00,0.0003,0,0.0
2026-08-19T10:37:27.421687,100000.00,100000.00,0.0003,0,0.0
2026-08-19T10:38:28.502826,100000.00,100000.00,0.0003,0,0.0
2026-08-19T10:39:29.585906,100000.00,100000.00,0.0003,0,0.0
2026-08-19T10:40:30.642783,100000.00,100000.00,0.0003,0,0.0
2026-08-19T10:41:31.690619,100000.00,100000.00,0.0003,0,0.0
2026-08-19T10:42:32.733754,100000.00,100000.00,0.0003,0,0.0
2026-08-19T10:43:33.862733,100000.00,100000.00,0.0003,0,0.0
2026-08-19T10:44:34.996807,100000.00,100000.00,0.0003,0,0.0
2026-08-19T10:45:36.026666,100000.00,100000.00,0.0003,0,0.0
2026-08-19T10:46:37.037963,100000.00,100000.00,0.0003,0,0.0
2026-08-19T10:47:38.193406,100000.00,100000.00,0.0003,0,0.0
2026-08-19T10:48:39.326730,100000.00,100000.00,0.0003,0,0.0
2026-08-19T10:49:40.392262,100000.00,100000.00,0.0003,0,0.0
2026-08-19T10:50:41.491769,100000.00,100000.00,0.0003,0,0.0
2026-08-19T10:51:42.730546,100000.00,100000.00,0.0003,0,0.0
2026-08-19T10:52:43.759478,100000.00,100000.00,0.0003,0,0.0
2026-08-19T10:53:44.793765,100000.00,100000.00,0.0003,0,0.0
2026-08-19T10:54:45.948555,100000.00,100000.00,0.0003,0,0.0
2026-08-19T10:55:46.956301,100000.00,100000.00,0.0003,0,0.0
2026-08-19T10:56:48.090797,100000.00,100000.00,0.0003,0,0.0
2026-08-19T10:57:49.225239,100000.00,100000.00,0.0003,0,0.0
2026-08-19T10:58:50.255634,100000.00,100000.00,0.0003,0,0.0
2026-08-19T10:59:51.678920,100000.00,100000.00,0.0003,0,0.0
2026-08-19T11:00:52.830629,100000.00,100000.00,0.0003,0,0.0
2026-08-19T11:01:54.066405,100000.00,100000.00,0.0003,0,0.0
2026-08-19T11:02:54.988870,100000.00,100000.00,0.0003,0,0.0
2026-08-19T11:03:56.078800,100000.00,100000.00,0.0003,0,0.0
2026-08-19T11:04:57.160405,100000.00,100000.00,0.0002,0,0.0
2026-08-19T11:05:58.347621,100000.00,100000.00,0.0002,0,0.0
2026-08-19T11:06:59.501674,100000.00,100000.00,0.0002,0,0.0
2026-08-19T11:08:00.561614,100000.00,100000.00,0.0002,0,0.0
2026-08-19T11:09:01.695459,100000.00,100000.00,0.0002,0,0.0
2026-08-19T11:10:02.727571,100000.00,100000.00,0.0002,0,0.0
2026-08-19T11:11:03.759135,100000.00,100000.00,0.0002,0,0.0
2026-08-19T11:12:04.779159,100000.00,100000.00,0.0002,0,0.0
2026-08-19T11:13:05.751425,100000.00,100000.00,0.0002,0,0.0
2026-08-19T11:14:06.852868,100000.00,100000.00,0.0002,0,0.0
2026-08-19T11:15:07.884664,100000.00,100000.00,0.0002,0,0.0
2026-08-19T11:16:08.915697,100000.00,100000.00,0.0002,0,0.0
2026-08-19T11:17:09.947735,100000.00,100000.00,0.0002,0,0.0
2026-08-19T11:18:10.981264,100000.00,100000.00,0.0003,0,0.0
2026-08-19T11:19:12.115052,100000.00,100000.00,0.0003,0,0.0
2026-08-19T11:20:13.170919,100000.00,100000.00,0.0002,0,0.0
2026-08-19T11:21:14.276545,100000.00,100000.00,0.0002,0,0.0
2026-08-19T11:22:15.416450,100000.00,100000.00,0.0002,0,0.0
2026-08-19T11:23:16.584171,100000.00,100000.00,0.0002,0,0.0
2026-08-19T11:24:17.683625,100000.00,100000.00,0.0002,0,0.0
2026-08-19T11:25:18.812420,100000.00,100000.00,0.0002,0,0.0
2026-08-19T11:26:20.049769,100000.00,100000.00,0.0002,0,0.0
2026-08-19T11:27:21.183221,100000.00,100000.00,0.0002,0,0.0
2026-08-19T11:28:22.296156,100000.00,100000.00,0.0002,0,0.0
2026-08-19T11:29:23.554067,100000.00,100000.00,0.0002,0,0.0
2026-08-19T11:30:24.583774,100000.00,100000.00,0.0002,0,0.0
2026-08-19T11:31:25.626454,100000.00,100000.00,0.0002,0,0.0
2026-08-19T11:32:26.544269,100000.00,100000.00,0.0002,0,0.0
2026-08-19T11:33:27.575620,100000.00,100000.00,0.0002,0,0.0
2026-08-19T11:34:28.556713,100000.00,100000.00,0.0002,0,0.0
2026-08-19T11:35:29.537939,100000.00,100000.00,0.0002,0,0.0
2026-08-19T11:36:30.697256,100000.00,100000.00,0.0002,0,0.0
2026-08-19T11:37:31.777527,100000.00,100000.00,0.0002,0,0.0
2026-08-19T11:38:32.887469,100000.00,100000.00,0.0002,0,0.0
2026-08-19T11:39:33.950990,100000.00,100000.00,0.0002,0,0.0
2026-08-19T11:40:35.103108,100000.00,100000.00,0.0002,0,0.0
2026-08-19T11:41:36.236134,100000.00,100000.00,0.0002,0,0.0
2026-08-19T11:42:37.267921,100000.00,100000.00,0.0002,0,0.0
2026-08-19T11:43:38.416371,100000.00,100000.00,0.0003,0,0.0
2026-08-19T11:44:39.533124,100000.00,100000.00,0.0002,0,0.0
2026-08-19T11:45:40.566768,100000.00,100000.00,0.0002,0,0.0
2026-08-19T11:46:41.708889,100000.00,100000.00,0.0002,0,0.0
2026-08-19T11:47:42.936688,100000.00,100000.00,0.0002,0,0.0
2026-08-19T11:48:44.073004,100000.00,100000.00,0.0002,0,0.0
2026-08-19T11:49:45.205808,100000.00,100000.00,0.0002,0,0.0
2026-08-19T11:50:46.336799,100000.00,100000.00,0.0002,0,0.0
2026-08-19T11:51:47.471728,100000.00,100000.00,0.0002,0,0.0
2026-08-19T11:52:48.498658,100000.00,100000.00,0.0002,0,0.0
2026-08-19T11:53:49.609559,100000.00,100000.00,0.0002,0,0.0
2026-08-19T11:54:50.660086,100000.00,100000.00,0.0002,0,0.0
2026-08-19T11:55:51.679605,100000.00,100000.00,0.0002,0,0.0
2026-08-19T11:56:52.738191,100000.00,100000.00,0.0002,0,0.0
2026-08-19T11:57:54.168442,100000.00,100000.00,0.0002,0,0.0
2026-08-19T11:58:55.303549,100000.00,100000.00,0.0002,0,0.0
2026-08-19T11:59:56.639911,100000.00,100000.00,0.0002,0,0.0
2026-08-19T12:00:57.628636,100000.00,100000.00,0.0002,0,0.0
2026-08-19T12:01:59.213752,100000.00,100000.00,0.0002,0,0.0
2026-08-19T12:03:00.346423,100000.00,100000.00,0.0002,0,0.0
2026-08-19T12:04:01.377740,100000.00,100000.00,0.0002,0,0.0
2026-08-19T12:05:02.465681,100000.00,100000.00,0.0002,0,0.0
2026-08-19T12:06:03.541750,100000.00,100000.00,0.0002,0,0.0
2026-08-19T12:07:04.525797,100000.00,100000.00,0.0002,0,0.0
2026-08-19T12:08:05.708197,100000.00,100000.00,0.0002,0,0.0
2026-08-19T12:09:06.737294,100000.00,100000.00,0.0002,0,0.0
2026-08-19T12:10:07.770226,100000.00,100000.00,0.0002,0,0.0
2026-08-19T12:11:08.899267,100000.00,100000.00,0.0002,0,0.0
2026-08-19T12:12:09.932711,100000.00,100000.00,0.0002,0,0.0
2026-08-19T12:13:11.065334,100000.00,100000.00,0.0002,0,0.0
2026-08-19T12:14:12.204898,100000.00,100000.00,0.0002,0,0.0
2026-08-19T12:15:13.335600,100000.00,100000.00,0.0002,0,0.0
2026-08-19T12:16:14.368310,100000.00,100000.00,0.0002,0,0.0
2026-08-19T12:17:15.396252,100000.00,100000.00,0.0002,0,0.0
2026-08-19T12:18:16.528317,100000.00,100000.00,0.0002,0,0.0
2026-08-19T12:19:17.662304,100000.00,100000.00,0.0002,0,0.0
2026-08-19T12:20:18.735435,100000.00,100000.00,0.0002,0,0.0
2026-08-19T12:21:19.834506,100000.00,100000.00,0.0002,0,0.0
2026-08-19T12:22:20.894715,100000.00,100000.00,0.0002,0,0.0
2026-08-19T12:23:21.955249,100000.00,100000.00,0.0002,0,0.0
2026-08-19T12:24:23.021545,100000.00,100000.00,0.0002,0,0.0
2026-08-19T12:25:24.156492,100000.00,100000.00,0.0002,0,0.0
2026-08-19T12:26:25.289756,100000.00,100000.00,0.0002,0,0.0
2026-08-19T12:27:26.295618,100000.00,100000.00,0.0002,0,0.0
2026-08-19T12:28:27.351757,100000.00,100000.00,0.0002,0,0.0
2026-08-19T12:29:28.381333,100000.00,100000.00,0.0002,0,0.0
2026-08-19T12:30:29.419344,100000.00,100000.00,0.0002,0,0.0
2026-08-19T12:31:30.558317,100000.00,100000.00,0.0002,0,0.0
2026-08-19T12:32:31.682337,100000.00,100000.00,0.0002,0,0.0
2026-08-19T12:33:32.711639,100000.00,100000.00,0.0002,0,0.0
2026-08-19T12:34:33.717266,100000.00,100000.00,0.0002,0,0.0
2026-08-19T12:35:34.775075,100000.00,100000.00,0.0001,0,0.0
2026-08-19T12:36:35.908508,100000.00,100000.00,0.0001,0,0.0
2026-08-19T12:37:37.285663,100000.00,100000.00,0.0000,0,0.0
2026-08-19T12:38:38.585642,100000.00,100000.00,0.0000,0,0.0
2026-08-19T12:39:39.776247,100000.00,100000.00,0.0000,0,0.0
2026-08-19T12:40:40.995372,100000.00,100000.00,0.0000,0,0.0
2026-08-19T12:41:42.268663,100000.00,100000.00,0.0000,0,0.0
2026-08-19T12:42:43.529139,100000.00,100000.00,0.0000,0,0.0
2026-08-19T12:43:44.563115,100000.00,100000.00,0.0000,0,0.0
2026-08-19T12:44:45.679337,100000.00,100000.00,0.0000,0,0.0
2026-08-19T12:45:46.827779,100000.00,100000.00,0.0000,0,0.0
2026-08-19T12:46:47.962298,100000.00,100000.00,0.0000,0,0.0
2026-08-19T12:47:48.992624,100000.00,100000.00,0.0000,0,0.0
2026-08-19T12:48:50.123233,100000.00,100000.00,0.0000,0,0.0
2026-08-19T12:49:51.008318,100000.00,100000.00,0.0000,0,0.0
2026-08-19T12:50:52.078474,100000.00,100000.00,0.0001,0,0.0
2026-08-19T12:51:52.986378,100000.00,100000.00,0.0001,0,0.0
2026-08-19T12:52:54.114202,100000.00,100000.00,0.0001,0,0.0
2026-08-19T12:53:55.049235,100000.00,100000.00,0.0001,0,0.0
2026-08-19T12:54:56.007677,100000.00,100000.00,0.0002,0,0.0
2026-08-19T12:55:57.030355,100000.00,100000.00,0.0002,0,0.0
2026-08-19T12:56:58.067341,100000.00,100000.00,0.0001,0,0.0
2026-08-19T12:57:59.098455,100000.00,100000.00,0.0001,0,0.0
2026-08-19T12:59:00.090807,100000.00,100000.00,0.0001,0,0.0
2026-08-19T13:00:00.936785,100000.00,100000.00,0.0001,0,0.0
2026-08-19T13:01:01.843816,100000.00,100000.00,0.0002,0,0.0
2026-08-19T13:02:02.799891,100000.00,100000.00,0.0002,0,0.0
2026-08-19T13:03:03.842735,100000.00,100000.00,0.0002,0,0.0
2026-08-19T13:04:04.976950,100000.00,100000.00,0.0002,0,0.0
2026-08-19T13:05:06.117142,100000.00,100000.00,0.0002,0,0.0
2026-08-19T13:06:07.240533,100000.00,100000.00,0.0002,0,0.0
2026-08-19T13:07:08.231030,100000.00,100000.00,0.0002,0,0.0
2026-08-19T13:08:09.187325,100000.00,100000.00,0.0002,0,0.0
2026-08-19T13:09:10.336327,100000.00,100000.00,0.0001,0,0.0
2026-08-19T13:10:11.310463,100000.00,100000.00,0.0001,0,0.0
2026-08-19T13:11:12.497998,100000.00,100000.00,0.0001,0,0.0
2026-08-19T13:12:13.631546,100000.00,100000.00,0.0001,0,0.0
2026-08-19T13:13:14.766726,100000.00,100000.00,0.0001,0,0.0
2026-08-19T13:14:15.902005,100000.00,100000.00,0.0001,0,0.0
2026-08-19T13:15:16.892621,100000.00,100000.00,0.0001,0,0.0
2026-08-19T13:16:18.065122,100000.00,100000.00,0.0001,0,0.0
2026-08-19T13:17:19.152188,100000.00,100000.00,0.0001,0,0.0
2026-08-19T13:18:20.212400,100000.00,100000.00,0.0001,0,0.0
2026-08-19T13:19:21.158737,100000.00,100000.00,0.0001,0,0.0
2026-08-19T13:20:22.494311,100000.00,100000.00,0.0001,0,0.0
2026-08-19T13:21:23.432947,100000.00,100000.00,0.0001,0,0.0
2026-08-19T13:22:24.561348,100000.00,100000.00,0.0000,0,0.0
2026-08-19T13:23:25.694755,100000.00,100000.00,0.0000,0,0.0
2026-08-19T13:24:27.031043,100000.00,100000.00,0.0001,0,0.0
2026-08-19T13:25:28.065441,100000.00,100000.00,0.0001,0,0.0
2026-08-19T13:26:29.041619,100000.00,100000.00,0.0001,0,0.0
2026-08-19T13:27:30.182236,100000.00,100000.00,0.0001,0,0.0
2026-08-19T13:28:31.399066,100000.00,100000.00,0.0001,0,0.0
2026-08-19T13:29:32.594596,100000.00,100000.00,0.0001,0,0.0
2026-08-19T13:30:34.037185,100000.00,100000.00,0.0001,0,0.0
2026-08-19T13:31:35.374245,100000.00,100000.00,0.0000,0,0.0
2026-08-19T13:32:36.716851,100000.00,100000.00,0.0000,0,0.0
2026-08-19T13:33:38.054312,100000.00,100000.00,0.0001,0,0.0
2026-08-19T13:34:39.288810,100000.00,100000.00,0.0001,0,0.0
2026-08-19T13:35:40.627046,100000.00,100000.00,0.0001,0,0.0
2026-08-19T13:36:41.863565,100000.00,100000.00,0.0002,0,0.0
2026-08-19T13:37:42.996943,100000.00,100000.00,0.0003,0,0.0
2026-08-19T13:38:44.231513,100000.00,100000.00,0.0003,0,0.0
2026-08-19T13:39:45.328952,100000.00,100000.00,0.0003,0,0.0
2026-08-19T13:40:46.602087,100000.00,100000.00,0.0003,0,0.0
2026-08-19T13:41:47.873250,100000.00,100000.00,0.0003,0,0.0
2026-08-19T13:42:49.244393,100000.00,100000.00,0.0003,0,0.0
2026-08-19T13:43:50.513309,100000.00,100000.00,0.0002,0,0.0
2026-08-19T13:44:51.751176,100000.00,100000.00,0.0002,0,0.0
2026-08-19T13:45:52.987390,100000.00,100000.00,0.0002,0,0.0
2026-08-19T13:46:54.331375,100000.00,100000.00,0.0001,0,0.0
2026-08-19T13:47:55.562180,100000.00,100000.00,0.0001,0,0.0
2026-08-19T13:48:56.900592,100000.00,100000.00,0.0002,0,0.0
2026-08-19T13:49:58.136276,100000.00,100000.00,0.0002,0,0.0
2026-08-19T13:50:59.372112,100000.00,100000.00,0.0002,0,0.0
2026-08-19T13:52:00.610230,100000.00,100000.00,0.0002,0,0.0
2026-08-19T13:53:01.844825,100000.00,100000.00,0.0003,0,0.0
2026-08-19T13:54:03.080518,100000.00,100000.00,0.0002,0,0.0
2026-08-19T13:55:04.238781,100000.00,100000.00,0.0002,0,0.0
2026-08-19T13:56:05.421285,100000.00,100000.00,0.0002,0,0.0
2026-08-19T13:57:06.634879,100000.00,100000.00,0.0002,0,0.0
2026-08-19T13:58:07.918751,100000.00,100000.00,0.0002,0,0.0
2026-08-19T13:59:09.156217,100000.00,100000.00,0.0002,0,0.0
2026-08-19T14:00:55.312753,100060.00,100060.00,0.0002,1,100.0
2026-08-19T14:01:56.561250,100060.00,100060.00,0.0002,1,100.0
2026-08-19T14:05:15.856197,100060.00,100060.00,0.0001,1,100.0
2026-08-19T14:06:18.015380,100060.00,100060.00,0.0000,1,100.0
2026-08-19T14:07:19.131112,100060.00,100060.00,0.0001,1,100.0
2026-08-19T14:08:20.384217,100060.00,100060.00,0.0000,1,100.0
2026-08-19T14:09:21.620346,100060.00,100060.00,0.0000,1,100.0
2026-08-19T14:10:22.857940,100060.00,100060.00,0.0000,1,100.0
2026-08-19T14:11:24.025076,100060.00,100060.00,0.0000,1,100.0
2026-08-19T14:12:25.530632,100060.00,100060.00,0.0001,1,100.0
2026-08-19T14:13:26.869131,100060.00,100060.00,0.0001,1,100.0
2026-08-19T14:14:28.083900,100060.00,100060.00,0.0001,1,100.0
2026-08-19T14:15:29.344974,100060.00,100060.00,0.0000,1,100.0
2026-08-19T14:16:30.683052,100060.00,100060.00,0.0000,1,100.0
2026-08-19T14:17:34.043661,100116.57,100116.57,0.0000,2,100.0
2026-08-19T14:18:36.873654,100133.84,100133.84,0.0000,3,100.0
2026-08-19T14:19:38.180454,100133.84,100133.84,0.0000,3,100.0
2026-08-19T14:20:39.422234,100133.84,100133.84,0.0000,3,100.0
2026-08-19T14:21:40.755002,100133.84,100133.84,0.0000,3,100.0
2026-08-19T14:22:41.991639,100133.84,100133.84,0.0001,3,100.0
2026-08-19T14:23:43.227387,100133.84,100133.84,0.0000,3,100.0
2026-08-19T14:24:44.463780,100133.84,100133.84,0.0000,3,100.0
2026-08-19T14:25:45.696398,100133.84,100133.84,0.0001,3,100.0
2026-08-19T14:26:46.933086,100133.84,100133.84,0.0001,3,100.0
2026-08-19T14:28:09.075008,100133.84,100133.84,0.0000,3,100.0
2026-08-19T14:29:10.298210,100133.84,100133.84,0.0000,3,100.0
2026-08-19T14:30:11.636662,100133.84,100133.84,0.0001,3,100.0
2026-08-19T14:31:12.975097,100133.84,100133.84,0.0001,3,100.0
2026-08-19T14:32:14.210424,100133.84,100133.84,0.0001,3,100.0
2026-08-19T14:33:15.548086,100133.84,100133.84,0.0001,3,100.0
2026-08-19T14:34:16.787490,100133.84,100133.84,0.0001,3,100.0
2026-08-19T14:35:18.123900,100133.84,100133.84,0.0001,3,100.0
2026-08-19T14:36:19.565413,100133.84,100133.84,0.0000,3,100.0
2026-08-19T14:37:21.210896,100133.84,100133.84,0.0000,3,100.0
2026-08-19T14:38:22.461699,100133.84,100133.84,0.0000,3,100.0
2026-08-19T14:39:23.706888,100133.84,100133.84,0.0000,3,100.0
2026-08-19T14:40:25.023038,100133.84,100133.84,0.0000,3,100.0
2026-08-19T14:41:26.258756,100133.84,100133.84,0.0000,3,100.0
2026-08-19T14:42:27.498817,100133.84,100133.84,0.0001,3,100.0
2026-08-19T14:43:28.705312,100133.84,100133.84,0.0000,3,100.0
2026-08-19T14:44:29.970041,100133.84,100133.84,0.0000,3,100.0
2026-08-19T14:45:31.300767,100133.84,100133.84,0.0000,3,100.0
2026-08-19T14:46:32.538952,100133.84,100133.84,0.0000,3,100.0
2026-08-19T14:47:33.755318,100133.84,100133.84,0.0000,3,100.0
2026-08-19T14:48:34.900068,100133.84,100133.84,0.0000,3,100.0
2026-08-19T14:49:36.145447,100133.84,100133.84,0.0000,3,100.0
2026-08-19T14:50:37.289374,100133.84,100133.84,0.0000,3,100.0
2026-08-19T14:51:38.616260,100133.84,100133.84,0.0000,3,100.0
2026-08-19T14:52:39.958220,100133.84,100133.84,0.0000,3,100.0
2026-08-19T14:53:41.156011,100133.84,100133.84,0.0000,3,100.0
2026-08-19T14:54:42.297345,100133.84,100133.84,0.0000,3,100.0
2026-08-19T14:55:43.662814,100133.84,100133.84,0.0000,3,100.0
2026-08-19T14:56:45.000847,100133.84,100133.84,0.0000,3,100.0
2026-08-19T14:57:46.341886,100133.84,100133.84,0.0000,3,100.0
2026-08-19T14:58:47.451781,100133.84,100133.84,0.0000,3,100.0
2026-08-19T14:59:48.639475,100133.84,100133.84,0.0000,3,100.0
2026-08-19T15:00:49.840171,100133.84,100133.84,0.0000,3,100.0
2026-08-19T15:01:51.076956,100133.84,100133.84,0.0001,3,100.0
2026-08-19T15:02:52.521866,100133.84,100133.84,0.0000,3,100.0
2026-08-19T15:03:53.792776,100133.84,100133.84,0.0000,3,100.0
2026-08-19T15:04:55.977975,100193.91,100193.91,0.0000,4,100.0
2026-08-19T15:05:57.249723,100193.91,100193.91,0.0000,4,100.0
2026-08-19T15:06:58.508085,100193.91,100193.91,0.0000,4,100.0
2026-08-19T15:07:59.722126,100193.91,100193.91,0.0000,4,100.0
2026-08-19T15:09:00.957078,100193.91,100193.91,0.0000,4,100.0
2026-08-19T15:10:02.397259,100193.91,100193.91,0.0000,4,100.0
2026-08-19T15:11:03.842770,100193.91,100193.91,0.0000,4,100.0
2026-08-19T15:12:05.075028,100193.91,100193.91,0.0000,4,100.0
2026-08-19T15:13:06.282922,100193.91,100193.91,0.0000,4,100.0
2026-08-19T15:14:07.550819,100193.91,100193.91,0.0000,4,100.0
2026-08-19T15:15:08.752075,100193.91,100193.91,0.0000,4,100.0
2026-08-19T15:16:10.941436,100253.99,100253.99,0.0000,5,100.0
2026-08-19T15:17:12.162229,100253.99,100253.99,0.0000,5,100.0
2026-08-19T15:18:13.358023,100253.99,100253.99,0.0000,5,100.0
2026-08-19T15:19:14.597591,100253.99,100253.99,0.0000,5,100.0
2026-08-19T15:20:15.888943,100253.99,100253.99,0.0000,5,100.0
2026-08-19T15:21:17.396378,100253.99,100253.99,0.0000,5,100.0
2026-08-19T15:22:18.666631,100253.99,100253.99,0.0000,5,100.0
2026-08-19T15:23:20.108502,100253.99,100253.99,0.0000,5,100.0
2026-08-19T15:24:21.342527,100253.99,100253.99,0.0000,5,100.0
2026-08-19T15:25:22.784121,100253.99,100253.99,0.0000,5,100.0
2026-08-19T15:26:23.960309,100253.99,100253.99,0.0000,5,100.0
2026-08-19T15:27:25.441226,100253.99,100253.99,0.0000,5,100.0
2026-08-19T15:28:26.691874,100253.99,100253.99,0.0000,5,100.0
2026-08-19T15:29:27.951984,100253.99,100253.99,0.0000,5,100.0
2026-08-19T15:30:29.066793,100253.99,100253.99,0.0000,5,100.0
2026-08-19T15:31:30.201178,100253.99,100253.99,0.0000,5,100.0
2026-08-19T15:32:31.438963,100253.99,100253.99,0.0000,5,100.0
2026-08-19T15:33:32.620827,100253.99,100253.99,0.0000,5,100.0
2026-08-19T15:34:33.806029,100253.99,100253.99,0.0000,5,100.0
2026-08-19T15:35:35.070827,100253.99,100253.99,0.0000,5,100.0
2026-08-19T15:36:36.464498,100253.99,100253.99,0.0000,5,100.0
2026-08-19T15:37:37.682095,100253.99,100253.99,0.0000,5,100.0
2026-08-19T15:38:38.951962,100253.99,100253.99,0.0000,5,100.0
2026-08-19T15:39:40.061885,100253.99,100253.99,0.0000,5,100.0
2026-08-19T15:40:41.434582,100253.99,100253.99,0.0000,5,100.0
2026-08-19T15:41:42.732145,100253.99,100253.99,0.0000,5,100.0
2026-08-19T15:42:43.933976,100253.99,100253.99,0.0000,5,100.0
2026-08-19T15:43:45.135230,100253.99,100253.99,0.0000,5,100.0
2026-08-19T15:44:46.375316,100253.99,100253.99,0.0000,5,100.0
2026-08-19T15:45:47.714283,100253.99,100253.99,0.0000,5,100.0
2026-08-19T15:46:48.804473,100253.99,100253.99,0.0000,5,100.0
2026-08-19T15:47:50.554015,100253.99,100253.99,0.0000,5,100.0
2026-08-19T15:48:51.653226,100253.99,100253.99,0.0000,5,100.0
2026-08-19T15:49:52.833585,100253.99,100253.99,0.0000,5,100.0
2026-08-19T15:50:54.004038,100253.99,100253.99,0.0000,5,100.0
2026-08-19T15:51:55.254048,100253.99,100253.99,0.0000,5,100.0
2026-08-19T15:52:56.669043,100253.99,100253.99,0.0000,5,100.0
2026-08-19T15:53:57.908004,100253.99,100253.99,0.0000,5,100.0
2026-08-19T15:54:59.145639,100253.99,100253.99,0.0000,5,100.0
2026-08-19T15:56:00.278311,100253.99,100253.99,0.0000,5,100.0
2026-08-19T15:57:01.514486,100253.99,100253.99,0.0000,5,100.0
2026-08-19T15:58:02.751194,100253.99,100253.99,0.0000,5,100.0
2026-08-19T15:59:04.194327,100253.99,100253.99,0.0000,5,100.0
2026-08-19T16:00:05.411262,100253.99,100253.99,0.0000,5,100.0
2026-08-19T16:01:06.665757,100253.99,100253.99,0.0000,5,100.0
2026-08-19T16:02:07.902729,100253.99,100253.99,0.0000,5,100.0
2026-08-19T16:03:09.145567,100253.99,100253.99,0.0000,5,100.0
2026-08-19T16:04:11.512754,100253.99,100253.99,0.0000,5,100.0
2026-08-19T16:05:12.727014,100253.99,100253.99,0.0000,5,100.0
2026-08-19T16:06:13.977877,100253.99,100253.99,0.0001,5,100.0
2026-08-19T16:07:15.420349,100253.99,100253.99,0.0001,5,100.0
2026-08-19T16:08:16.736113,100253.99,100253.99,0.0001,5,100.0
2026-08-19T16:09:17.878188,100253.99,100253.99,0.0002,5,100.0
2026-08-19T16:10:19.130166,100253.99,100253.99,0.0002,5,100.0
2026-08-19T16:11:20.363783,100253.99,100253.99,0.0002,5,100.0
2026-08-19T16:12:21.519010,100253.99,100253.99,0.0003,5,100.0
2026-08-19T16:13:22.728926,100253.99,100253.99,0.0003,5,100.0
2026-08-19T16:14:24.949796,100253.99,100253.99,0.0002,5,100.0
2026-08-19T16:15:26.135521,100253.99,100253.99,0.0002,5,100.0
2026-08-19T16:16:27.677700,100253.99,100253.99,0.0001,5,100.0
2026-08-19T16:17:29.320716,100253.99,100253.99,0.0000,5,100.0
2026-08-19T16:18:30.677638,100253.99,100253.99,0.0000,5,100.0
2026-08-19T16:19:32.301989,100253.99,100253.99,0.0000,5,100.0
2026-08-19T16:20:33.555542,100253.99,100253.99,0.0000,5,100.0
2026-08-19T16:21:34.940332,100253.99,100253.99,0.0001,5,100.0
2026-08-19T16:22:36.331281,100253.99,100253.99,0.0001,5,100.0
2026-08-19T16:23:37.534253,100253.99,100253.99,0.0001,5,100.0
2026-08-19T16:24:38.831072,100253.99,100253.99,0.0000,5,100.0
2026-08-19T16:25:42.009411,100253.99,100253.99,0.0000,5,100.0
2026-08-19T16:26:43.231734,100253.99,100253.99,0.0000,5,100.0
2026-08-19T16:27:45.192047,100253.99,100253.99,0.0000,5,100.0
2026-08-19T16:28:46.702757,100253.99,100253.99,0.0000,5,100.0
2026-08-19T16:29:48.147293,100253.99,100253.99,0.0000,5,100.0
2026-08-19T16:30:49.412717,100253.99,100253.99,0.0001,5,100.0
2026-08-19T16:31:50.669716,100253.99,100253.99,0.0001,5,100.0
2026-08-19T16:32:51.959888,100253.99,100253.99,0.0001,5,100.0
2026-08-19T16:33:53.473069,100253.99,100253.99,0.0001,5,100.0
2026-08-19T16:34:54.764266,100253.99,100253.99,0.0001,5,100.0
2026-08-19T16:35:56.235377,100253.99,100253.99,0.0000,5,100.0
2026-08-19T16:36:57.518672,100253.99,100253.99,0.0001,5,100.0
2026-08-19T16:37:58.849603,100253.99,100253.99,0.0001,5,100.0
2026-08-19T16:39:00.098580,100253.99,100253.99,0.0001,5,100.0
2026-08-19T16:40:01.574518,100253.99,100253.99,0.0002,5,100.0
2026-08-19T16:41:02.869755,100253.99,100253.99,0.0003,5,100.0
2026-08-19T16:42:04.074352,100253.99,100253.99,0.0003,5,100.0
2026-08-19T16:43:05.294305,100253.99,100253.99,0.0002,5,100.0
2026-08-19T16:44:06.531277,100253.99,100253.99,0.0003,5,100.0
2026-08-19T16:45:07.687991,100253.99,100253.99,0.0003,5,100.0
2026-08-19T16:46:09.106489,100253.99,100253.99,0.0003,5,100.0
2026-08-19T16:47:10.388682,100253.99,100253.99,0.0003,5,100.0
2026-08-19T16:48:11.728015,100253.99,100253.99,0.0003,5,100.0
2026-08-19T16:49:12.962727,100253.99,100253.99,0.0003,5,100.0
2026-08-19T16:50:14.200272,100253.99,100253.99,0.0003,5,100.0
2026-08-19T16:51:15.567600,100253.99,100253.99,0.0003,5,100.0
2026-08-19T16:52:16.878901,100253.99,100253.99,0.0003,5,100.0
2026-08-19T16:53:18.112807,100253.99,100253.99,0.0003,5,100.0
2026-08-19T16:54:19.491463,100253.99,100253.99,0.0003,5,100.0
2026-08-19T16:55:20.997638,100253.99,100253.99,0.0003,5,100.0
2026-08-19T16:56:22.333080,100253.99,100253.99,0.0002,5,100.0
2026-08-19T16:57:23.674641,100253.99,100253.99,0.0003,5,100.0
2026-08-19T16:58:25.013898,100253.99,100253.99,0.0004,5,100.0
2026-08-19T16:59:26.382142,100253.99,100253.99,0.0003,5,100.0
2026-08-19T17:00:27.734449,100253.99,100253.99,0.0004,5,100.0
2026-08-19T17:01:29.049255,100253.99,100253.99,0.0004,5,100.0
2026-08-19T17:02:30.342008,100253.99,100253.99,0.0004,5,100.0
2026-08-19T17:03:31.728949,100253.99,100253.99,0.0005,5,100.0
2026-08-19T17:04:32.939916,100253.99,100253.99,0.0005,5,100.0
2026-08-19T17:05:34.149204,100253.99,100253.99,0.0004,5,100.0
2026-08-19T17:06:35.519943,100253.99,100253.99,0.0005,5,100.0
2026-08-19T17:07:36.855437,100253.99,100253.99,0.0005,5,100.0
2026-08-19T17:08:38.299501,100253.99,100253.99,0.0006,5,100.0
2026-08-19T17:09:39.694463,100253.99,100253.99,0.0005,5,100.0
2026-08-19T17:10:41.124194,100253.99,100253.99,0.0005,5,100.0
2026-08-19T17:11:42.421280,100253.99,100253.99,0.0006,5,100.0
2026-08-19T17:12:43.649088,100253.99,100253.99,0.0005,5,100.0
2026-08-19T17:13:45.012503,100253.99,100253.99,0.0006,5,100.0
2026-08-19T17:14:46.533809,100253.99,100253.99,0.0006,5,100.0
2026-08-19T17:15:48.186494,100253.99,100253.99,0.0006,5,100.0
2026-08-19T17:16:49.617754,100253.99,100253.99,0.0006,5,100.0
2026-08-19T17:17:51.122543,100253.99,100253.99,0.0007,5,100.0
2026-08-19T17:18:52.605034,100253.99,100253.99,0.0007,5,100.0
2026-08-19T17:19:54.100928,100253.99,100253.99,0.0008,5,100.0
2026-08-19T17:20:58.361473,100212.46,100212.46,0.0008,6,83.3
2026-08-19T17:21:59.718405,100212.46,100212.46,0.0008,6,83.3
2026-08-19T17:23:01.235938,100212.46,100212.46,0.0008,6,83.3
2026-08-19T17:24:02.632994,100212.46,100212.46,0.0008,6,83.3
2026-08-19T17:25:03.976613,100212.46,100212.46,0.0009,6,83.3
2026-08-19T17:26:05.556386,100212.46,100212.46,0.0008,6,83.3
2026-08-19T17:27:06.959823,100212.46,100212.46,0.0008,6,83.3
2026-08-19T17:28:08.342779,100212.46,100212.46,0.0008,6,83.3
2026-08-19T17:29:09.676685,100212.46,100212.46,0.0008,6,83.3
2026-08-19T17:30:11.012776,100212.46,100212.46,0.0007,6,83.3
2026-08-19T17:31:13.994709,100183.34,100183.34,0.0008,7,71.4
2026-08-19T17:32:17.123804,100183.34,100183.34,0.0008,7,71.4
2026-08-19T17:33:18.426486,100183.34,100183.34,0.0009,7,71.4
2026-08-19T17:34:20.529039,100183.34,100183.34,0.0008,7,71.4
2026-08-19T17:35:21.877270,100183.34,100183.34,0.0007,7,71.4
2026-08-19T17:36:24.062209,100183.34,100183.34,0.0007,7,71.4
2026-08-19T17:37:25.347702,100183.34,100183.34,0.0007,7,71.4
2026-08-19T17:38:27.017848,100183.34,100183.34,0.0007,7,71.4
2026-08-19T17:39:28.482175,100183.34,100183.34,0.0006,7,71.4
2026-08-19T17:40:30.551520,100183.34,100183.34,0.0006,7,71.4
2026-08-19T17:41:32.399725,100183.34,100183.34,0.0006,7,71.4
2026-08-19T17:42:33.738019,100183.34,100183.34,0.0006,7,71.4
2026-08-19T17:43:35.030968,100183.34,100183.34,0.0006,7,71.4
2026-08-19T17:44:36.311539,100183.34,100183.34,0.0006,7,71.4
2026-08-19T17:45:37.647024,100183.34,100183.34,0.0005,7,71.4
2026-08-19T17:46:39.090693,100183.34,100183.34,0.0005,7,71.4
2026-08-19T17:47:40.426786,100183.34,100183.34,0.0005,7,71.4
2026-08-19T17:48:42.431311,100183.34,100183.34,0.0004,7,71.4
2026-08-19T17:49:44.538562,100183.34,100183.34,0.0005,7,71.4
2026-08-19T17:50:45.774313,100183.34,100183.34,0.0004,7,71.4
2026-08-19T17:51:47.614459,100183.34,100183.34,0.0004,7,71.4
2026-08-19T17:52:50.192541,100183.34,100183.34,0.0004,7,71.4
2026-08-19T17:53:51.633540,100183.34,100183.34,0.0004,7,71.4
2026-08-19T17:54:53.177022,100183.34,100183.34,0.0005,7,71.4
2026-08-19T17:55:54.475169,100183.34,100183.34,0.0004,7,71.4
2026-08-19T17:56:55.854681,100183.34,100183.34,0.0004,7,71.4
2026-08-19T17:57:57.536123,100183.34,100183.34,0.0004,7,71.4
2026-08-19T17:58:58.938712,100183.34,100183.34,0.0004,7,71.4
2026-08-19T18:00:01.407337,100183.34,100183.34,0.0004,7,71.4
2026-08-19T18:01:03.841312,100183.34,100183.34,0.0004,7,71.4
2026-08-19T18:02:06.440515,100183.34,100183.34,0.0004,7,71.4
2026-08-19T18:03:09.621808,100183.34,100183.34,0.0004,7,71.4
2026-08-19T18:04:11.266986,100183.34,100183.34,0.0005,7,71.4
2026-08-19T18:05:13.323098,100183.34,100183.34,0.0005,7,71.4
2026-08-19T18:06:15.173507,100183.34,100183.34,0.0005,7,71.4
2026-08-19T18:07:16.819444,100183.34,100183.34,0.0005,7,71.4
2026-08-19T18:08:18.674982,100183.34,100183.34,0.0005,7,71.4
2026-08-19T18:09:21.237360,100183.34,100183.34,0.0006,7,71.4
2026-08-19T18:10:22.883725,100183.34,100183.34,0.0006,7,71.4
2026-08-19T18:11:24.836511,100183.34,100183.34,0.0007,7,71.4
2026-08-19T18:12:26.483190,100183.34,100183.34,0.0006,7,71.4
2026-08-19T18:13:32.429798,100183.34,100183.34,0.0005,7,71.4
2026-08-19T18:14:36.736141,100183.34,100183.34,0.0005,7,71.4
2026-08-19T18:15:39.063575,100183.34,100183.34,0.0005,7,71.4
2026-08-19T18:16:46.173979,100183.34,100183.34,0.0005,7,71.4
2026-08-19T18:17:47.615564,100183.34,100183.34,0.0005,7,71.4
2026-08-19T18:18:49.158509,100183.34,100183.34,0.0005,7,71.4
2026-08-19T18:19:50.709106,100183.34,100183.34,0.0004,7,71.4
2026-08-19T18:20:51.937025,100183.34,100183.34,0.0004,7,71.4
2026-08-19T18:21:53.413828,100183.34,100183.34,0.0004,7,71.4
2026-08-19T18:22:54.785530,100183.34,100183.34,0.0005,7,71.4
2026-08-19T18:23:56.057454,100183.34,100183.34,0.0005,7,71.4
2026-08-19T18:24:57.396076,100183.34,100183.34,0.0005,7,71.4
2026-08-19T18:25:58.733346,100183.34,100183.34,0.0004,7,71.4
2026-08-19T18:27:00.073043,100183.34,100183.34,0.0004,7,71.4
2026-08-19T18:28:01.414951,100183.34,100183.34,0.0005,7,71.4
2026-08-19T18:29:02.648620,100183.34,100183.34,0.0005,7,71.4
2026-08-19T18:30:07.238454,100183.34,100183.34,0.0005,7,71.4
2026-08-19T18:31:09.386555,100183.34,100183.34,0.0005,7,71.4
2026-08-19T18:32:13.934894,100183.34,100183.34,0.0005,7,71.4
2026-08-19T18:33:22.646666,100183.34,100183.34,0.0005,7,71.4
2026-08-19T18:34:32.996655,100183.34,100183.34,0.0005,7,71.4
2026-08-19T18:35:36.283947,100183.34,100183.34,0.0005,7,71.4
2026-08-19T18:36:40.385877,100183.34,100183.34,0.0004,7,71.4
2026-08-19T18:37:45.821888,100183.34,100183.34,0.0005,7,71.4
2026-08-19T18:38:55.555792,100205.65,100205.65,0.0005,8,75.0
2026-08-19T18:40:25.466077,100205.65,100205.65,0.0006,8,75.0
2026-08-19T18:41:27.417172,100205.65,100205.65,0.0004,8,75.0
2026-08-19T18:42:32.135257,100205.65,100205.65,0.0004,8,75.0
2026-08-19T18:43:35.736489,100205.65,100205.65,0.0004,8,75.0
2026-08-19T18:44:43.208887,100205.65,100205.65,0.0004,8,75.0
2026-08-19T18:45:45.675611,100205.65,100205.65,0.0003,8,75.0
2026-08-19T18:46:48.994809,100205.65,100205.65,0.0003,8,75.0
2026-08-19T18:47:51.833977,100205.65,100205.65,0.0004,8,75.0
2026-08-19T18:48:58.294732,100205.65,100205.65,0.0004,8,75.0
2026-08-19T18:49:59.837231,100205.65,100205.65,0.0003,8,75.0
2026-08-19T18:51:08.056983,100227.80,100227.80,0.0004,9,77.8
2026-08-19T18:52:10.193562,100227.80,100227.80,0.0004,9,77.8
2026-08-19T18:53:16.346679,100227.80,100227.80,0.0004,9,77.8
2026-08-19T18:54:20.654614,100227.80,100227.80,0.0004,9,77.8
2026-08-19T18:55:32.335224,100227.80,100227.80,0.0004,9,77.8
2026-08-19T18:56:34.390798,100227.80,100227.80,0.0004,9,77.8
2026-08-19T18:57:39.929802,100227.80,100227.80,0.0004,9,77.8
2026-08-19T18:58:42.597713,100227.80,100227.80,0.0004,9,77.8
2026-08-19T18:59:47.111382,100227.80,100227.80,0.0003,9,77.8
2026-08-19T19:00:49.370956,100227.80,100227.80,0.0003,9,77.8
2026-08-19T19:01:51.970433,100227.80,100227.80,0.0003,9,77.8
2026-08-19T19:02:56.554549,100227.80,100227.80,0.0003,9,77.8
2026-08-19T19:03:58.098406,100227.80,100227.80,0.0003,9,77.8
2026-08-19T19:05:05.585996,100227.80,100227.80,0.0003,9,77.8
2026-08-19T19:06:10.706099,100227.80,100227.80,0.0003,9,77.8
2026-08-19T19:07:12.148661,100227.80,100227.80,0.0003,9,77.8
2026-08-19T19:08:13.493240,100227.80,100227.80,0.0003,9,77.8
2026-08-19T19:09:14.826688,100227.80,100227.80,0.0003,9,77.8
2026-08-19T19:10:16.063237,100227.80,100227.80,0.0003,9,77.8
2026-08-19T19:11:17.504898,100227.80,100227.80,0.0003,9,77.8
2026-08-19T19:12:20.993256,100227.80,100227.80,0.0003,9,77.8
2026-08-19T19:13:22.227900,100227.80,100227.80,0.0002,9,77.8
2026-08-19T19:14:23.674460,100227.80,100227.80,0.0005,9,77.8
2026-08-19T19:15:26.750475,100227.80,100227.80,0.0004,9,77.8
2026-08-19T19:16:28.193011,100227.80,100227.80,0.0004,9,77.8
2026-08-19T19:17:30.042247,100227.80,100227.80,0.0004,9,77.8
2026-08-19T19:18:31.893275,100227.80,100227.80,0.0003,9,77.8
2026-08-19T19:19:33.231773,100227.80,100227.80,0.0002,9,77.8
2026-08-19T19:20:34.447400,100227.80,100227.80,0.0003,9,77.8
2026-08-19T19:21:35.971374,100227.80,100227.80,0.0002,9,77.8
2026-08-19T19:22:37.347987,100227.80,100227.80,0.0003,9,77.8
2026-08-19T19:23:38.994797,100227.80,100227.80,0.0003,9,77.8
2026-08-19T19:24:40.642244,100227.80,100227.80,0.0003,9,77.8
2026-08-19T19:25:44.696900,100227.80,100227.80,0.0003,9,77.8
2026-08-19T19:26:48.271821,100227.80,100227.80,0.0003,9,77.8
2026-08-19T19:27:49.778327,100227.80,100227.80,0.0003,9,77.8
2026-08-19T19:29:00.027127,100227.80,100227.80,0.0004,9,77.8
2026-08-19T19:30:14.473642,100227.80,100227.80,0.0004,9,77.8
2026-08-19T19:31:16.220800,100227.80,100227.80,0.0004,9,77.8
2026-08-19T19:32:17.664100,100227.80,100227.80,0.0004,9,77.8
2026-08-19T19:33:19.103247,100227.80,100227.80,0.0003,9,77.8
2026-08-19T19:34:20.646743,100227.80,100227.80,0.0003,9,77.8
2026-08-19T19:35:23.674738,100227.80,100227.80,0.0004,9,77.8
2026-08-19T19:36:25.122698,100227.80,100227.80,0.0003,9,77.8
2026-08-19T19:37:26.404327,100227.80,100227.80,0.0003,9,77.8
2026-08-19T19:38:27.641155,100227.80,100227.80,0.0003,9,77.8
2026-08-19T19:39:29.135089,100227.80,100227.80,0.0003,9,77.8
2026-08-19T19:40:30.521893,100227.80,100227.80,0.0003,9,77.8
2026-08-19T19:41:31.989080,100227.80,100227.80,0.0002,9,77.8
2026-08-19T19:42:33.532239,100227.80,100227.80,0.0002,9,77.8
2026-08-19T19:43:34.934570,100227.80,100227.80,0.0003,9,77.8
2026-08-19T19:44:36.903178,100227.80,100227.80,0.0002,9,77.8
2026-08-19T19:45:38.449083,100227.80,100227.80,0.0002,9,77.8
2026-08-19T19:46:39.885793,100227.80,100227.80,0.0002,9,77.8
2026-08-19T19:47:41.224155,100227.80,100227.80,0.0002,9,77.8
2026-08-19T19:48:42.768168,100227.80,100227.80,0.0002,9,77.8
2026-08-19T19:49:44.153812,100227.80,100227.80,0.0003,9,77.8
2026-08-19T19:50:45.507559,100227.80,100227.80,0.0002,9,77.8
2026-08-19T19:51:46.850310,100227.80,100227.80,0.0002,9,77.8
2026-08-19T19:52:48.122780,100227.80,100227.80,0.0002,9,77.8
2026-08-19T19:53:49.563320,100227.80,100227.80,0.0002,9,77.8
2026-08-19T19:54:50.902159,100227.80,100227.80,0.0002,9,77.8
2026-08-19T19:55:52.599765,100227.80,100227.80,0.0002,9,77.8
2026-08-19T19:56:54.092678,100227.80,100227.80,0.0002,9,77.8
2026-08-19T19:57:57.380176,100252.01,100252.01,0.0001,10,80.0
2026-08-19T19:58:58.919263,100252.01,100252.01,0.0001,10,80.0
2026-08-19T20:00:00.462355,100252.01,100252.01,0.0002,10,80.0
2026-08-19T20:01:01.721254,100252.01,100252.01,0.0002,10,80.0
2026-08-19T20:02:03.061514,100252.01,100252.01,0.0002,10,80.0
2026-08-19T20:03:04.681086,100252.01,100252.01,0.0001,10,80.0
2026-08-19T20:04:06.124687,100252.01,100252.01,0.0001,10,80.0
2026-08-19T20:05:07.463743,100252.01,100252.01,0.0001,10,80.0
2026-08-19T20:06:08.802663,100252.01,100252.01,0.0001,10,80.0
2026-08-19T20:07:10.243972,100252.01,100252.01,0.0000,10,80.0
2026-08-19T20:08:11.701355,100252.01,100252.01,0.0000,10,80.0
2026-08-19T20:09:14.766506,100261.06,100261.06,0.0000,11,81.8
2026-08-19T20:10:18.151277,100261.06,100261.06,0.0000,11,81.8
2026-08-19T20:11:27.886707,100261.06,100261.06,0.0000,11,81.8
2026-08-19T20:12:29.430303,100261.06,100261.06,0.0000,11,81.8
2026-08-19T20:13:30.666794,100261.06,100261.06,0.0000,11,81.8
2026-08-19T20:14:32.112646,100261.06,100261.06,0.0000,11,81.8
2026-08-19T20:15:33.446787,100261.06,100261.06,0.0001,11,81.8
2026-08-19T20:16:34.785214,100261.06,100261.06,0.0001,11,81.8
2026-08-19T20:17:36.343026,100261.06,100261.06,0.0001,11,81.8
2026-08-19T20:18:37.930596,100261.06,100261.06,0.0001,11,81.8
2026-08-19T20:19:39.363238,100261.06,100261.06,0.0001,11,81.8
2026-08-19T20:20:40.959634,100261.06,100261.06,0.0000,11,81.8
2026-08-19T20:21:42.400045,100261.06,100261.06,0.0000,11,81.8
2026-08-19T20:22:43.637069,100261.06,100261.06,0.0000,11,81.8
2026-08-19T20:23:44.871594,100261.06,100261.06,0.0000,11,81.8
2026-08-19T20:24:46.109390,100261.06,100261.06,0.0000,11,81.8
2026-08-19T20:25:47.345500,100261.06,100261.06,0.0000,11,81.8
2026-08-19T20:26:48.710706,100261.06,100261.06,0.0001,11,81.8
2026-08-19T20:27:57.109295,100261.06,100261.06,0.0000,11,81.8
2026-08-19T20:28:59.111414,100261.06,100261.06,0.0001,11,81.8
2026-08-19T20:30:00.708427,100261.06,100261.06,0.0001,11,81.8
2026-08-19T20:31:02.026028,100261.06,100261.06,0.0000,11,81.8
2026-08-19T20:32:03.467069,100261.06,100261.06,0.0001,11,81.8
2026-08-19T20:33:05.216799,100261.06,100261.06,0.0001,11,81.8
2026-08-19T20:34:06.553946,100261.06,100261.06,0.0000,11,81.8
2026-08-19T20:35:08.098157,100261.06,100261.06,0.0000,11,81.8
2026-08-19T20:36:09.436250,100261.06,100261.06,0.0001,11,81.8
2026-08-19T20:37:11.082577,100261.06,100261.06,0.0001,11,81.8
2026-08-19T20:38:12.523082,100261.06,100261.06,0.0001,11,81.8
2026-08-19T20:39:13.862752,100261.06,100261.06,0.0001,11,81.8
2026-08-19T20:40:15.305641,100261.06,100261.06,0.0000,11,81.8
2026-08-19T20:41:16.765566,100261.06,100261.06,0.0001,11,81.8
2026-08-19T20:42:18.188525,100261.06,100261.06,0.0001,11,81.8
2026-08-19T20:43:19.529630,100261.06,100261.06,0.0001,11,81.8
2026-08-19T20:44:20.863100,100261.06,100261.06,0.0001,11,81.8
2026-08-19T20:45:22.233067,100261.06,100261.06,0.0001,11,81.8
2026-08-19T20:46:23.642625,100261.06,100261.06,0.0001,11,81.8
2026-08-19T20:47:24.980281,100261.06,100261.06,0.0001,11,81.8
2026-08-19T20:48:26.319109,100261.06,100261.06,0.0001,11,81.8
2026-08-19T20:49:27.559698,100261.06,100261.06,0.0001,11,81.8
2026-08-19T20:50:28.997065,100261.06,100261.06,0.0000,11,81.8
2026-08-19T20:51:32.625431,100321.21,100321.21,0.0000,12,83.3
2026-08-19T20:52:34.230968,100321.21,100321.21,0.0000,12,83.3
2026-08-19T20:53:35.672409,100321.21,100321.21,0.0003,12,83.3
2026-08-19T20:54:38.161903,100321.21,100321.21,0.0003,12,83.3
2026-08-19T20:55:39.783556,100321.21,100321.21,0.0003,12,83.3
2026-08-19T20:56:41.425314,100321.21,100321.21,0.0002,12,83.3
2026-08-19T20:57:42.783376,100321.21,100321.21,0.0002,12,83.3
2026-08-19T20:58:44.111528,100321.21,100321.21,0.0001,12,83.3
2026-08-19T20:59:45.441342,100321.21,100321.21,0.0000,12,83.3
2026-08-19T21:00:46.778688,100321.21,100321.21,0.0000,12,83.3
2026-08-19T21:01:48.117042,100321.21,100321.21,0.0000,12,83.3
2026-08-19T21:02:49.452938,100321.21,100321.21,0.0001,12,83.3
2026-08-19T21:03:50.792324,100321.21,100321.21,0.0000,12,83.3
2026-08-19T21:04:52.232487,100321.21,100321.21,0.0000,12,83.3
2026-08-19T21:05:55.793103,100381.40,100381.40,0.0000,13,84.6
2026-08-19T21:06:57.060975,100381.40,100381.40,0.0000,13,84.6
2026-08-19T21:08:00.137097,100441.63,100441.63,0.0000,14,85.7
2026-08-19T21:09:01.477521,100441.63,100441.63,0.0004,14,85.7
2026-08-19T21:10:03.323586,100441.63,100441.63,0.0002,14,85.7
2026-08-19T21:11:04.660658,100441.63,100441.63,0.0006,14,85.7
2026-08-19T21:12:05.997198,100441.63,100441.63,0.0008,14,85.7
2026-08-19T21:13:09.178581,100381.37,100381.37,0.0008,15,80.0
2026-08-19T21:14:10.414197,100381.37,100381.37,0.0006,15,80.0
2026-08-19T21:15:11.854749,100381.37,100381.37,0.0006,15,80.0
2026-08-19T21:16:13.191683,100381.37,100381.37,0.0004,15,80.0
2026-08-19T21:17:14.734029,100381.37,100381.37,0.0005,15,80.0
2026-08-19T21:18:16.173590,100381.37,100381.37,0.0006,15,80.0
2026-08-19T21:19:17.516792,100381.37,100381.37,0.0005,15,80.0
2026-08-19T21:20:18.848758,100381.37,100381.37,0.0004,15,80.0
2026-08-19T21:21:20.187965,100381.37,100381.37,0.0004,15,80.0
2026-08-19T21:22:21.526398,100381.37,100381.37,0.0003,15,80.0
2026-08-19T21:23:22.761276,100381.37,100381.37,0.0003,15,80.0
2026-08-19T21:24:24.099643,100381.37,100381.37,0.0004,15,80.0
2026-08-19T21:25:25.438817,100381.37,100381.37,0.0003,15,80.0
2026-08-19T21:26:28.589435,100422.90,100422.90,0.0004,16,81.2
2026-08-19T21:27:29.857872,100422.90,100422.90,0.0003,16,81.2
2026-08-19T21:28:31.093017,100422.90,100422.90,0.0003,16,81.2
2026-08-19T21:29:32.226370,100422.90,100422.90,0.0002,16,81.2
2026-08-19T21:30:35.408261,100483.13,100483.13,0.0000,17,82.4
2026-08-19T21:31:36.645039,100483.13,100483.13,0.0000,17,82.4
2026-08-19T21:32:37.880419,100483.13,100483.13,0.0003,17,82.4
2026-08-19T21:33:39.116221,100483.13,100483.13,0.0004,17,82.4
2026-08-19T21:34:40.454408,100483.13,100483.13,0.0002,17,82.4
2026-08-19T21:35:41.895937,100483.13,100483.13,0.0002,17,82.4
2026-08-19T21:36:43.336976,100483.13,100483.13,0.0003,17,82.4
2026-08-19T21:37:44.675716,100483.13,100483.13,0.0004,17,82.4
2026-08-19T21:38:46.013698,100483.13,100483.13,0.0004,17,82.4
2026-08-19T21:39:47.250497,100483.13,100483.13,0.0005,17,82.4
2026-08-19T21:40:48.485741,100483.13,100483.13,0.0004,17,82.4
2026-08-19T21:41:49.722393,100483.13,100483.13,0.0003,17,82.4
2026-08-19T21:42:51.391801,100483.13,100483.13,0.0003,17,82.4
2026-08-19T21:43:52.806190,100483.13,100483.13,0.0003,17,82.4
2026-08-19T21:44:53.942196,100483.13,100483.13,0.0003,17,82.4
2026-08-19T21:45:55.383226,100483.13,100483.13,0.0001,17,82.4
2026-08-19T21:46:56.619535,100483.13,100483.13,0.0000,17,82.4
2026-08-19T21:47:57.855649,100483.13,100483.13,0.0001,17,82.4
2026-08-19T21:48:59.089875,100483.13,100483.13,0.0002,17,82.4
2026-08-19T21:50:00.635043,100483.13,100483.13,0.0001,17,82.4
2026-08-19T21:51:01.768504,100483.13,100483.13,0.0002,17,82.4
2026-08-19T21:52:03.003618,100483.13,100483.13,0.0001,17,82.4
2026-08-19T21:53:04.240559,100483.13,100483.13,0.0002,17,82.4
2026-08-19T21:54:05.476605,100483.13,100483.13,0.0002,17,82.4
2026-08-19T21:55:06.742450,100483.13,100483.13,0.0002,17,82.4
2026-08-19T21:56:07.846576,100483.13,100483.13,0.0001,17,82.4
2026-08-19T21:57:08.978111,100483.13,100483.13,0.0002,17,82.4
2026-08-19T21:58:10.114063,100483.13,100483.13,0.0002,17,82.4
2026-08-19T21:59:11.247549,100483.13,100483.13,0.0003,17,82.4
2026-08-19T22:00:12.381065,100483.13,100483.13,0.0002,17,82.4
2026-08-19T22:01:13.412794,100483.13,100483.13,0.0004,17,82.4
2026-08-19T22:02:14.543748,100483.13,100483.13,0.0005,17,82.4
2026-08-19T22:03:15.581408,100483.13,100483.13,0.0004,17,82.4
2026-08-19T22:04:16.608402,100483.13,100483.13,0.0005,17,82.4
2026-08-19T22:05:17.639113,100483.13,100483.13,0.0007,17,82.4
2026-08-19T22:06:18.671173,100483.13,100483.13,0.0006,17,82.4
2026-08-19T22:07:19.702209,100483.13,100483.13,0.0006,17,82.4
2026-08-19T22:08:20.733510,100483.13,100483.13,0.0005,17,82.4
2026-08-19T22:09:21.765006,100483.13,100483.13,0.0005,17,82.4
2026-08-19T22:10:22.898562,100483.13,100483.13,0.0006,17,82.4
2026-08-19T22:11:23.930715,100483.13,100483.13,0.0005,17,82.4
2026-08-19T22:12:24.958050,100483.13,100483.13,0.0006,17,82.4
2026-08-19T22:13:26.095051,100483.13,100483.13,0.0006,17,82.4
2026-08-19T22:14:27.228452,100483.13,100483.13,0.0005,17,82.4
2026-08-19T22:15:28.259499,100483.13,100483.13,0.0006,17,82.4
2026-08-19T22:16:29.294627,100483.13,100483.13,0.0006,17,82.4
2026-08-19T22:17:32.206409,100483.13,100483.13,0.0006,17,82.4
2026-08-19T22:18:35.142732,100483.13,100483.13,0.0006,17,82.4
2026-08-19T22:19:38.119106,100483.13,100483.13,0.0006,17,82.4
2026-08-19T22:20:39.969702,100483.13,100483.13,0.0007,17,82.4
2026-08-19T22:21:41.205973,100483.13,100483.13,0.0007,17,82.4
2026-08-19T22:22:42.442027,100483.13,100483.13,0.0007,17,82.4
2026-08-19T22:23:43.678608,100483.13,100483.13,0.0007,17,82.4
2026-08-19T22:24:46.552508,100483.13,100483.13,0.0007,17,82.4
2026-08-19T22:25:49.533959,100483.13,100483.13,0.0008,17,82.4
2026-08-19T22:26:52.609004,100483.13,100483.13,0.0008,17,82.4
2026-08-19T22:27:55.585817,100483.13,100483.13,0.0008,17,82.4
2026-08-19T22:28:56.821632,100483.13,100483.13,0.0008,17,82.4
2026-08-19T22:29:58.057601,100483.13,100483.13,0.0009,17,82.4
2026-08-19T22:30:59.191506,100483.13,100483.13,0.0008,17,82.4
2026-08-19T22:32:00.222955,100483.13,100483.13,0.0009,17,82.4
2026-08-19T22:33:01.356779,100483.13,100483.13,0.0009,17,82.4
2026-08-19T22:34:04.231059,100422.84,100422.84,0.0011,18,77.8
2026-08-19T22:35:05.262358,100422.84,100422.84,0.0010,18,77.8
2026-08-19T22:36:06.265972,100422.84,100422.84,0.0011,18,77.8
2026-08-19T22:37:07.328814,100422.84,100422.84,0.0009,18,77.8
2026-08-19T22:38:08.355976,100422.84,100422.84,0.0008,18,77.8
2026-08-19T22:39:09.544130,100422.84,100422.84,0.0008,18,77.8
2026-08-19T22:40:10.520913,100422.84,100422.84,0.0007,18,77.8
2026-08-19T22:41:11.557298,100422.84,100422.84,0.0006,18,77.8
2026-08-19T22:42:12.583435,100422.84,100422.84,0.0006,18,77.8
2026-08-19T22:43:15.629313,100415.13,100415.13,0.0007,19,73.7
2026-08-19T22:44:16.694657,100415.13,100415.13,0.0007,19,73.7
2026-08-19T22:45:17.828203,100415.13,100415.13,0.0008,19,73.7
2026-08-19T22:46:18.859385,100415.13,100415.13,0.0009,19,73.7
2026-08-19T22:47:19.890387,100415.13,100415.13,0.0008,19,73.7
2026-08-19T22:48:20.922053,100415.13,100415.13,0.0009,19,73.7
2026-08-19T22:49:21.950466,100415.13,100415.13,0.0010,19,73.7
2026-08-19T22:50:22.984576,100415.13,100415.13,0.0009,19,73.7
2026-08-19T22:51:24.015998,100415.13,100415.13,0.0009,19,73.7
2026-08-19T22:52:25.046917,100415.13,100415.13,0.0010,19,73.7
2026-08-19T22:53:26.076719,100415.13,100415.13,0.0010,19,73.7
2026-08-19T22:54:27.212119,100415.13,100415.13,0.0010,19,73.7
2026-08-19T22:55:28.448216,100415.13,100415.13,0.0010,19,73.7
2026-08-19T22:56:29.479528,100415.13,100415.13,0.0010,19,73.7
2026-08-19T22:57:30.510920,100415.13,100415.13,0.0009,19,73.7
2026-08-19T22:58:31.547397,100415.13,100415.13,0.0009,19,73.7
2026-08-19T22:59:32.532473,100415.13,100415.13,0.0009,19,73.7
2026-08-19T23:00:33.610028,100415.13,100415.13,0.0010,19,73.7
2026-08-19T23:01:34.635973,100415.13,100415.13,0.0010,19,73.7
2026-08-19T23:02:35.667813,100415.13,100415.13,0.0009,19,73.7
2026-08-19T23:03:36.698511,100415.13,100415.13,0.0010,19,73.7
2026-08-19T23:04:37.729691,100415.13,100415.13,0.0009,19,73.7
2026-08-19T23:05:38.761327,100415.13,100415.13,0.0009,19,73.7
2026-08-19T23:06:39.792004,100415.13,100415.13,0.0009,19,73.7
2026-08-19T23:07:40.773442,100415.13,100415.13,0.0009,19,73.7
2026-08-19T23:08:41.855874,100415.13,100415.13,0.0008,19,73.7
2026-08-19T23:09:42.887150,100415.13,100415.13,0.0008,19,73.7
2026-08-19T23:10:43.917256,100415.13,100415.13,0.0009,19,73.7
2026-08-19T23:11:44.947024,100415.13,100415.13,0.0008,19,73.7
2026-08-19T23:12:45.979281,100415.13,100415.13,0.0009,19,73.7
2026-08-19T23:13:47.012021,100415.13,100415.13,0.0008,19,73.7
2026-08-19T23:14:48.043220,100415.13,100415.13,0.0009,19,73.7
2026-08-19T23:15:49.177736,100415.13,100415.13,0.0009,19,73.7
2026-08-19T23:16:50.209437,100415.13,100415.13,0.0009,19,73.7
2026-08-19T23:17:51.345416,100415.13,100415.13,0.0009,19,73.7
2026-08-19T23:18:52.683688,100415.13,100415.13,0.0008,19,73.7
2026-08-19T23:19:54.733644,100415.13,100415.13,0.0008,19,73.7
2026-08-19T23:20:55.767133,100415.13,100415.13,0.0009,19,73.7
2026-08-19T23:21:56.798978,100415.13,100415.13,0.0009,19,73.7
2026-08-19T23:22:57.829925,100415.13,100415.13,0.0009,19,73.7
2026-08-19T23:23:58.963423,100415.13,100415.13,0.0009,19,73.7
2026-08-19T23:24:59.973613,100415.13,100415.13,0.0009,19,73.7
2026-08-19T23:26:01.026495,100415.13,100415.13,0.0009,19,73.7
2026-08-19T23:27:02.026418,100415.13,100415.13,0.0009,19,73.7
2026-08-19T23:28:03.085605,100415.13,100415.13,0.0008,19,73.7
2026-08-19T23:29:04.045119,100415.13,100415.13,0.0008,19,73.7
2026-08-19T23:30:05.071051,100415.13,100415.13,0.0008,19,73.7
2026-08-19T23:31:06.013380,100415.13,100415.13,0.0009,19,73.7
2026-08-19T23:32:06.902748,100415.13,100415.13,0.0009,19,73.7
2026-08-19T23:33:08.036682,100415.13,100415.13,0.0009,19,73.7
2026-08-19T23:34:09.068228,100415.13,100415.13,0.0009,19,73.7
2026-08-19T23:35:10.098601,100415.13,100415.13,0.0009,19,73.7
2026-08-19T23:36:11.130511,100415.13,100415.13,0.0009,19,73.7
2026-08-19T23:37:12.159792,100415.13,100415.13,0.0009,19,73.7
2026-08-19T23:38:13.397752,100415.13,100415.13,0.0009,19,73.7
2026-08-19T23:39:14.842584,100415.13,100415.13,0.0009,19,73.7
2026-08-19T23:40:15.969888,100415.13,100415.13,0.0009,19,73.7
2026-08-19T23:41:17.103420,100415.13,100415.13,0.0009,19,73.7
2026-08-19T23:42:18.239973,100415.13,100415.13,0.0008,19,73.7
2026-08-19T23:43:19.270714,100415.13,100415.13,0.0007,19,73.7
2026-08-19T23:44:20.301074,100415.13,100415.13,0.0007,19,73.7
2026-08-19T23:45:21.298266,100415.13,100415.13,0.0008,19,73.7
2026-08-19T23:46:22.364014,100415.13,100415.13,0.0008,19,73.7
2026-08-19T23:47:23.497465,100415.13,100415.13,0.0008,19,73.7
2026-08-19T23:48:24.526083,100415.13,100415.13,0.0009,19,73.7
2026-08-19T23:49:25.565102,100415.13,100415.13,0.0009,19,73.7
2026-08-19T23:50:28.623683,100422.74,100422.74,0.0010,20,75.0
2026-08-19T23:51:29.770942,100422.74,100422.74,0.0009,20,75.0
2026-08-19T23:52:30.906021,100422.74,100422.74,0.0009,20,75.0
2026-08-19T23:53:32.091791,100422.74,100422.74,0.0009,20,75.0
2026-08-19T23:54:33.174166,100422.74,100422.74,0.0009,20,75.0
2026-08-19T23:55:34.205070,100422.74,100422.74,0.0009,20,75.0
2026-08-19T23:56:35.236033,100422.74,100422.74,0.0008,20,75.0
2026-08-19T23:57:36.370122,100422.74,100422.74,0.0009,20,75.0
2026-08-19T23:58:37.503818,100422.74,100422.74,0.0008,20,75.0
2026-08-19T23:59:40.275611,100420.60,100420.60,0.0008,21,71.4
2026-08-20T00:00:41.513153,100420.60,100420.60,0.0008,21,71.4
2026-08-20T00:01:42.541925,100420.60,100420.60,0.0008,21,71.4
2026-08-20T00:02:43.984500,100420.60,100420.60,0.0007,21,71.4
2026-08-20T00:03:45.015558,100420.60,100420.60,0.0007,21,71.4
2026-08-20T00:04:46.046286,100420.60,100420.60,0.0007,21,71.4
2026-08-20T00:05:47.346770,100420.60,100420.60,0.0007,21,71.4
2026-08-20T00:06:48.518932,100420.60,100420.60,0.0006,21,71.4
2026-08-20T00:07:49.752074,100420.60,100420.60,0.0007,21,71.4
2026-08-20T00:08:50.889410,100420.60,100420.60,0.0007,21,71.4
2026-08-20T00:09:52.227737,100420.60,100420.60,0.0006,21,71.4
2026-08-20T00:10:53.258236,100420.60,100420.60,0.0006,21,71.4
2026-08-20T00:11:54.390333,100420.60,100420.60,0.0006,21,71.4
2026-08-20T00:12:55.423768,100420.60,100420.60,0.0007,21,71.4
2026-08-20T00:13:56.456133,100420.60,100420.60,0.0007,21,71.4
2026-08-20T00:14:57.589200,100420.60,100420.60,0.0007,21,71.4
2026-08-20T00:15:58.724071,100420.60,100420.60,0.0006,21,71.4
2026-08-20T00:16:59.751168,100420.60,100420.60,0.0006,21,71.4
2026-08-20T00:18:00.888662,100420.60,100420.60,0.0005,21,71.4
2026-08-20T00:19:01.919478,100420.60,100420.60,0.0005,21,71.4
2026-08-20T00:20:02.951447,100420.60,100420.60,0.0005,21,71.4
2026-08-20T00:21:03.982154,100420.60,100420.60,0.0005,21,71.4
2026-08-20T00:22:05.116148,100420.60,100420.60,0.0004,21,71.4
2026-08-20T00:23:06.147363,100420.60,100420.60,0.0005,21,71.4
2026-08-20T00:24:07.281350,100420.60,100420.60,0.0005,21,71.4
2026-08-20T00:25:08.312653,100420.60,100420.60,0.0006,21,71.4
2026-08-20T00:26:09.344115,100420.60,100420.60,0.0006,21,71.4
2026-08-20T00:27:10.375665,100420.60,100420.60,0.0005,21,71.4
2026-08-20T00:28:11.507653,100420.60,100420.60,0.0005,21,71.4
2026-08-20T00:29:12.519190,100420.60,100420.60,0.0006,21,71.4
2026-08-20T00:30:13.529816,100420.60,100420.60,0.0005,21,71.4
2026-08-20T00:31:14.703540,100420.60,100420.60,0.0006,21,71.4
2026-08-20T00:32:15.735138,100420.60,100420.60,0.0006,21,71.4
2026-08-20T00:33:16.768466,100420.60,100420.60,0.0006,21,71.4
2026-08-20T00:34:17.797298,100420.60,100420.60,0.0005,21,71.4
2026-08-20T00:35:18.933673,100420.60,100420.60,0.0006,21,71.4
2026-08-20T00:36:19.964885,100420.60,100420.60,0.0006,21,71.4
2026-08-20T00:37:21.201599,100420.60,100420.60,0.0005,21,71.4
2026-08-20T00:38:22.232399,100420.60,100420.60,0.0005,21,71.4
2026-08-20T00:39:23.264079,100420.60,100420.60,0.0004,21,71.4
2026-08-20T00:40:24.295237,100420.60,100420.60,0.0005,21,71.4
2026-08-20T00:41:25.429400,100420.60,100420.60,0.0006,21,71.4
2026-08-20T00:42:26.460664,100420.60,100420.60,0.0005,21,71.4
2026-08-20T00:43:27.425114,100420.60,100420.60,0.0005,21,71.4
2026-08-20T00:44:28.523121,100420.60,100420.60,0.0005,21,71.4
2026-08-20T00:45:29.554818,100420.60,100420.60,0.0005,21,71.4
2026-08-20T00:46:30.586697,100420.60,100420.60,0.0005,21,71.4
2026-08-20T00:47:31.719260,100420.60,100420.60,0.0005,21,71.4
2026-08-20T00:48:32.751203,100420.60,100420.60,0.0004,21,71.4
2026-08-20T00:49:33.747726,100420.60,100420.60,0.0004,21,71.4
2026-08-20T00:50:34.814138,100420.60,100420.60,0.0004,21,71.4
2026-08-20T00:51:35.948218,100420.60,100420.60,0.0006,21,71.4
2026-08-20T00:52:36.979757,100420.60,100420.60,0.0006,21,71.4
2026-08-20T00:53:38.113599,100420.60,100420.60,0.0006,21,71.4
2026-08-20T00:54:39.145019,100420.60,100420.60,0.0006,21,71.4
2026-08-20T00:55:40.278849,100420.60,100420.60,0.0006,21,71.4
2026-08-20T00:56:41.310720,100420.60,100420.60,0.0006,21,71.4
2026-08-20T00:57:42.341867,100420.60,100420.60,0.0006,21,71.4
2026-08-20T00:58:43.476562,100420.60,100420.60,0.0006,21,71.4
2026-08-20T00:59:44.917205,100420.60,100420.60,0.0007,21,71.4
2026-08-20T01:00:45.947350,100420.60,100420.60,0.0006,21,71.4
2026-08-20T01:01:47.594072,100420.60,100420.60,0.0006,21,71.4
2026-08-20T01:02:48.625339,100420.60,100420.60,0.0006,21,71.4
2026-08-20T01:03:49.656781,100420.60,100420.60,0.0006,21,71.4
2026-08-20T01:04:50.791140,100420.60,100420.60,0.0006,21,71.4
2026-08-20T01:05:51.925156,100420.60,100420.60,0.0007,21,71.4
2026-08-20T01:06:54.697219,100437.61,100437.61,0.0007,22,72.7
2026-08-20T01:07:55.729006,100437.61,100437.61,0.0008,22,72.7
2026-08-20T01:08:56.757367,100437.61,100437.61,0.0008,22,72.7
2026-08-20T01:09:57.791740,100437.61,100437.61,0.0008,22,72.7
2026-08-20T01:10:58.823117,100437.61,100437.61,0.0009,22,72.7
2026-08-20T01:11:59.854963,100437.61,100437.61,0.0008,22,72.7
2026-08-20T01:13:00.886074,100437.61,100437.61,0.0008,22,72.7
2026-08-20T01:14:01.917748,100437.61,100437.61,0.0008,22,72.7
2026-08-20T01:15:02.846777,100437.61,100437.61,0.0008,22,72.7
2026-08-20T01:16:05.823681,100438.80,100438.80,0.0008,23,73.9
2026-08-20T01:17:06.916254,100438.80,100438.80,0.0008,23,73.9
2026-08-20T01:18:07.989187,100438.80,100438.80,0.0008,23,73.9
2026-08-20T01:19:09.020986,100438.80,100438.80,0.0008,23,73.9
2026-08-20T01:20:10.049440,100438.80,100438.80,0.0007,23,73.9
2026-08-20T01:21:11.186344,100438.80,100438.80,0.0008,23,73.9
2026-08-20T01:22:12.324230,100438.80,100438.80,0.0008,23,73.9
2026-08-20T01:23:13.453604,100438.80,100438.80,0.0007,23,73.9
2026-08-20T01:24:14.589754,100438.80,100438.80,0.0007,23,73.9
2026-08-20T01:25:15.824314,100438.80,100438.80,0.0008,23,73.9
2026-08-20T01:26:16.957316,100438.80,100438.80,0.0008,23,73.9
2026-08-20T01:27:18.091253,100438.80,100438.80,0.0008,23,73.9
2026-08-20T01:28:19.225098,100438.80,100438.80,0.0008,23,73.9
2026-08-20T01:29:20.340586,100438.80,100438.80,0.0008,23,73.9
2026-08-20T01:30:21.490311,100438.80,100438.80,0.0008,23,73.9
2026-08-20T01:31:22.899575,100438.80,100438.80,0.0008,23,73.9
2026-08-20T01:32:23.862610,100438.80,100438.80,0.0008,23,73.9
2026-08-20T01:33:24.791537,100438.80,100438.80,0.0007,23,73.9
2026-08-20T01:34:25.823054,100438.80,100438.80,0.0007,23,73.9
2026-08-20T01:35:26.854395,100438.80,100438.80,0.0006,23,73.9
2026-08-20T01:36:27.885717,100438.80,100438.80,0.0006,23,73.9
2026-08-20T01:37:39.670526,100438.80,100438.80,0.0006,23,73.9
2026-08-20T01:38:40.802165,100438.80,100438.80,0.0006,23,73.9
2026-08-20T01:39:41.834801,100438.80,100438.80,0.0006,23,73.9
2026-08-20T01:40:42.968255,100438.80,100438.80,0.0006,23,73.9
2026-08-20T01:41:43.962224,100438.80,100438.80,0.0006,23,73.9
2026-08-20T01:42:45.031189,100438.80,100438.80,0.0006,23,73.9
2026-08-20T01:43:46.064792,100438.80,100438.80,0.0005,23,73.9
2026-08-20T01:44:47.093861,100438.80,100438.80,0.0006,23,73.9
2026-08-20T01:45:48.125371,100438.80,100438.80,0.0005,23,73.9
2026-08-20T01:46:49.259217,100438.80,100438.80,0.0005,23,73.9
2026-08-20T01:47:50.393059,100438.80,100438.80,0.0005,23,73.9
2026-08-20T01:48:51.424291,100438.80,100438.80,0.0004,23,73.9
2026-08-20T01:49:52.558129,100438.80,100438.80,0.0004,23,73.9
2026-08-20T01:50:53.589656,100438.80,100438.80,0.0004,23,73.9
2026-08-20T01:51:54.620993,100438.80,100438.80,0.0004,23,73.9
2026-08-20T01:52:55.652560,100438.80,100438.80,0.0005,23,73.9
2026-08-20T01:53:56.683625,100438.80,100438.80,0.0005,23,73.9
2026-08-20T01:54:57.817313,100438.80,100438.80,0.0005,23,73.9
2026-08-20T01:55:58.848579,100438.80,100438.80,0.0005,23,73.9
2026-08-20T01:56:59.880235,100438.80,100438.80,0.0005,23,73.9
2026-08-20T01:58:00.857973,100438.80,100438.80,0.0005,23,73.9
2026-08-20T01:59:02.045561,100438.80,100438.80,0.0005,23,73.9
2026-08-20T02:00:03.076825,100438.80,100438.80,0.0005,23,73.9
2026-08-20T02:01:04.108171,100438.80,100438.80,0.0005,23,73.9
2026-08-20T02:02:05.140999,100438.80,100438.80,0.0004,23,73.9
2026-08-20T02:03:06.227298,100438.80,100438.80,0.0004,23,73.9
2026-08-20T02:04:07.304822,100438.80,100438.80,0.0004,23,73.9
2026-08-20T02:05:08.436448,100438.80,100438.80,0.0004,23,73.9
2026-08-20T02:06:09.587872,100438.80,100438.80,0.0005,23,73.9
2026-08-20T02:07:10.706178,100438.80,100438.80,0.0005,23,73.9
2026-08-20T02:08:12.147628,100438.80,100438.80,0.0005,23,73.9
2026-08-20T02:09:13.196142,100438.80,100438.80,0.0005,23,73.9
2026-08-20T02:10:14.309920,100438.80,100438.80,0.0006,23,73.9
2026-08-20T02:11:15.447771,100438.80,100438.80,0.0006,23,73.9
2026-08-20T02:12:16.478078,100438.80,100438.80,0.0005,23,73.9
2026-08-20T02:13:17.591293,100438.80,100438.80,0.0005,23,73.9
2026-08-20T02:14:18.643927,100438.80,100438.80,0.0005,23,73.9
2026-08-20T02:15:19.769768,100438.80,100438.80,0.0005,23,73.9
2026-08-20T02:16:20.780776,100438.80,100438.80,0.0005,23,73.9
2026-08-20T02:17:21.790711,100438.80,100438.80,0.0006,23,73.9
2026-08-20T02:18:22.821531,100438.80,100438.80,0.0005,23,73.9
2026-08-20T02:19:23.861393,100438.80,100438.80,0.0006,23,73.9
2026-08-20T02:20:24.892193,100438.80,100438.80,0.0006,23,73.9
2026-08-20T02:21:26.065766,100438.80,100438.80,0.0007,23,73.9
2026-08-20T02:22:27.305672,100438.80,100438.80,0.0006,23,73.9
2026-08-20T02:23:30.690423,100438.12,100438.12,0.0006,24,70.8
2026-08-20T02:24:31.624322,100438.12,100438.12,0.0006,24,70.8
2026-08-20T02:25:32.663237,100438.12,100438.12,0.0007,24,70.8
2026-08-20T02:26:33.682898,100438.12,100438.12,0.0007,24,70.8
2026-08-20T02:27:34.815873,100438.12,100438.12,0.0007,24,70.8
2026-08-20T02:28:36.052696,100438.12,100438.12,0.0007,24,70.8
2026-08-20T02:29:37.288897,100438.12,100438.12,0.0007,24,70.8
2026-08-20T02:30:38.422997,100438.12,100438.12,0.0007,24,70.8
2026-08-20T02:31:39.556530,100438.12,100438.12,0.0007,24,70.8
2026-08-20T02:32:42.535096,100443.04,100443.04,0.0007,25,72.0
2026-08-20T02:33:43.570198,100443.04,100443.04,0.0007,25,72.0
2026-08-20T02:34:44.698677,100443.04,100443.04,0.0006,25,72.0
2026-08-20T02:35:45.632606,100443.04,100443.04,0.0007,25,72.0
2026-08-20T02:36:46.738659,100443.04,100443.04,0.0008,25,72.0
2026-08-20T02:37:47.998947,100443.04,100443.04,0.0008,25,72.0
2026-08-20T02:38:49.131345,100443.04,100443.04,0.0008,25,72.0
2026-08-20T02:39:50.367965,100443.04,100443.04,0.0008,25,72.0
2026-08-20T02:40:51.501226,100443.04,100443.04,0.0008,25,72.0
2026-08-20T02:41:52.635258,100443.04,100443.04,0.0008,25,72.0
2026-08-20T02:42:53.766175,100443.04,100443.04,0.0008,25,72.0
2026-08-20T02:43:54.839555,100443.04,100443.04,0.0008,25,72.0
2026-08-20T02:44:55.936208,100443.04,100443.04,0.0008,25,72.0
2026-08-20T02:45:57.067796,100443.04,100443.04,0.0008,25,72.0
2026-08-20T02:46:58.202041,100443.04,100443.04,0.0008,25,72.0
2026-08-20T02:47:59.334926,100443.04,100443.04,0.0008,25,72.0
2026-08-20T02:49:00.469555,100443.04,100443.04,0.0008,25,72.0
2026-08-20T02:50:01.603378,100443.04,100443.04,0.0008,25,72.0
2026-08-20T02:51:02.737423,100443.04,100443.04,0.0009,25,72.0
2026-08-20T02:52:03.870713,100443.04,100443.04,0.0009,25,72.0
2026-08-20T02:53:05.005020,100443.04,100443.04,0.0009,25,72.0
2026-08-20T02:54:05.951204,100443.04,100443.04,0.0009,25,72.0
2026-08-20T02:55:07.070021,100443.04,100443.04,0.0009,25,72.0
2026-08-20T02:56:08.099762,100443.04,100443.04,0.0009,25,72.0
2026-08-20T02:57:09.269240,100443.04,100443.04,0.0008,25,72.0
2026-08-20T02:58:10.367594,100443.04,100443.04,0.0008,25,72.0
2026-08-20T02:59:11.397755,100443.04,100443.04,0.0009,25,72.0
2026-08-20T03:00:12.531196,100443.04,100443.04,0.0009,25,72.0
2026-08-20T03:01:13.562993,100443.04,100443.04,0.0010,25,72.0
2026-08-20T03:02:14.697532,100443.04,100443.04,0.0010,25,72.0
2026-08-20T03:03:15.730146,100443.04,100443.04,0.0010,25,72.0
2026-08-20T03:04:16.758764,100443.04,100443.04,0.0010,25,72.0
2026-08-20T03:05:17.789272,100443.04,100443.04,0.0010,25,72.0
2026-08-20T03:06:18.926113,100443.04,100443.04,0.0010,25,72.0
2026-08-20T03:07:20.058088,100443.04,100443.04,0.0010,25,72.0
2026-08-20T03:08:21.165041,100443.04,100443.04,0.0011,25,72.0
2026-08-20T03:09:22.428406,100443.04,100443.04,0.0012,25,72.0
2026-08-20T03:10:23.661441,100443.04,100443.04,0.0012,25,72.0
2026-08-20T03:11:24.810899,100443.04,100443.04,0.0014,25,72.0
2026-08-20T03:12:25.932897,100443.04,100443.04,0.0014,25,72.0
2026-08-20T03:13:26.965428,100443.04,100443.04,0.0013,25,72.0
2026-08-20T03:14:28.096591,100443.04,100443.04,0.0013,25,72.0
2026-08-20T03:15:29.230451,100443.04,100443.04,0.0013,25,72.0
2026-08-20T03:16:30.361849,100443.04,100443.04,0.0012,25,72.0
2026-08-20T03:17:31.498054,100443.04,100443.04,0.0012,25,72.0
2026-08-20T03:18:32.630535,100443.04,100443.04,0.0012,25,72.0
2026-08-20T03:19:33.765601,100443.04,100443.04,0.0011,25,72.0
2026-08-20T03:20:34.795294,100443.04,100443.04,0.0011,25,72.0
2026-08-20T03:21:36.032479,100443.04,100443.04,0.0011,25,72.0
2026-08-20T03:22:37.168185,100443.04,100443.04,0.0011,25,72.0
2026-08-20T03:23:38.300674,100443.04,100443.04,0.0011,25,72.0
2026-08-20T03:24:39.537702,100443.04,100443.04,0.0012,25,72.0
2026-08-20T03:25:40.773974,100443.04,100443.04,0.0012,25,72.0
2026-08-20T03:26:42.110223,100443.04,100443.04,0.0012,25,72.0
2026-08-20T03:27:43.246183,100443.04,100443.04,0.0012,25,72.0
2026-08-20T03:28:44.387136,100443.04,100443.04,0.0012,25,72.0
2026-08-20T03:29:45.620610,100443.04,100443.04,0.0012,25,72.0
2026-08-20T03:30:46.751025,100443.04,100443.04,0.0012,25,72.0
2026-08-20T03:31:47.985328,100443.04,100443.04,0.0012,25,72.0
2026-08-20T03:32:49.119055,100443.04,100443.04,0.0011,25,72.0
2026-08-20T03:33:50.151207,100443.04,100443.04,0.0011,25,72.0
2026-08-20T03:34:51.218611,100443.04,100443.04,0.0011,25,72.0
2026-08-20T03:35:52.299223,100443.04,100443.04,0.0011,25,72.0
2026-08-20T03:36:53.319041,100443.04,100443.04,0.0011,25,72.0
2026-08-20T03:37:54.370062,100443.04,100443.04,0.0010,25,72.0
2026-08-20T03:38:55.381648,100443.04,100443.04,0.0010,25,72.0
2026-08-20T03:39:58.183412,100422.80,100422.80,0.0010,26,69.2
2026-08-20T03:40:59.219911,100422.80,100422.80,0.0010,26,69.2
2026-08-20T03:42:00.250259,100422.80,100422.80,0.0010,26,69.2
2026-08-20T03:43:01.310483,100422.80,100422.80,0.0010,26,69.2
2026-08-20T03:44:02.367696,100422.80,100422.80,0.0010,26,69.2
2026-08-20T03:45:03.350765,100422.80,100422.80,0.0009,26,69.2
2026-08-20T03:46:04.360968,100422.80,100422.80,0.0008,26,69.2
2026-08-20T03:47:05.521706,100422.80,100422.80,0.0009,26,69.2
2026-08-20T03:48:06.599905,100422.80,100422.80,0.0009,26,69.2
2026-08-20T03:49:09.309196,100413.03,100413.03,0.0009,27,66.7
2026-08-20T03:50:10.391912,100413.03,100413.03,0.0008,27,66.7
2026-08-20T03:51:11.441477,100413.03,100413.03,0.0009,27,66.7
2026-08-20T03:52:12.452259,100413.03,100413.03,0.0009,27,66.7
2026-08-20T03:53:13.542140,100413.03,100413.03,0.0009,27,66.7
2026-08-20T03:54:14.592707,100413.03,100413.03,0.0009,27,66.7
2026-08-20T03:55:15.692639,100413.03,100413.03,0.0009,27,66.7
2026-08-20T03:56:16.771067,100413.03,100413.03,0.0009,27,66.7
2026-08-20T03:57:17.721377,100413.03,100413.03,0.0009,27,66.7
2026-08-20T03:58:18.747356,100413.03,100413.03,0.0009,27,66.7
2026-08-20T03:59:19.761767,100413.03,100413.03,0.0009,27,66.7
2026-08-20T04:00:21.003891,100413.03,100413.03,0.0009,27,66.7
2026-08-20T04:01:22.014886,100413.03,100413.03,0.0009,27,66.7
2026-08-20T04:02:23.094505,100413.03,100413.03,0.0010,27,66.7
2026-08-20T04:03:24.244872,100413.03,100413.03,0.0009,27,66.7
2026-08-20T04:04:25.334951,100413.03,100413.03,0.0009,27,66.7
2026-08-20T04:05:26.375291,100413.03,100413.03,0.0009,27,66.7
2026-08-20T04:06:27.395495,100413.03,100413.03,0.0009,27,66.7
2026-08-20T04:07:28.345276,100413.03,100413.03,0.0008,27,66.7
2026-08-20T04:08:29.385965,100413.03,100413.03,0.0008,27,66.7
2026-08-20T04:09:30.386117,100413.03,100413.03,0.0008,27,66.7
2026-08-20T04:10:31.446175,100413.03,100413.03,0.0008,27,66.7
2026-08-20T04:11:32.721713,100413.03,100413.03,0.0008,27,66.7
2026-08-20T04:12:34.055536,100413.03,100413.03,0.0008,27,66.7
2026-08-20T04:13:35.289296,100413.03,100413.03,0.0008,27,66.7
2026-08-20T04:14:36.525197,100413.03,100413.03,0.0008,27,66.7
2026-08-20T04:15:37.556994,100413.03,100413.03,0.0008,27,66.7
2026-08-20T04:16:38.590097,100413.03,100413.03,0.0008,27,66.7
2026-08-20T04:17:39.825696,100413.03,100413.03,0.0008,27,66.7
2026-08-20T04:18:40.960939,100413.03,100413.03,0.0008,27,66.7
2026-08-20T04:19:42.091522,100413.03,100413.03,0.0008,27,66.7
2026-08-20T04:20:43.230053,100413.03,100413.03,0.0008,27,66.7
2026-08-20T04:21:44.462161,100413.03,100413.03,0.0008,27,66.7
2026-08-20T04:22:45.600543,100413.03,100413.03,0.0008,27,66.7
2026-08-20T04:23:46.626587,100413.03,100413.03,0.0008,27,66.7
2026-08-20T04:24:47.766970,100413.03,100413.03,0.0008,27,66.7
2026-08-20T04:25:48.790636,100413.03,100413.03,0.0008,27,66.7
2026-08-20T04:26:49.925396,100413.03,100413.03,0.0008,27,66.7
2026-08-20T04:27:51.061636,100413.03,100413.03,0.0008,27,66.7
2026-08-20T04:28:52.193630,100413.03,100413.03,0.0008,27,66.7
2026-08-20T04:29:53.429394,100413.03,100413.03,0.0008,27,66.7
2026-08-20T04:30:54.667036,100413.03,100413.03,0.0008,27,66.7
2026-08-20T04:31:55.799127,100413.03,100413.03,0.0008,27,66.7
2026-08-20T04:32:57.033124,100413.03,100413.03,0.0009,27,66.7
2026-08-20T04:33:58.064515,100413.03,100413.03,0.0009,27,66.7
2026-08-20T04:34:59.303494,100413.03,100413.03,0.0009,27,66.7
2026-08-20T04:36:00.539030,100413.03,100413.03,0.0009,27,66.7
2026-08-20T04:37:01.678751,100413.03,100413.03,0.0009,27,66.7
2026-08-20T04:38:03.011677,100413.03,100413.03,0.0009,27,66.7
2026-08-20T04:39:04.350105,100413.03,100413.03,0.0009,27,66.7
2026-08-20T04:40:05.591230,100413.03,100413.03,0.0009,27,66.7
2026-08-20T04:41:06.823535,100413.03,100413.03,0.0009,27,66.7
2026-08-20T04:42:07.955997,100413.03,100413.03,0.0008,27,66.7
2026-08-20T04:43:09.090162,100413.03,100413.03,0.0009,27,66.7
2026-08-20T04:44:10.327432,100413.03,100413.03,0.0009,27,66.7
2026-08-20T04:45:11.563322,100413.03,100413.03,0.0009,27,66.7
2026-08-20T04:46:12.799030,100413.03,100413.03,0.0008,27,66.7
2026-08-20T04:47:14.033531,100413.03,100413.03,0.0008,27,66.7
2026-08-20T04:48:15.374114,100413.03,100413.03,0.0008,27,66.7
2026-08-20T04:49:16.511312,100413.03,100413.03,0.0008,27,66.7
2026-08-20T04:50:17.742649,100413.03,100413.03,0.0008,27,66.7
2026-08-20T04:51:18.877766,100413.03,100413.03,0.0008,27,66.7
2026-08-20T04:52:19.923041,100413.03,100413.03,0.0007,27,66.7
2026-08-20T04:53:21.215115,100413.03,100413.03,0.0007,27,66.7
2026-08-20T04:54:22.315948,100413.03,100413.03,0.0007,27,66.7
2026-08-20T04:55:23.616509,100413.03,100413.03,0.0008,27,66.7
2026-08-20T04:56:27.310690,100420.99,100420.99,0.0008,28,67.9
2026-08-20T04:57:28.343280,100420.99,100420.99,0.0008,28,67.9
2026-08-20T04:58:29.436967,100420.99,100420.99,0.0008,28,67.9
2026-08-20T04:59:30.609095,100420.99,100420.99,0.0008,28,67.9
2026-08-20T05:00:31.847022,100420.99,100420.99,0.0008,28,67.9
2026-08-20T05:01:32.876042,100420.99,100420.99,0.0008,28,67.9
2026-08-20T05:02:34.112157,100420.99,100420.99,0.0008,28,67.9
2026-08-20T05:03:35.349062,100420.99,100420.99,0.0008,28,67.9
2026-08-20T05:04:36.585159,100420.99,100420.99,0.0008,28,67.9
2026-08-20T05:05:39.647413,100431.90,100431.90,0.0008,29,69.0
2026-08-20T05:06:40.828291,100431.90,100431.90,0.0007,29,69.0
2026-08-20T05:07:42.136366,100431.90,100431.90,0.0007,29,69.0
2026-08-20T05:08:43.373221,100431.90,100431.90,0.0007,29,69.0
2026-08-20T05:09:44.508387,100431.90,100431.90,0.0007,29,69.0
2026-08-20T05:10:46.152218,100431.90,100431.90,0.0008,29,69.0
2026-08-20T05:11:47.285690,100431.90,100431.90,0.0008,29,69.0
2026-08-20T05:12:48.317088,100431.90,100431.90,0.0008,29,69.0
2026-08-20T05:13:49.246656,100431.90,100431.90,0.0008,29,69.0
2026-08-20T05:14:50.278024,100431.90,100431.90,0.0008,29,69.0
2026-08-20T05:15:51.513755,100431.90,100431.90,0.0008,29,69.0
2026-08-20T05:16:52.650242,100431.90,100431.90,0.0008,29,69.0
2026-08-20T05:17:53.781001,100431.90,100431.90,0.0007,29,69.0
2026-08-20T05:18:54.916939,100431.90,100431.90,0.0007,29,69.0
2026-08-20T05:19:56.459233,100431.90,100431.90,0.0007,29,69.0
2026-08-20T05:20:57.900033,100431.90,100431.90,0.0007,29,69.0
2026-08-20T05:21:59.032720,100431.90,100431.90,0.0007,29,69.0
2026-08-20T05:23:00.166819,100431.90,100431.90,0.0007,29,69.0
2026-08-20T05:24:01.300258,100431.90,100431.90,0.0007,29,69.0
2026-08-20T05:25:02.351514,100431.90,100431.90,0.0007,29,69.0
2026-08-20T05:26:03.464931,100431.90,100431.90,0.0007,29,69.0
2026-08-20T05:27:04.598788,100431.90,100431.90,0.0007,29,69.0
2026-08-20T05:28:05.732114,100431.90,100431.90,0.0007,29,69.0
2026-08-20T05:29:06.972561,100431.90,100431.90,0.0007,29,69.0
2026-08-20T05:30:08.111553,100431.90,100431.90,0.0007,29,69.0
2026-08-20T05:31:09.241564,100431.90,100431.90,0.0007,29,69.0
2026-08-20T05:32:10.369544,100431.90,100431.90,0.0007,29,69.0
2026-08-20T05:33:11.654223,100431.90,100431.90,0.0007,29,69.0
2026-08-20T05:34:12.844063,100431.90,100431.90,0.0007,29,69.0
2026-08-20T05:35:14.043932,100431.90,100431.90,0.0007,29,69.0
2026-08-20T05:36:15.314557,100431.90,100431.90,0.0007,29,69.0
2026-08-20T05:37:16.550366,100431.90,100431.90,0.0007,29,69.0
2026-08-20T05:38:17.784613,100431.90,100431.90,0.0008,29,69.0
2026-08-20T05:39:18.920200,100431.90,100431.90,0.0008,29,69.0
2026-08-20T05:40:20.158521,100431.90,100431.90,0.0008,29,69.0
2026-08-20T05:41:21.292173,100431.90,100431.90,0.0008,29,69.0
2026-08-20T05:42:22.430661,100431.90,100431.90,0.0008,29,69.0
2026-08-20T05:43:23.553813,100431.90,100431.90,0.0008,29,69.0
2026-08-20T05:44:24.895513,100431.90,100431.90,0.0008,29,69.0
2026-08-20T05:45:26.030721,100431.90,100431.90,0.0008,29,69.0
2026-08-20T05:46:27.266748,100431.90,100431.90,0.0008,29,69.0
2026-08-20T05:47:28.501815,100431.90,100431.90,0.0008,29,69.0
2026-08-20T05:48:29.534117,100431.90,100431.90,0.0009,29,69.0
2026-08-20T05:49:30.695306,100431.90,100431.90,0.0009,29,69.0
2026-08-20T05:50:31.800502,100431.90,100431.90,0.0009,29,69.0
2026-08-20T05:51:33.037679,100431.90,100431.90,0.0009,29,69.0
2026-08-20T05:52:34.171285,100431.90,100431.90,0.0009,29,69.0
2026-08-20T05:53:35.304013,100431.90,100431.90,0.0009,29,69.0
2026-08-20T05:54:36.442119,100431.90,100431.90,0.0009,29,69.0
2026-08-20T05:55:37.572373,100431.90,100431.90,0.0009,29,69.0
2026-08-20T05:56:38.808237,100431.90,100431.90,0.0009,29,69.0
2026-08-20T05:57:39.940988,100431.90,100431.90,0.0009,29,69.0
2026-08-20T05:58:40.972278,100431.90,100431.90,0.0009,29,69.0
2026-08-20T05:59:42.106081,100431.90,100431.90,0.0009,29,69.0
2026-08-20T06:00:43.217147,100431.90,100431.90,0.0009,29,69.0
2026-08-20T06:01:44.386933,100431.90,100431.90,0.0009,29,69.0
2026-08-20T06:02:45.636941,100431.90,100431.90,0.0009,29,69.0
2026-08-20T06:03:46.714979,100431.90,100431.90,0.0009,29,69.0
2026-08-20T06:04:47.827265,100431.90,100431.90,0.0010,29,69.0
2026-08-20T06:05:48.947025,100431.90,100431.90,0.0009,29,69.0
2026-08-20T06:06:50.149158,100431.90,100431.90,0.0010,29,69.0
2026-08-20T06:07:51.277151,100431.90,100431.90,0.0010,29,69.0
2026-08-20T06:08:52.409064,100431.90,100431.90,0.0010,29,69.0
2026-08-20T06:09:53.648228,100431.90,100431.90,0.0010,29,69.0
2026-08-20T06:10:54.883449,100431.90,100431.90,0.0010,29,69.0
2026-08-20T06:11:56.120165,100431.90,100431.90,0.0009,29,69.0
2026-08-20T06:12:59.404218,100420.12,100420.12,0.0009,30,66.7
2026-08-20T06:14:00.414421,100420.12,100420.12,0.0009,30,66.7
2026-08-20T06:15:01.466588,100420.12,100420.12,0.0010,30,66.7
2026-08-20T06:16:02.806655,100420.12,100420.12,0.0010,30,66.7
2026-08-20T06:17:03.945948,100420.12,100420.12,0.0010,30,66.7
2026-08-20T06:18:05.459897,100420.12,100420.12,0.0009,30,66.7
2026-08-20T06:19:06.618233,100420.12,100420.12,0.0010,30,66.7
2026-08-20T06:20:08.165861,100420.12,100420.12,0.0009,30,66.7
2026-08-20T06:21:09.392051,100420.12,100420.12,0.0008,30,66.7
2026-08-20T06:22:12.139323,100425.70,100425.70,0.0007,31,67.7
2026-08-20T06:23:13.300930,100425.70,100425.70,0.0007,31,67.7
2026-08-20T06:24:14.536198,100425.70,100425.70,0.0007,31,67.7
2026-08-20T06:25:15.697228,100425.70,100425.70,0.0007,31,67.7
2026-08-20T06:26:16.803731,100425.70,100425.70,0.0007,31,67.7
2026-08-20T06:27:17.937307,100425.70,100425.70,0.0007,31,67.7
2026-08-20T06:28:18.975493,100425.70,100425.70,0.0007,31,67.7
2026-08-20T06:29:20.208342,100425.70,100425.70,0.0008,31,67.7
2026-08-20T06:30:21.343608,100425.70,100425.70,0.0007,31,67.7
2026-08-20T06:31:22.370445,100425.70,100425.70,0.0007,31,67.7
2026-08-20T06:32:23.503472,100425.70,100425.70,0.0007,31,67.7
2026-08-20T06:33:24.637589,100425.70,100425.70,0.0007,31,67.7
2026-08-20T06:34:25.673939,100425.70,100425.70,0.0007,31,67.7
2026-08-20T06:35:26.656874,100425.70,100425.70,0.0006,31,67.7
2026-08-20T06:36:27.937107,100425.70,100425.70,0.0006,31,67.7
2026-08-20T06:37:28.967403,100425.70,100425.70,0.0005,31,67.7
2026-08-20T06:38:29.998614,100425.70,100425.70,0.0006,31,67.7
2026-08-20T06:39:31.030555,100425.70,100425.70,0.0006,31,67.7
2026-08-20T06:40:32.163372,100425.70,100425.70,0.0006,31,67.7
2026-08-20T06:41:33.297206,100425.70,100425.70,0.0005,31,67.7
2026-08-20T06:42:34.329445,100425.70,100425.70,0.0006,31,67.7
2026-08-20T06:43:35.461487,100425.70,100425.70,0.0005,31,67.7
2026-08-20T06:44:36.571900,100425.70,100425.70,0.0005,31,67.7
2026-08-20T06:45:37.693663,100425.70,100425.70,0.0004,31,67.7
2026-08-20T06:46:38.760221,100425.70,100425.70,0.0005,31,67.7
2026-08-20T06:47:39.795317,100425.70,100425.70,0.0005,31,67.7
2026-08-20T06:48:40.820945,100425.70,100425.70,0.0005,31,67.7
2026-08-20T06:49:41.852805,100425.70,100425.70,0.0005,31,67.7
2026-08-20T06:50:42.787735,100425.70,100425.70,0.0005,31,67.7
2026-08-20T06:51:43.813999,100425.70,100425.70,0.0004,31,67.7
2026-08-20T06:52:44.842121,100425.70,100425.70,0.0005,31,67.7
2026-08-20T06:53:46.080990,100425.70,100425.70,0.0004,31,67.7
2026-08-20T06:54:47.108632,100425.70,100425.70,0.0005,31,67.7
2026-08-20T06:55:48.345343,100425.70,100425.70,0.0005,31,67.7
2026-08-20T06:56:49.376006,100425.70,100425.70,0.0005,31,67.7
2026-08-20T06:57:50.618548,100425.70,100425.70,0.0005,31,67.7
2026-08-20T06:58:51.704387,100425.70,100425.70,0.0005,31,67.7
2026-08-20T06:59:54.926484,100425.70,100425.70,0.0005,31,67.7
2026-08-20T07:00:56.059797,100425.70,100425.70,0.0005,31,67.7
2026-08-20T07:01:57.090914,100425.70,100425.70,0.0005,31,67.7
2026-08-20T07:02:58.119025,100425.70,100425.70,0.0005,31,67.7
2026-08-20T07:03:59.156336,100425.70,100425.70,0.0005,31,67.7
2026-08-20T07:05:00.221297,100425.70,100425.70,0.0005,31,67.7
2026-08-20T07:06:01.322528,100425.70,100425.70,0.0004,31,67.7
2026-08-20T07:07:02.349220,100425.70,100425.70,0.0005,31,67.7
2026-08-20T07:08:03.384446,100425.70,100425.70,0.0005,31,67.7
2026-08-20T07:09:04.516792,100425.70,100425.70,0.0004,31,67.7
2026-08-20T07:10:05.692486,100425.70,100425.70,0.0004,31,67.7
2026-08-20T07:11:06.851545,100425.70,100425.70,0.0005,31,67.7
2026-08-20T07:12:07.917747,100425.70,100425.70,0.0005,31,67.7
2026-08-20T07:13:08.948947,100425.70,100425.70,0.0006,31,67.7
2026-08-20T07:14:10.082507,100425.70,100425.70,0.0006,31,67.7
2026-08-20T07:15:11.215976,100425.70,100425.70,0.0006,31,67.7
2026-08-20T07:16:12.351569,100425.70,100425.70,0.0006,31,67.7
2026-08-20T07:17:13.383079,100425.70,100425.70,0.0006,31,67.7
2026-08-20T07:18:14.470284,100425.70,100425.70,0.0007,31,67.7
2026-08-20T07:19:15.585702,100425.70,100425.70,0.0007,31,67.7
2026-08-20T07:20:16.885549,100425.70,100425.70,0.0007,31,67.7
2026-08-20T07:21:18.119171,100425.70,100425.70,0.0007,31,67.7
2026-08-20T07:22:19.282128,100425.70,100425.70,0.0006,31,67.7
2026-08-20T07:23:20.385331,100425.70,100425.70,0.0007,31,67.7
2026-08-20T07:24:21.528203,100425.70,100425.70,0.0007,31,67.7
2026-08-20T07:25:22.759737,100425.70,100425.70,0.0007,31,67.7
2026-08-20T07:26:23.762566,100425.70,100425.70,0.0007,31,67.7
2026-08-20T07:27:24.922552,100425.70,100425.70,0.0007,31,67.7
2026-08-20T07:28:25.994116,100425.70,100425.70,0.0007,31,67.7
2026-08-20T07:29:28.929951,100441.25,100441.25,0.0006,32,68.8
2026-08-20T07:30:30.013260,100441.25,100441.25,0.0007,32,68.8
2026-08-20T07:31:31.299183,100441.25,100441.25,0.0008,32,68.8
2026-08-20T07:32:32.584286,100441.25,100441.25,0.0008,32,68.8
2026-08-20T07:33:33.725684,100441.25,100441.25,0.0008,32,68.8
2026-08-20T07:34:34.804029,100441.25,100441.25,0.0008,32,68.8
2026-08-20T07:35:36.156081,100441.25,100441.25,0.0008,32,68.8
2026-08-20T07:36:37.277886,100441.25,100441.25,0.0008,32,68.8
2026-08-20T07:37:38.855293,100441.25,100441.25,0.0008,32,68.8
2026-08-20T07:38:41.898818,100439.10,100439.10,0.0008,33,66.7
2026-08-20T07:39:43.237099,100439.10,100439.10,0.0008,33,66.7
2026-08-20T07:40:44.268279,100439.10,100439.10,0.0009,33,66.7
2026-08-20T07:41:45.422366,100439.10,100439.10,0.0008,33,66.7
2026-08-20T07:42:46.643577,100439.10,100439.10,0.0008,33,66.7
2026-08-20T07:43:48.080735,100439.10,100439.10,0.0008,33,66.7
2026-08-20T07:44:49.099728,100439.10,100439.10,0.0008,33,66.7
2026-08-20T07:45:50.630021,100439.10,100439.10,0.0008,33,66.7
2026-08-20T07:46:51.687215,100439.10,100439.10,0.0008,33,66.7
2026-08-20T07:47:52.822114,100439.10,100439.10,0.0008,33,66.7
2026-08-20T07:48:53.952740,100439.10,100439.10,0.0008,33,66.7
2026-08-20T07:49:55.126424,100439.10,100439.10,0.0007,33,66.7
2026-08-20T07:50:56.230755,100439.10,100439.10,0.0008,33,66.7
2026-08-20T07:51:57.543692,100439.10,100439.10,0.0008,33,66.7
2026-08-20T07:52:58.675038,100439.10,100439.10,0.0007,33,66.7
2026-08-20T07:53:59.726193,100439.10,100439.10,0.0007,33,66.7
2026-08-20T07:55:00.855461,100439.10,100439.10,0.0007,33,66.7
2026-08-20T07:56:01.913747,100439.10,100439.10,0.0007,33,66.7
2026-08-20T07:57:03.135554,100439.10,100439.10,0.0007,33,66.7
2026-08-20T07:58:04.127005,100439.10,100439.10,0.0007,33,66.7
2026-08-20T07:59:05.286657,100439.10,100439.10,0.0007,33,66.7
2026-08-20T08:00:06.520869,100439.10,100439.10,0.0006,33,66.7
2026-08-20T08:01:07.620929,100439.10,100439.10,0.0007,33,66.7
2026-08-20T08:02:08.627808,100439.10,100439.10,0.0006,33,66.7
2026-08-20T08:03:09.818136,100439.10,100439.10,0.0006,33,66.7
2026-08-20T08:04:10.850557,100439.10,100439.10,0.0007,33,66.7
2026-08-20T08:05:11.924508,100439.10,100439.10,0.0006,33,66.7
2026-08-20T08:06:13.162148,100439.10,100439.10,0.0006,33,66.7
2026-08-20T08:07:14.149555,100439.10,100439.10,0.0005,33,66.7
2026-08-20T08:08:15.124781,100439.10,100439.10,0.0004,33,66.7
2026-08-20T08:09:16.416572,100439.10,100439.10,0.0003,33,66.7
2026-08-20T08:10:17.474733,100439.10,100439.10,0.0001,33,66.7
2026-08-20T08:11:18.600111,100439.10,100439.10,0.0000,33,66.7
2026-08-20T08:12:23.199934,100499.36,100499.36,0.0000,34,67.6
2026-08-20T08:13:24.538392,100499.36,100499.36,0.0000,34,67.6
2026-08-20T08:14:25.563620,100499.36,100499.36,0.0000,34,67.6
2026-08-20T08:15:26.705247,100499.36,100499.36,0.0001,34,67.6
2026-08-20T08:16:27.791704,100499.36,100499.36,0.0002,34,67.6
2026-08-20T08:17:28.870107,100499.36,100499.36,0.0001,34,67.6
2026-08-20T08:18:30.908765,100499.36,100499.36,0.0000,34,67.6
2026-08-20T08:19:32.544411,100499.36,100499.36,0.0000,34,67.6
2026-08-20T08:20:33.491344,100499.36,100499.36,0.0001,34,67.6
2026-08-20T08:21:34.371927,100499.36,100499.36,0.0002,34,67.6
2026-08-20T08:22:35.585080,100499.36,100499.36,0.0002,34,67.6
2026-08-20T08:23:36.777718,100499.36,100499.36,0.0002,34,67.6
2026-08-20T08:24:37.823589,100499.36,100499.36,0.0002,34,67.6
2026-08-20T08:25:38.956901,100499.36,100499.36,0.0001,34,67.6
2026-08-20T08:26:39.952174,100499.36,100499.36,0.0002,34,67.6
2026-08-20T08:27:41.121942,100499.36,100499.36,0.0000,34,67.6
2026-08-20T08:28:42.021604,100499.36,100499.36,0.0000,34,67.6
2026-08-20T08:29:43.080979,100499.36,100499.36,0.0000,34,67.6
2026-08-20T08:30:44.112486,100499.36,100499.36,0.0001,34,67.6
2026-08-20T08:31:45.143520,100499.36,100499.36,0.0001,34,67.6
2026-08-20T08:32:46.690556,100499.36,100499.36,0.0000,34,67.6
2026-08-20T08:33:58.832381,100499.36,100499.36,0.0004,34,67.6
2026-08-20T08:35:00.631774,100499.36,100499.36,0.0002,34,67.6
2026-08-20T08:36:01.987827,100499.36,100499.36,0.0002,34,67.6
2026-08-20T08:37:03.648252,100499.36,100499.36,0.0002,34,67.6
2026-08-20T08:38:04.844919,100499.36,100499.36,0.0001,34,67.6
2026-08-20T08:39:06.293624,100499.36,100499.36,0.0000,34,67.6
2026-08-20T08:40:07.442746,100499.36,100499.36,0.0001,34,67.6
2026-08-20T08:41:08.554569,100499.36,100499.36,0.0001,34,67.6
2026-08-20T08:42:09.689112,100499.36,100499.36,0.0001,34,67.6
2026-08-20T08:43:10.823339,100499.36,100499.36,0.0000,34,67.6
2026-08-20T08:44:12.056534,100499.36,100499.36,0.0001,34,67.6
2026-08-20T08:45:13.189418,100499.36,100499.36,0.0000,34,67.6
2026-08-20T08:46:14.201614,100499.36,100499.36,0.0000,34,67.6
2026-08-20T08:47:17.345498,100532.40,100532.40,0.0000,35,68.6
2026-08-20T08:48:18.420170,100532.40,100532.40,0.0000,35,68.6
2026-08-20T08:49:19.450225,100532.40,100532.40,0.0000,35,68.6
2026-08-20T08:50:20.601588,100532.40,100532.40,0.0000,35,68.6
2026-08-20T08:51:21.576649,100532.40,100532.40,0.0000,35,68.6
2026-08-20T08:52:22.545551,100532.40,100532.40,0.0000,35,68.6
2026-08-20T08:53:23.597490,100532.40,100532.40,0.0000,35,68.6
2026-08-20T08:54:24.730188,100532.40,100532.40,0.0000,35,68.6
2026-08-20T08:55:25.721646,100532.40,100532.40,0.0000,35,68.6
2026-08-20T08:56:26.790559,100532.40,100532.40,0.0001,35,68.6
2026-08-20T08:57:28.024216,100532.40,100532.40,0.0001,35,68.6
2026-08-20T08:58:29.262588,100532.40,100532.40,0.0001,35,68.6
2026-08-20T08:59:30.266941,100532.40,100532.40,0.0001,35,68.6
2026-08-20T09:00:31.224252,100532.40,100532.40,0.0001,35,68.6
2026-08-20T09:01:32.351331,100532.40,100532.40,0.0001,35,68.6
2026-08-20T09:02:33.587664,100532.40,100532.40,0.0001,35,68.6
2026-08-20T09:03:34.625814,100532.40,100532.40,0.0001,35,68.6
2026-08-20T09:04:35.647751,100532.40,100532.40,0.0001,35,68.6
2026-08-20T09:05:36.680992,100532.40,100532.40,0.0001,35,68.6
2026-08-20T09:06:37.838401,100532.40,100532.40,0.0000,35,68.6
2026-08-20T09:07:38.945182,100532.40,100532.40,0.0000,35,68.6
2026-08-20T09:08:39.951125,100532.40,100532.40,0.0000,35,68.6
2026-08-20T09:09:40.932820,100532.40,100532.40,0.0001,35,68.6
2026-08-20T09:10:41.937257,100532.40,100532.40,0.0000,35,68.6
2026-08-20T09:11:42.950773,100532.40,100532.40,0.0001,35,68.6
2026-08-20T09:12:44.100761,100532.40,100532.40,0.0001,35,68.6
2026-08-20T09:13:45.236663,100532.40,100532.40,0.0000,35,68.6
2026-08-20T09:14:46.213870,100532.40,100532.40,0.0000,35,68.6
2026-08-20T09:15:47.194298,100532.40,100532.40,0.0001,35,68.6
2026-08-20T09:16:48.205743,100532.40,100532.40,0.0001,35,68.6
2026-08-20T09:17:49.153926,100532.40,100532.40,0.0001,35,68.6
2026-08-20T09:18:50.287323,100532.40,100532.40,0.0000,35,68.6
2026-08-20T09:19:51.370364,100532.40,100532.40,0.0001,35,68.6
2026-08-20T09:20:53.262134,100532.40,100532.40,0.0001,35,68.6
2026-08-20T09:21:54.213610,100532.40,100532.40,0.0000,35,68.6
2026-08-20T09:22:55.230912,100532.40,100532.40,0.0000,35,68.6
2026-08-20T09:23:57.674796,100532.40,100532.40,0.0001,35,68.6
2026-08-20T09:24:58.752892,100532.40,100532.40,0.0000,35,68.6
2026-08-20T09:25:59.851949,100532.40,100532.40,0.0001,35,68.6
2026-08-20T09:27:01.278964,100532.40,100532.40,0.0001,35,68.6
2026-08-20T09:28:02.892063,100532.40,100532.40,0.0001,35,68.6
2026-08-20T09:29:08.374201,100564.44,100564.44,0.0002,36,69.4
2026-08-20T09:30:09.718799,100564.44,100564.44,0.0004,36,69.4
2026-08-20T09:31:10.954482,100564.44,100564.44,0.0002,36,69.4
2026-08-20T09:32:12.087128,100564.44,100564.44,0.0002,36,69.4
2026-08-20T09:33:13.015618,100564.44,100564.44,0.0002,36,69.4
2026-08-20T09:34:14.606789,100564.44,100564.44,0.0002,36,69.4
2026-08-20T09:35:15.697620,100564.44,100564.44,0.0002,36,69.4
2026-08-20T09:36:17.133331,100564.44,100564.44,0.0001,36,69.4
2026-08-20T09:37:18.946473,100564.44,100564.44,0.0001,36,69.4
2026-08-20T09:38:20.479009,100564.44,100564.44,0.0001,36,69.4
2026-08-20T09:39:21.529743,100564.44,100564.44,0.0002,36,69.4
2026-08-20T09:40:22.537530,100564.44,100564.44,0.0002,36,69.4
2026-08-20T09:41:23.630174,100564.44,100564.44,0.0002,36,69.4
2026-08-20T09:42:24.517690,100564.44,100564.44,0.0001,36,69.4
2026-08-20T09:43:25.520067,100564.44,100564.44,0.0001,36,69.4
2026-08-20T09:44:26.641801,100564.44,100564.44,0.0001,36,69.4
2026-08-20T09:45:27.907714,100564.44,100564.44,0.0001,36,69.4
2026-08-20T09:46:28.984136,100564.44,100564.44,0.0001,36,69.4
2026-08-20T09:47:30.115398,100564.44,100564.44,0.0001,36,69.4
2026-08-20T09:48:31.256960,100564.44,100564.44,0.0001,36,69.4
2026-08-20T09:49:32.288124,100564.44,100564.44,0.0002,36,69.4
2026-08-20T09:50:33.328932,100564.44,100564.44,0.0002,36,69.4
2026-08-20T09:51:34.245211,100564.44,100564.44,0.0003,36,69.4
2026-08-20T09:52:35.262256,100564.44,100564.44,0.0004,36,69.4
2026-08-20T09:53:36.403880,100564.44,100564.44,0.0004,36,69.4
2026-08-20T09:54:37.741526,100564.44,100564.44,0.0004,36,69.4
2026-08-20T09:55:38.976598,100564.44,100564.44,0.0004,36,69.4
2026-08-20T09:56:40.315352,100564.44,100564.44,0.0004,36,69.4
2026-08-20T09:57:41.453207,100564.44,100564.44,0.0004,36,69.4
2026-08-20T09:58:42.706678,100564.44,100564.44,0.0003,36,69.4
2026-08-20T09:59:43.715902,100564.44,100564.44,0.0004,36,69.4
2026-08-20T10:00:44.951286,100564.44,100564.44,0.0004,36,69.4
2026-08-20T10:01:45.981751,100564.44,100564.44,0.0004,36,69.4
2026-08-20T10:02:47.020342,100564.44,100564.44,0.0003,36,69.4
2026-08-20T10:03:50.736023,100564.99,100564.99,0.0003,37,70.3
2026-08-20T10:04:51.997424,100564.99,100564.99,0.0003,37,70.3
2026-08-20T10:05:53.174367,100564.99,100564.99,0.0003,37,70.3
2026-08-20T10:06:54.326001,100564.99,100564.99,0.0003,37,70.3
2026-08-20T10:07:55.405251,100564.99,100564.99,0.0002,37,70.3
2026-08-20T10:08:56.655827,100564.99,100564.99,0.0003,37,70.3
2026-08-20T10:09:57.687006,100564.99,100564.99,0.0003,37,70.3
2026-08-20T10:10:58.859046,100564.99,100564.99,0.0002,37,70.3
2026-08-20T10:11:59.877890,100564.99,100564.99,0.0002,37,70.3
2026-08-20T10:13:00.933200,100564.99,100564.99,0.0001,37,70.3
2026-08-20T10:14:02.030964,100564.99,100564.99,0.0001,37,70.3
2026-08-20T10:15:03.785433,100564.99,100564.99,0.0001,37,70.3
2026-08-20T10:16:04.921961,100564.99,100564.99,0.0000,37,70.3
2026-08-20T10:17:06.261031,100564.99,100564.99,0.0000,37,70.3
2026-08-20T10:18:07.295216,100564.99,100564.99,0.0000,37,70.3
2026-08-20T10:19:10.065352,100564.99,100564.99,0.0000,37,70.3
2026-08-20T10:20:13.526589,100564.99,100564.99,0.0000,37,70.3
2026-08-20T10:21:14.576553,100564.99,100564.99,0.0001,37,70.3
2026-08-20T10:22:15.569470,100564.99,100564.99,0.0001,37,70.3
2026-08-20T10:23:16.903238,100564.99,100564.99,0.0001,37,70.3
2026-08-20T10:24:18.613390,100564.99,100564.99,0.0001,37,70.3
2026-08-20T10:25:19.686024,100564.99,100564.99,0.0002,37,70.3
2026-08-20T10:26:21.266923,100564.99,100564.99,0.0002,37,70.3
2026-08-20T10:27:22.846794,100564.99,100564.99,0.0002,37,70.3
2026-08-20T10:28:24.057459,100564.99,100564.99,0.0002,37,70.3
2026-08-20T10:29:25.097789,100564.99,100564.99,0.0002,37,70.3
2026-08-20T10:30:26.347801,100564.99,100564.99,0.0003,37,70.3
2026-08-20T10:31:27.658554,100564.99,100564.99,0.0003,37,70.3
2026-08-20T10:32:28.694728,100564.99,100564.99,0.0003,37,70.3
2026-08-20T10:33:29.737301,100564.99,100564.99,0.0003,37,70.3
2026-08-20T10:34:30.820193,100564.99,100564.99,0.0003,37,70.3
2026-08-20T10:35:31.918718,100564.99,100564.99,0.0003,37,70.3
2026-08-20T10:36:33.025687,100564.99,100564.99,0.0003,37,70.3
2026-08-20T10:37:34.173673,100564.99,100564.99,0.0003,37,70.3
2026-08-20T10:38:35.624512,100564.99,100564.99,0.0003,37,70.3
2026-08-20T10:39:36.812476,100564.99,100564.99,0.0003,37,70.3
2026-08-20T10:40:37.967545,100564.99,100564.99,0.0003,37,70.3
2026-08-20T10:41:39.510378,100564.99,100564.99,0.0003,37,70.3
2026-08-20T10:42:41.558328,100564.99,100564.99,0.0003,37,70.3
2026-08-20T10:43:42.706084,100564.99,100564.99,0.0004,37,70.3
2026-08-20T10:59:00.358961,100564.99,100564.99,0.0003,37,70.3
2026-08-20T10:59:40.462993,100568.27,100568.27,0.0003,38,71.1
2026-08-20T11:00:44.457803,100568.27,100568.27,0.0003,38,71.1
2026-08-20T11:01:45.833022,100568.27,100568.27,0.0001,38,71.1
2026-08-20T11:02:47.006002,100568.27,100568.27,0.0001,38,71.1
2026-08-20T11:03:48.104292,100568.27,100568.27,0.0001,38,71.1
2026-08-20T11:04:49.333073,100568.27,100568.27,0.0001,38,71.1
2026-08-20T11:05:50.901149,100568.27,100568.27,0.0001,38,71.1
2026-08-20T11:06:52.205840,100568.27,100568.27,0.0001,38,71.1
2026-08-20T11:07:53.351822,100568.27,100568.27,0.0002,38,71.1
2026-08-20T11:08:54.573487,100568.27,100568.27,0.0002,38,71.1
2026-08-20T11:09:55.917211,100568.27,100568.27,0.0002,38,71.1
2026-08-20T11:10:57.045857,100568.27,100568.27,0.0003,38,71.1
2026-08-20T11:11:58.485508,100568.27,100568.27,0.0002,38,71.1
2026-08-20T11:12:59.519980,100568.27,100568.27,0.0002,38,71.1
2026-08-20T11:14:00.649147,100568.27,100568.27,0.0002,38,71.1
2026-08-20T11:15:02.198601,100568.27,100568.27,0.0002,38,71.1
2026-08-20T11:16:03.640594,100568.27,100568.27,0.0003,38,71.1
2026-08-20T11:17:04.780313,100568.27,100568.27,0.0002,38,71.1
2026-08-20T11:18:05.813503,100568.27,100568.27,0.0002,38,71.1
2026-08-20T11:19:07.041162,100568.27,100568.27,0.0002,38,71.1
2026-08-20T11:20:08.077229,100568.27,100568.27,0.0002,38,71.1
2026-08-20T11:21:09.222674,100568.27,100568.27,0.0002,38,71.1
2026-08-20T11:22:10.404188,100568.27,100568.27,0.0002,38,71.1
2026-08-20T11:23:11.581923,100568.27,100568.27,0.0001,38,71.1
2026-08-20T11:24:12.716749,100568.27,100568.27,0.0002,38,71.1
2026-08-20T11:25:13.852208,100568.27,100568.27,0.0002,38,71.1
2026-08-20T11:26:14.987634,100568.27,100568.27,0.0002,38,71.1
2026-08-20T11:27:16.219893,100568.27,100568.27,0.0001,38,71.1
2026-08-20T11:28:17.661198,100568.27,100568.27,0.0002,38,71.1
2026-08-20T11:29:18.900220,100568.27,100568.27,0.0002,38,71.1
2026-08-20T11:30:20.355295,100568.27,100568.27,0.0002,38,71.1
2026-08-20T11:31:21.643003,100568.27,100568.27,0.0001,38,71.1
2026-08-20T11:32:23.021127,100568.27,100568.27,0.0000,38,71.1
2026-08-20T11:33:24.256560,100568.27,100568.27,0.0000,38,71.1
2026-08-20T11:34:27.857556,100600.34,100600.34,0.0000,39,71.8
2026-08-20T11:35:28.887134,100600.34,100600.34,0.0000,39,71.8
2026-08-20T11:36:30.105692,100600.34,100600.34,0.0000,39,71.8
2026-08-20T11:37:31.263298,100600.34,100600.34,0.0001,39,71.8
2026-08-20T11:38:32.706470,100600.34,100600.34,0.0000,39,71.8
2026-08-20T11:39:34.286450,100600.34,100600.34,0.0000,39,71.8
2026-08-20T11:40:35.512104,100600.34,100600.34,0.0000,39,71.8
2026-08-20T11:41:37.937871,100600.34,100600.34,0.0000,39,71.8
2026-08-20T11:42:39.316411,100600.34,100600.34,0.0000,39,71.8
2026-08-20T11:43:40.603816,100600.34,100600.34,0.0000,39,71.8
2026-08-20T11:44:41.757722,100600.34,100600.34,0.0001,39,71.8
2026-08-20T11:45:42.884168,100600.34,100600.34,0.0001,39,71.8
2026-08-20T11:46:44.304039,100600.34,100600.34,0.0001,39,71.8
2026-08-20T11:47:45.790863,100600.34,100600.34,0.0000,39,71.8
2026-08-20T11:48:47.223394,100600.34,100600.34,0.0000,39,71.8
2026-08-20T11:49:48.356967,100600.34,100600.34,0.0000,39,71.8
2026-08-20T11:50:50.336196,100600.34,100600.34,0.0000,39,71.8
2026-08-20T11:51:52.335409,100600.34,100600.34,0.0001,39,71.8
2026-08-20T11:52:53.846660,100600.34,100600.34,0.0001,39,71.8
2026-08-20T11:53:55.324535,100600.34,100600.34,0.0002,39,71.8
2026-08-20T11:54:56.565197,100600.34,100600.34,0.0002,39,71.8
2026-08-20T11:55:58.063694,100600.34,100600.34,0.0004,39,71.8
2026-08-20T11:56:59.497577,100600.34,100600.34,0.0004,39,71.8
2026-08-20T11:58:01.537664,100600.34,100600.34,0.0004,39,71.8
2026-08-20T11:59:02.917933,100600.34,100600.34,0.0004,39,71.8
2026-08-20T12:00:04.421912,100600.34,100600.34,0.0004,39,71.8
2026-08-20T12:01:06.631759,100600.34,100600.34,0.0004,39,71.8
2026-08-20T12:02:07.918218,100600.34,100600.34,0.0003,39,71.8
2026-08-20T12:03:09.214235,100600.34,100600.34,0.0004,39,71.8
2026-08-20T12:04:10.620074,100600.34,100600.34,0.0005,39,71.8
2026-08-20T12:05:11.815359,100600.34,100600.34,0.0005,39,71.8
2026-08-20T12:06:13.148229,100600.34,100600.34,0.0006,39,71.8
2026-08-20T12:07:14.477760,100600.34,100600.34,0.0008,39,71.8
2026-08-20T12:08:15.708089,100600.34,100600.34,0.0008,39,71.8
2026-08-20T12:09:16.870099,100600.34,100600.34,0.0009,39,71.8
2026-08-20T12:10:18.536455,100600.34,100600.34,0.0007,39,71.8
2026-08-20T12:11:19.924648,100600.34,100600.34,0.0007,39,71.8
2026-08-20T12:12:21.582468,100600.34,100600.34,0.0007,39,71.8
2026-08-20T12:13:24.338730,100600.34,100600.34,0.0007,39,71.8
2026-08-20T12:14:25.673927,100600.34,100600.34,0.0007,39,71.8
2026-08-20T12:15:26.970548,100600.34,100600.34,0.0007,39,71.8
2026-08-20T12:16:38.299194,100592.55,100592.55,0.0007,40,70.0
2026-08-20T12:17:39.702725,100592.55,100592.55,0.0008,40,70.0
2026-08-20T12:18:40.852333,100592.55,100592.55,0.0008,40,70.0
2026-08-20T12:19:41.985804,100592.55,100592.55,0.0008,40,70.0
2026-08-20T12:20:43.016787,100592.55,100592.55,0.0007,40,70.0
2026-08-20T12:21:44.144373,100592.55,100592.55,0.0007,40,70.0
2026-08-20T12:22:45.181982,100592.55,100592.55,0.0007,40,70.0
2026-08-20T12:23:46.228823,100592.55,100592.55,0.0007,40,70.0
2026-08-20T12:24:47.349747,100592.55,100592.55,0.0007,40,70.0
2026-08-20T12:25:48.360295,100592.55,100592.55,0.0006,40,70.0
2026-08-20T12:26:49.511076,100592.55,100592.55,0.0007,40,70.0
2026-08-20T12:27:50.701098,100592.55,100592.55,0.0006,40,70.0
2026-08-20T12:28:51.778144,100592.55,100592.55,0.0007,40,70.0
2026-08-20T12:29:52.845983,100592.55,100592.55,0.0007,40,70.0
2026-08-20T12:30:53.984056,100592.55,100592.55,0.0006,40,70.0
2026-08-20T12:31:55.135982,100592.55,100592.55,0.0006,40,70.0
2026-08-20T12:32:56.210799,100592.55,100592.55,0.0006,40,70.0
2026-08-20T12:33:57.241465,100592.55,100592.55,0.0007,40,70.0
2026-08-20T12:34:58.274642,100592.55,100592.55,0.0007,40,70.0
2026-08-20T12:35:59.354366,100592.55,100592.55,0.0007,40,70.0
2026-08-20T12:37:00.450231,100592.55,100592.55,0.0007,40,70.0
2026-08-20T12:38:01.678631,100592.55,100592.55,0.0007,40,70.0
2026-08-20T12:39:02.856691,100592.55,100592.55,0.0007,40,70.0
2026-08-20T12:40:03.890487,100592.55,100592.55,0.0006,40,70.0
2026-08-20T12:41:04.977364,100592.55,100592.55,0.0006,40,70.0
2026-08-20T12:42:06.365726,100592.55,100592.55,0.0006,40,70.0
2026-08-20T12:43:07.646658,100592.55,100592.55,0.0006,40,70.0
2026-08-20T12:44:08.688380,100592.55,100592.55,0.0007,40,70.0
2026-08-20T12:45:09.846257,100592.55,100592.55,0.0007,40,70.0
2026-08-20T12:46:11.001295,100592.55,100592.55,0.0007,40,70.0
2026-08-20T12:47:12.182902,100592.55,100592.55,0.0008,40,70.0
2026-08-20T12:48:13.313931,100592.55,100592.55,0.0009,40,70.0
2026-08-20T12:49:14.375014,100592.55,100592.55,0.0008,40,70.0
2026-08-20T12:50:15.487842,100592.55,100592.55,0.0008,40,70.0
2026-08-20T12:51:18.992472,100563.48,100563.48,0.0007,41,68.3
2026-08-20T12:52:20.209934,100563.48,100563.48,0.0007,41,68.3
2026-08-20T12:53:21.289700,100563.48,100563.48,0.0006,41,68.3
2026-08-20T12:54:22.448667,100563.48,100563.48,0.0005,41,68.3
2026-08-20T12:55:23.716028,100563.48,100563.48,0.0005,41,68.3
2026-08-20T12:56:24.743094,100563.48,100563.48,0.0005,41,68.3
2026-08-20T12:57:25.880418,100563.48,100563.48,0.0005,41,68.3
2026-08-20T12:58:26.906402,100563.48,100563.48,0.0005,41,68.3
2026-08-20T12:59:28.041842,100563.48,100563.48,0.0005,41,68.3
2026-08-20T13:00:29.201978,100563.48,100563.48,0.0005,41,68.3
2026-08-20T13:01:30.308080,100563.48,100563.48,0.0005,41,68.3
2026-08-20T13:02:31.445432,100563.48,100563.48,0.0005,41,68.3
2026-08-20T13:03:32.576359,100563.48,100563.48,0.0005,41,68.3
2026-08-20T13:04:33.690859,100563.48,100563.48,0.0004,41,68.3
2026-08-20T13:05:34.711921,100563.48,100563.48,0.0004,41,68.3
2026-08-20T13:06:36.025668,100563.48,100563.48,0.0003,41,68.3
2026-08-20T13:07:37.110675,100563.48,100563.48,0.0003,41,68.3
2026-08-20T13:08:38.350510,100563.48,100563.48,0.0003,41,68.3
2026-08-20T13:09:39.483825,100563.48,100563.48,0.0004,41,68.3
2026-08-20T13:10:40.686926,100563.48,100563.48,0.0004,41,68.3
2026-08-20T13:11:41.891051,100563.48,100563.48,0.0005,41,68.3
2026-08-20T13:12:42.854898,100563.48,100563.48,0.0004,41,68.3
2026-08-20T13:13:43.913669,100563.48,100563.48,0.0004,41,68.3
2026-08-20T13:14:44.853975,100563.48,100563.48,0.0004,41,68.3
2026-08-20T13:15:45.930269,100563.48,100563.48,0.0004,41,68.3
2026-08-20T13:16:47.010578,100563.48,100563.48,0.0004,41,68.3
2026-08-20T13:17:48.144651,100563.48,100563.48,0.0004,41,68.3
2026-08-20T13:18:49.277189,100563.48,100563.48,0.0004,41,68.3
2026-08-20T13:19:50.307249,100563.48,100563.48,0.0004,41,68.3
2026-08-20T13:20:51.338726,100563.48,100563.48,0.0004,41,68.3
2026-08-20T13:21:52.471686,100563.48,100563.48,0.0004,41,68.3
2026-08-20T13:22:53.563515,100563.48,100563.48,0.0004,41,68.3
2026-08-20T13:23:54.695873,100563.48,100563.48,0.0004,41,68.3
2026-08-20T13:24:55.779648,100563.48,100563.48,0.0004,41,68.3
2026-08-20T13:25:56.823539,100563.48,100563.48,0.0005,41,68.3
2026-08-20T13:26:57.953996,100563.48,100563.48,0.0005,41,68.3
2026-08-20T13:27:59.103233,100563.48,100563.48,0.0005,41,68.3
2026-08-20T13:29:00.107665,100563.48,100563.48,0.0005,41,68.3
2026-08-20T13:30:01.449302,100563.48,100563.48,0.0005,41,68.3
2026-08-20T13:31:02.735280,100563.48,100563.48,0.0007,41,68.3
2026-08-20T13:32:04.019412,100563.48,100563.48,0.0009,41,68.3
2026-08-20T13:33:06.784174,100556.66,100556.66,0.0008,42,66.7
2026-08-20T14:25:09.933535,100556.66,100556.66,0.0007,42,66.7
2026-08-20T14:26:12.165975,100556.66,100556.66,0.0008,42,66.7
2026-08-20T14:27:13.523197,100556.66,100556.66,0.0007,42,66.7
2026-08-20T14:28:14.564458,100556.66,100556.66,0.0009,42,66.7
2026-08-20T14:29:15.798599,100556.66,100556.66,0.0009,42,66.7
2026-08-20T14:30:17.028676,100556.66,100556.66,0.0009,42,66.7
2026-08-20T14:31:18.107827,100556.66,100556.66,0.0008,42,66.7
2026-08-20T14:32:19.287752,100556.66,100556.66,0.0008,42,66.7
2026-08-20T14:33:21.077039,100556.66,100556.66,0.0007,42,66.7
2026-08-20T14:34:23.211945,100556.66,100556.66,0.0007,42,66.7
2026-08-20T14:35:24.655069,100556.66,100556.66,0.0008,42,66.7
2026-08-20T14:36:25.924700,100556.66,100556.66,0.0007,42,66.7
2026-08-20T14:37:27.084169,100556.66,100556.66,0.0007,42,66.7
2026-08-20T14:38:28.330387,100556.66,100556.66,0.0008,42,66.7
2026-08-20T14:39:29.344225,100556.66,100556.66,0.0008,42,66.7
2026-08-20T14:40:30.421072,100556.66,100556.66,0.0008,42,66.7
2026-08-20T14:41:31.608625,100556.66,100556.66,0.0007,42,66.7
2026-08-20T14:42:32.790272,100556.66,100556.66,0.0008,42,66.7
2026-08-20T14:43:34.085293,100556.66,100556.66,0.0008,42,66.7
2026-08-20T14:44:35.187961,100556.66,100556.66,0.0008,42,66.7
2026-08-20T14:45:36.570748,100556.66,100556.66,0.0009,42,66.7
2026-08-20T14:46:27.549686,100556.66,100556.66,0.0009,42,66.7
2026-08-20T14:46:45.119946,100556.66,100556.66,0.0009,42,66.7
2026-08-20T14:48:36.437024,100556.66,100556.66,0.0009,42,66.7
2026-08-20T14:49:39.191426,100556.66,100556.66,0.0009,42,66.7
2026-08-20T14:50:40.457130,100556.66,100556.66,0.0008,42,66.7
2026-08-20T14:51:41.477554,100556.66,100556.66,0.0007,42,66.7
2026-08-20T14:52:42.802069,100556.66,100556.66,0.0007,42,66.7
2026-08-20T14:53:44.013041,100556.66,100556.66,0.0007,42,66.7
2026-08-20T14:54:45.399372,100556.66,100556.66,0.0007,42,66.7
2026-08-20T14:55:46.525555,100556.66,100556.66,0.0007,42,66.7
2026-08-20T14:56:47.890641,100556.66,100556.66,0.0007,42,66.7
2026-08-20T14:57:49.092424,100556.66,100556.66,0.0007,42,66.7
2026-08-20T14:58:50.420489,100556.66,100556.66,0.0007,42,66.7
2026-08-20T14:59:54.219452,100554.84,100554.84,0.0007,43,65.1
2026-08-20T15:00:55.374588,100554.84,100554.84,0.0006,43,65.1
2026-08-20T15:01:56.744518,100554.84,100554.84,0.0005,43,65.1
2026-08-20T15:02:57.931987,100554.84,100554.84,0.0004,43,65.1
2026-08-20T15:03:59.064780,100554.84,100554.84,0.0002,43,65.1
2026-08-20T15:05:00.249299,100554.84,100554.84,0.0002,43,65.1
2026-08-20T15:06:01.273280,100554.84,100554.84,0.0003,43,65.1
2026-08-20T15:07:02.459029,100554.84,100554.84,0.0003,43,65.1
2026-08-20T15:08:03.756963,100554.84,100554.84,0.0003,43,65.1
2026-08-20T15:09:04.793373,100554.84,100554.84,0.0004,43,65.1
2026-08-20T15:10:05.996234,100554.84,100554.84,0.0004,43,65.1
2026-08-20T15:11:07.036292,100554.84,100554.84,0.0003,43,65.1
2026-08-20T15:12:08.098539,100554.84,100554.84,0.0003,43,65.1
2026-08-20T15:13:09.385245,100554.84,100554.84,0.0002,43,65.1
2026-08-20T15:14:10.492898,100554.84,100554.84,0.0002,43,65.1
2026-08-20T15:15:11.734343,100554.84,100554.84,0.0002,43,65.1
2026-08-20T15:16:13.396202,100554.84,100554.84,0.0003,43,65.1
2026-08-20T15:17:14.545773,100554.84,100554.84,0.0003,43,65.1
2026-08-20T15:18:15.684235,100554.84,100554.84,0.0003,43,65.1
2026-08-20T15:19:17.008633,100554.84,100554.84,0.0002,43,65.1
2026-08-20T15:20:18.236296,100554.84,100554.84,0.0001,43,65.1
2026-08-20T15:21:19.363204,100554.84,100554.84,0.0001,43,65.1
2026-08-20T15:22:20.599033,100554.84,100554.84,0.0002,43,65.1
2026-08-20T15:23:21.933753,100554.84,100554.84,0.0003,43,65.1
2026-08-20T15:24:22.997965,100554.84,100554.84,0.0003,43,65.1
2026-08-20T15:25:24.123496,100554.84,100554.84,0.0003,43,65.1
2026-08-20T15:26:25.328942,100554.84,100554.84,0.0002,43,65.1
2026-08-20T15:27:26.476159,100554.84,100554.84,0.0002,43,65.1
2026-08-20T15:28:27.674854,100554.84,100554.84,0.0001,43,65.1
2026-08-20T15:29:28.668975,100554.84,100554.84,0.0001,43,65.1
2026-08-20T15:30:29.805697,100554.84,100554.84,0.0000,43,65.1
2026-08-20T15:31:31.105803,100554.84,100554.84,0.0000,43,65.1
2026-08-20T15:32:32.328229,100554.84,100554.84,0.0000,43,65.1
2026-08-20T15:33:33.596797,100554.84,100554.84,0.0001,43,65.1
2026-08-20T15:34:34.819663,100554.84,100554.84,0.0001,43,65.1
2026-08-20T15:35:35.945261,100554.84,100554.84,0.0003,43,65.1
2026-08-20T15:36:37.283624,100554.84,100554.84,0.0003,43,65.1
2026-08-20T15:37:38.626603,100554.84,100554.84,0.0004,43,65.1
2026-08-20T15:38:39.757902,100554.84,100554.84,0.0004,43,65.1
2026-08-20T15:39:40.991904,100554.84,100554.84,0.0004,43,65.1
2026-08-20T15:40:42.211391,100554.84,100554.84,0.0004,43,65.1
2026-08-20T15:41:45.372182,100582.22,100582.22,0.0003,44,65.9
2026-08-20T15:42:46.411730,100582.22,100582.22,0.0003,44,65.9
2026-08-20T15:43:47.596086,100582.22,100582.22,0.0003,44,65.9
2026-08-20T15:44:48.715146,100582.22,100582.22,0.0003,44,65.9
2026-08-20T15:45:49.777909,100582.22,100582.22,0.0003,44,65.9
2026-08-20T15:46:51.073389,100582.22,100582.22,0.0003,44,65.9
2026-08-20T15:47:52.517148,100582.22,100582.22,0.0002,44,65.9
2026-08-20T15:48:53.559145,100582.22,100582.22,0.0002,44,65.9
2026-08-20T15:49:54.498020,100582.22,100582.22,0.0001,44,65.9
2026-08-20T15:50:55.610954,100582.22,100582.22,0.0001,44,65.9
2026-08-20T15:51:58.850485,100642.55,100642.55,0.0000,45,66.7
2026-08-20T15:53:00.035595,100642.55,100642.55,0.0000,45,66.7
2026-08-20T15:54:01.368064,100642.55,100642.55,0.0000,45,66.7
2026-08-20T15:55:02.509169,100642.55,100642.55,0.0000,45,66.7
2026-08-20T15:56:03.634906,100642.55,100642.55,0.0000,45,66.7
2026-08-20T15:57:04.665715,100642.55,100642.55,0.0001,45,66.7
2026-08-20T15:58:05.698032,100642.55,100642.55,0.0001,45,66.7
2026-08-20T15:59:06.800934,100642.55,100642.55,0.0001,45,66.7
2026-08-20T16:00:07.978667,100642.55,100642.55,0.0001,45,66.7
2026-08-20T16:01:09.141779,100642.55,100642.55,0.0002,45,66.7
2026-08-20T16:02:10.223234,100642.55,100642.55,0.0002,45,66.7
2026-08-20T16:03:11.304252,100642.55,100642.55,0.0001,45,66.7
2026-08-20T16:04:12.500119,100642.55,100642.55,0.0002,45,66.7
2026-08-20T16:05:13.740114,100642.55,100642.55,0.0002,45,66.7
2026-08-20T16:06:14.972229,100642.55,100642.55,0.0001,45,66.7
2026-08-20T16:07:16.052340,100642.55,100642.55,0.0001,45,66.7
2026-08-20T16:08:17.142196,100642.55,100642.55,0.0001,45,66.7
2026-08-20T16:09:18.256626,100642.55,100642.55,0.0001,45,66.7
2026-08-20T16:10:19.407701,100642.55,100642.55,0.0001,45,66.7
2026-08-20T16:11:20.539073,100642.55,100642.55,0.0001,45,66.7
2026-08-20T16:12:21.677544,100642.55,100642.55,0.0002,45,66.7
2026-08-20T16:13:22.814869,100642.55,100642.55,0.0002,45,66.7
2026-08-20T16:14:24.035819,100642.55,100642.55,0.0003,45,66.7
2026-08-20T16:15:25.134686,100642.55,100642.55,0.0002,45,66.7
2026-08-20T16:16:26.207706,100642.55,100642.55,0.0002,45,66.7
2026-08-20T16:17:27.305764,100642.55,100642.55,0.0003,45,66.7
2026-08-20T16:18:28.599944,100642.55,100642.55,0.0003,45,66.7
2026-08-20T16:19:29.773743,100642.55,100642.55,0.0002,45,66.7
2026-08-20T16:20:30.942972,100642.55,100642.55,0.0003,45,66.7
2026-08-20T16:21:32.296172,100642.55,100642.55,0.0002,45,66.7
2026-08-20T16:22:33.624175,100642.55,100642.55,0.0002,45,66.7
2026-08-20T16:23:35.581393,100642.55,100642.55,0.0002,45,66.7
2026-08-20T16:24:36.863048,100642.55,100642.55,0.0003,45,66.7
2026-08-20T16:25:38.106199,100642.55,100642.55,0.0002,45,66.7
2026-08-20T16:26:39.421912,100642.55,100642.55,0.0002,45,66.7
2026-08-20T16:27:40.729195,100642.55,100642.55,0.0002,45,66.7
2026-08-20T16:28:42.074689,100642.55,100642.55,0.0002,45,66.7
2026-08-20T16:29:43.242572,100642.55,100642.55,0.0001,45,66.7
2026-08-20T16:30:44.435016,100642.55,100642.55,0.0002,45,66.7
2026-08-20T16:31:45.780348,100642.55,100642.55,0.0002,45,66.7
2026-08-20T16:32:46.910467,100642.55,100642.55,0.0002,45,66.7
2026-08-20T16:33:48.123353,100642.55,100642.55,0.0001,45,66.7
2026-08-20T16:34:49.282750,100642.55,100642.55,0.0001,45,66.7
2026-08-20T16:35:50.626434,100642.55,100642.55,0.0001,45,66.7
2026-08-20T16:36:51.839992,100642.55,100642.55,0.0002,45,66.7
2026-08-20T16:37:52.987045,100642.55,100642.55,0.0001,45,66.7
2026-08-20T16:38:54.231069,100642.55,100642.55,0.0001,45,66.7
2026-08-20T16:39:55.466596,100642.55,100642.55,0.0001,45,66.7
2026-08-20T16:40:56.459602,100642.55,100642.55,0.0000,45,66.7
2026-08-20T16:41:57.637160,100642.55,100642.55,0.0000,45,66.7
2026-08-20T16:42:58.969597,100642.55,100642.55,0.0000,45,66.7
2026-08-20T16:44:00.333498,100642.55,100642.55,0.0000,45,66.7
2026-08-20T16:45:01.787018,100642.55,100642.55,0.0001,45,66.7
2026-08-20T16:46:03.119947,100642.55,100642.55,0.0002,45,66.7
2026-08-20T16:47:04.583548,100642.55,100642.55,0.0001,45,66.7
2026-08-20T16:48:06.198393,100642.55,100642.55,0.0001,45,66.7
2026-08-20T16:49:07.520474,100642.55,100642.55,0.0002,45,66.7
2026-08-20T16:50:08.770361,100642.55,100642.55,0.0002,45,66.7
2026-08-20T16:51:10.194003,100642.55,100642.55,0.0002,45,66.7
2026-08-20T16:52:11.535586,100642.55,100642.55,0.0003,45,66.7
2026-08-20T16:53:12.861164,100642.55,100642.55,0.0002,45,66.7
2026-08-20T16:54:13.994184,100642.55,100642.55,0.0002,45,66.7
2026-08-20T16:55:15.234203,100642.55,100642.55,0.0003,45,66.7
2026-08-20T16:56:16.343861,100642.55,100642.55,0.0001,45,66.7
2026-08-20T16:57:17.604273,100642.55,100642.55,0.0001,45,66.7
2026-08-20T16:58:20.680420,100662.51,100662.51,0.0002,46,67.4
2026-08-20T16:59:21.917645,100662.51,100662.51,0.0001,46,67.4
2026-08-20T17:00:23.050114,100662.51,100662.51,0.0002,46,67.4
2026-08-20T17:01:24.290153,100662.51,100662.51,0.0001,46,67.4
2026-08-20T17:02:25.524452,100662.51,100662.51,0.0001,46,67.4
2026-08-20T17:03:26.863607,100662.51,100662.51,0.0001,46,67.4
2026-08-20T17:04:27.895123,100662.51,100662.51,0.0001,46,67.4
2026-08-20T17:05:29.128907,100662.51,100662.51,0.0002,46,67.4
2026-08-20T17:06:30.437175,100662.51,100662.51,0.0002,46,67.4
2026-08-20T17:07:31.665068,100662.51,100662.51,0.0002,46,67.4
2026-08-20T17:08:34.657470,100676.06,100676.06,0.0002,47,68.1
2026-08-20T17:09:35.907849,100676.06,100676.06,0.0002,47,68.1
2026-08-20T17:10:37.064924,100676.06,100676.06,0.0003,47,68.1
2026-08-20T17:11:38.109506,100676.06,100676.06,0.0003,47,68.1
2026-08-20T17:12:39.113945,100676.06,100676.06,0.0002,47,68.1
2026-08-20T17:13:40.560824,100676.06,100676.06,0.0002,47,68.1
2026-08-20T17:14:41.694410,100676.06,100676.06,0.0003,47,68.1
2026-08-20T17:15:42.925433,100676.06,100676.06,0.0003,47,68.1
2026-08-20T17:16:44.525757,100676.06,100676.06,0.0003,47,68.1
2026-08-20T17:17:45.602039,100676.06,100676.06,0.0002,47,68.1
2026-08-20T17:18:46.744457,100676.06,100676.06,0.0002,47,68.1
2026-08-20T17:19:47.774045,100676.06,100676.06,0.0002,47,68.1
2026-08-20T17:20:48.903531,100676.06,100676.06,0.0003,47,68.1
2026-08-20T17:21:50.040738,100676.06,100676.06,0.0002,47,68.1
2026-08-20T17:22:51.069135,100676.06,100676.06,0.0002,47,68.1
2026-08-20T17:23:52.303123,100676.06,100676.06,0.0002,47,68.1
2026-08-20T17:24:53.642777,100676.06,100676.06,0.0002,47,68.1
2026-08-20T17:25:54.980137,100676.06,100676.06,0.0002,47,68.1
2026-08-20T17:26:56.218687,100676.06,100676.06,0.0001,47,68.1
2026-08-20T17:27:57.458378,100676.06,100676.06,0.0002,47,68.1
2026-08-20T17:28:58.844437,100676.06,100676.06,0.0001,47,68.1
2026-08-20T17:29:59.927457,100676.06,100676.06,0.0001,47,68.1
2026-08-20T17:31:01.059194,100676.06,100676.06,0.0001,47,68.1
2026-08-20T17:32:02.304892,100676.06,100676.06,0.0001,47,68.1
2026-08-20T17:33:03.436905,100676.06,100676.06,0.0001,47,68.1
2026-08-20T17:34:04.569921,100676.06,100676.06,0.0001,47,68.1
2026-08-20T17:35:05.704229,100676.06,100676.06,0.0002,47,68.1
2026-08-20T17:36:06.748147,100676.06,100676.06,0.0002,47,68.1
2026-08-20T17:37:07.901481,100676.06,100676.06,0.0002,47,68.1
2026-08-20T17:38:08.999847,100676.06,100676.06,0.0001,47,68.1
2026-08-20T17:39:10.131389,100676.06,100676.06,0.0001,47,68.1
2026-08-20T17:40:11.164768,100676.06,100676.06,0.0001,47,68.1
2026-08-20T17:41:12.299571,100676.06,100676.06,0.0001,47,68.1
2026-08-20T17:42:13.633820,100676.06,100676.06,0.0001,47,68.1
2026-08-20T17:43:14.777264,100676.06,100676.06,0.0002,47,68.1
2026-08-20T17:44:16.110564,100676.06,100676.06,0.0001,47,68.1
2026-08-20T17:45:17.240257,100676.06,100676.06,0.0001,47,68.1
2026-08-20T17:46:18.480179,100676.06,100676.06,0.0001,47,68.1
2026-08-20T17:47:19.619133,100676.06,100676.06,0.0001,47,68.1
2026-08-20T17:48:20.948039,100676.06,100676.06,0.0001,47,68.1
2026-08-20T17:49:22.084529,100676.06,100676.06,0.0001,47,68.1
2026-08-20T17:50:23.320782,100676.06,100676.06,0.0001,47,68.1
2026-08-20T17:51:24.457032,100676.06,100676.06,0.0001,47,68.1
2026-08-20T17:52:25.585444,100676.06,100676.06,0.0000,47,68.1
2026-08-20T17:53:26.617328,100676.06,100676.06,0.0001,47,68.1
2026-08-20T17:54:27.694598,100676.06,100676.06,0.0000,47,68.1
2026-08-20T17:55:29.007661,100676.06,100676.06,0.0001,47,68.1
2026-08-20T17:56:30.224610,100676.06,100676.06,0.0001,47,68.1
2026-08-20T17:57:31.946432,100676.06,100676.06,0.0001,47,68.1
2026-08-20T17:58:34.484037,100676.06,100676.06,0.0000,47,68.1
2026-08-20T17:59:35.787335,100676.06,100676.06,0.0001,47,68.1
2026-08-20T18:00:37.017115,100676.06,100676.06,0.0001,47,68.1
2026-08-20T18:01:38.246842,100676.06,100676.06,0.0002,47,68.1
2026-08-20T18:02:39.284293,100676.06,100676.06,0.0002,47,68.1
2026-08-20T18:03:40.335124,100676.06,100676.06,0.0003,47,68.1
2026-08-20T18:04:41.443744,100676.06,100676.06,0.0003,47,68.1
2026-08-20T18:05:42.577472,100676.06,100676.06,0.0003,47,68.1
2026-08-20T18:06:43.711587,100676.06,100676.06,0.0004,47,68.1
2026-08-20T18:07:44.741417,100676.06,100676.06,0.0003,47,68.1
2026-08-20T18:08:45.980591,100676.06,100676.06,0.0004,47,68.1
2026-08-20T18:09:47.115664,100676.06,100676.06,0.0004,47,68.1
2026-08-20T18:10:48.245783,100676.06,100676.06,0.0004,47,68.1
2026-08-20T18:11:49.379258,100676.06,100676.06,0.0004,47,68.1
2026-08-20T18:12:50.512748,100676.06,100676.06,0.0005,47,68.1
2026-08-20T18:13:51.749122,100676.06,100676.06,0.0004,47,68.1
2026-08-20T18:14:54.783706,100670.31,100670.31,0.0004,48,66.7
2026-08-20T18:15:55.861165,100670.31,100670.31,0.0004,48,66.7
2026-08-20T18:16:56.943739,100670.31,100670.31,0.0005,48,66.7
2026-08-20T18:17:58.004209,100670.31,100670.31,0.0005,48,66.7
2026-08-20T18:18:59.023298,100670.31,100670.31,0.0004,48,66.7
2026-08-20T18:20:00.078348,100670.31,100670.31,0.0004,48,66.7
2026-08-20T18:21:01.085113,100670.31,100670.31,0.0003,48,66.7
2026-08-20T18:22:02.114880,100670.31,100670.31,0.0003,48,66.7
2026-08-20T18:23:03.183312,100670.31,100670.31,0.0003,48,66.7
2026-08-20T18:24:04.208194,100670.31,100670.31,0.0003,48,66.7
2026-08-20T18:25:07.216812,100661.43,100661.43,0.0003,49,65.3
2026-08-20T18:26:08.473518,100661.43,100661.43,0.0003,49,65.3
2026-08-20T18:27:09.485245,100661.43,100661.43,0.0004,49,65.3
2026-08-20T18:28:10.591991,100661.43,100661.43,0.0004,49,65.3
2026-08-20T18:29:11.677125,100661.43,100661.43,0.0004,49,65.3
2026-08-20T18:30:12.716422,100661.43,100661.43,0.0004,49,65.3
2026-08-20T18:31:13.789626,100661.43,100661.43,0.0004,49,65.3
2026-08-20T18:32:14.898511,100661.43,100661.43,0.0005,49,65.3
2026-08-20T18:33:16.055653,100661.43,100661.43,0.0005,49,65.3
2026-08-20T18:34:17.806196,100661.43,100661.43,0.0006,49,65.3
2026-08-20T18:35:19.039182,100661.43,100661.43,0.0006,49,65.3
2026-08-20T18:36:20.071517,100661.43,100661.43,0.0006,49,65.3
2026-08-20T18:37:21.722412,100661.43,100661.43,0.0006,49,65.3
2026-08-20T18:38:22.850632,100661.43,100661.43,0.0006,49,65.3
2026-08-20T18:39:23.963898,100661.43,100661.43,0.0006,49,65.3
2026-08-20T18:40:25.014670,100661.43,100661.43,0.0007,49,65.3
2026-08-20T18:41:26.254495,100661.43,100661.43,0.0007,49,65.3
2026-08-20T18:42:27.289489,100661.43,100661.43,0.0007,49,65.3
2026-08-20T18:43:28.319030,100661.43,100661.43,0.0006,49,65.3
2026-08-20T18:44:29.451811,100661.43,100661.43,0.0006,49,65.3
2026-08-20T18:45:30.439224,100661.43,100661.43,0.0006,49,65.3
2026-08-20T18:46:31.612955,100661.43,100661.43,0.0006,49,65.3
2026-08-20T18:47:32.643936,100661.43,100661.43,0.0006,49,65.3
2026-08-20T18:48:33.660095,100661.43,100661.43,0.0005,49,65.3
2026-08-20T18:49:34.810047,100661.43,100661.43,0.0005,49,65.3
2026-08-20T18:50:37.056478,100661.43,100661.43,0.0005,49,65.3
2026-08-20T18:51:38.000363,100661.43,100661.43,0.0005,49,65.3
2026-08-20T18:52:39.042914,100661.43,100661.43,0.0005,49,65.3
2026-08-20T18:53:40.184624,100661.43,100661.43,0.0005,49,65.3
2026-08-20T18:54:41.298755,100661.43,100661.43,0.0006,49,65.3
2026-08-20T18:55:42.421276,100661.43,100661.43,0.0006,49,65.3
2026-08-20T18:56:43.525997,100661.43,100661.43,0.0005,49,65.3
2026-08-20T18:57:45.784370,100661.43,100661.43,0.0005,49,65.3
2026-08-20T18:58:46.855874,100661.43,100661.43,0.0006,49,65.3
2026-08-20T18:59:47.990423,100661.43,100661.43,0.0006,49,65.3
2026-08-20T19:00:49.232435,100661.43,100661.43,0.0006,49,65.3
2026-08-20T19:01:50.360345,100661.43,100661.43,0.0007,49,65.3
2026-08-20T19:02:51.318434,100661.43,100661.43,0.0006,49,65.3
2026-08-20T19:03:52.382376,100661.43,100661.43,0.0007,49,65.3
2026-08-20T19:04:53.858060,100661.43,100661.43,0.0006,49,65.3
2026-08-20T19:05:54.913760,100661.43,100661.43,0.0006,49,65.3
2026-08-20T19:06:56.027241,100661.43,100661.43,0.0006,49,65.3
2026-08-20T19:07:57.063927,100661.43,100661.43,0.0006,49,65.3
2026-08-20T19:08:58.195906,100661.43,100661.43,0.0006,49,65.3
2026-08-20T19:09:59.329085,100661.43,100661.43,0.0006,49,65.3
2026-08-20T19:11:00.465735,100661.43,100661.43,0.0005,49,65.3
2026-08-20T19:12:01.509840,100661.43,100661.43,0.0005,49,65.3
2026-08-20T19:13:02.625363,100661.43,100661.43,0.0006,49,65.3
2026-08-20T19:14:05.501056,100661.43,100661.43,0.0005,49,65.3
2026-08-20T19:15:06.844875,100661.43,100661.43,0.0005,49,65.3
2026-08-20T19:16:08.496647,100661.43,100661.43,0.0005,49,65.3
2026-08-20T19:17:09.773909,100661.43,100661.43,0.0005,49,65.3
2026-08-20T19:18:10.714443,100661.43,100661.43,0.0005,49,65.3
2026-08-20T19:19:11.773248,100661.43,100661.43,0.0005,49,65.3
2026-08-20T19:20:14.586027,100661.43,100661.43,0.0005,49,65.3
2026-08-20T19:21:15.464748,100661.43,100661.43,0.0005,49,65.3
2026-08-20T19:22:16.425133,100661.43,100661.43,0.0004,49,65.3
2026-08-20T19:23:17.600106,100661.43,100661.43,0.0004,49,65.3
2026-08-20T19:24:18.608347,100661.43,100661.43,0.0004,49,65.3
2026-08-20T19:25:19.606806,100661.43,100661.43,0.0004,49,65.3
2026-08-20T19:26:20.705594,100661.43,100661.43,0.0004,49,65.3
2026-08-20T19:27:21.774384,100661.43,100661.43,0.0004,49,65.3
2026-08-20T19:28:22.798854,100661.43,100661.43,0.0004,49,65.3
2026-08-20T19:29:23.997637,100661.43,100661.43,0.0004,49,65.3
2026-08-20T19:30:25.278550,100661.43,100661.43,0.0004,49,65.3
2026-08-20T19:31:28.407788,100662.03,100662.03,0.0004,50,66.0
2026-08-20T19:32:29.491489,100662.03,100662.03,0.0004,50,66.0
2026-08-20T19:33:30.521985,100662.03,100662.03,0.0004,50,66.0
2026-08-20T19:34:31.520564,100662.03,100662.03,0.0005,50,66.0
2026-08-20T19:35:32.540154,100662.03,100662.03,0.0004,50,66.0
2026-08-20T19:36:33.513612,100662.03,100662.03,0.0004,50,66.0
2026-08-20T19:37:34.545425,100662.03,100662.03,0.0004,50,66.0
2026-08-20T19:38:36.703818,100662.03,100662.03,0.0004,50,66.0
2026-08-20T19:39:37.738266,100662.03,100662.03,0.0003,50,66.0
2026-08-20T19:40:38.798027,100662.03,100662.03,0.0003,50,66.0
2026-08-20T19:41:41.743089,100660.24,100660.24,0.0003,51,64.7
2026-08-20T19:42:43.183738,100660.24,100660.24,0.0003,51,64.7
2026-08-20T19:43:44.316440,100660.24,100660.24,0.0003,51,64.7
2026-08-20T19:44:45.342983,100660.24,100660.24,0.0003,51,64.7
2026-08-20T19:45:46.390573,100660.24,100660.24,0.0003,51,64.7
2026-08-20T19:46:47.410467,100660.24,100660.24,0.0004,51,64.7
2026-08-20T19:47:48.441750,100660.24,100660.24,0.0004,51,64.7
2026-08-20T19:48:49.472596,100660.24,100660.24,0.0004,51,64.7
2026-08-20T19:49:50.480104,100660.24,100660.24,0.0004,51,64.7
2026-08-20T19:50:51.638186,100660.24,100660.24,0.0004,51,64.7
2026-08-20T19:51:52.771584,100660.24,100660.24,0.0004,51,64.7
2026-08-20T19:52:53.740604,100660.24,100660.24,0.0003,51,64.7
2026-08-20T19:53:54.732236,100660.24,100660.24,0.0004,51,64.7
2026-08-20T19:54:55.968518,100660.24,100660.24,0.0004,51,64.7
2026-08-20T19:55:57.046742,100660.24,100660.24,0.0004,51,64.7
2026-08-20T19:56:58.132279,100660.24,100660.24,0.0004,51,64.7
2026-08-20T19:57:59.562345,100660.24,100660.24,0.0004,51,64.7
2026-08-20T19:59:00.603047,100660.24,100660.24,0.0004,51,64.7
2026-08-20T20:00:01.621914,100660.24,100660.24,0.0004,51,64.7
2026-08-20T20:01:02.762118,100660.24,100660.24,0.0004,51,64.7
2026-08-20T20:02:03.904703,100660.24,100660.24,0.0004,51,64.7
2026-08-20T20:03:04.935969,100660.24,100660.24,0.0004,51,64.7
2026-08-20T20:04:06.254000,100660.24,100660.24,0.0004,51,64.7
2026-08-20T20:05:07.304857,100660.24,100660.24,0.0004,51,64.7
2026-08-20T20:06:08.338362,100660.24,100660.24,0.0004,51,64.7
2026-08-20T20:07:09.368484,100660.24,100660.24,0.0004,51,64.7
2026-08-20T20:08:10.634859,100660.24,100660.24,0.0004,51,64.7
2026-08-20T20:09:11.744484,100660.24,100660.24,0.0004,51,64.7
2026-08-20T20:10:12.873104,100660.24,100660.24,0.0004,51,64.7
2026-08-20T20:11:13.965206,100660.24,100660.24,0.0004,51,64.7
2026-08-20T20:12:15.140270,100660.24,100660.24,0.0004,51,64.7
2026-08-20T20:13:16.175242,100660.24,100660.24,0.0004,51,64.7
2026-08-20T20:14:17.205266,100660.24,100660.24,0.0005,51,64.7
2026-08-20T20:15:18.131500,100660.24,100660.24,0.0005,51,64.7
2026-08-20T20:16:19.156774,100660.24,100660.24,0.0005,51,64.7
2026-08-20T20:17:20.297601,100660.24,100660.24,0.0005,51,64.7
2026-08-20T20:18:21.328782,100660.24,100660.24,0.0005,51,64.7
2026-08-20T20:19:22.360590,100660.24,100660.24,0.0004,51,64.7
2026-08-20T20:20:23.691727,100660.24,100660.24,0.0004,51,64.7
2026-08-20T20:21:24.666269,100660.24,100660.24,0.0005,51,64.7
2026-08-20T20:22:25.658666,100660.24,100660.24,0.0005,51,64.7
2026-08-20T20:23:26.609463,100660.24,100660.24,0.0004,51,64.7
2026-08-20T20:24:27.537561,100660.24,100660.24,0.0004,51,64.7
2026-08-20T20:25:28.650860,100660.24,100660.24,0.0004,51,64.7
2026-08-20T20:26:29.681972,100660.24,100660.24,0.0003,51,64.7
2026-08-20T20:27:30.713489,100660.24,100660.24,0.0003,51,64.7
2026-08-20T20:28:31.750150,100660.24,100660.24,0.0003,51,64.7
2026-08-20T20:29:32.980449,100660.24,100660.24,0.0003,51,64.7
2026-08-20T20:30:34.113685,100660.24,100660.24,0.0003,51,64.7
2026-08-20T20:31:35.131683,100660.24,100660.24,0.0003,51,64.7
2026-08-20T20:32:36.239468,100660.24,100660.24,0.0003,51,64.7
2026-08-20T20:33:37.311047,100660.24,100660.24,0.0002,51,64.7
2026-08-20T20:34:38.341743,100660.24,100660.24,0.0003,51,64.7
2026-08-20T20:35:39.330827,100660.24,100660.24,0.0003,51,64.7
2026-08-20T20:36:40.404076,100660.24,100660.24,0.0003,51,64.7
2026-08-20T20:37:41.436553,100660.24,100660.24,0.0003,51,64.7
2026-08-20T20:38:42.570408,100660.24,100660.24,0.0003,51,64.7
2026-08-20T20:39:43.673481,100660.24,100660.24,0.0004,51,64.7
2026-08-20T20:40:44.734659,100660.24,100660.24,0.0005,51,64.7
2026-08-20T20:41:45.771485,100660.24,100660.24,0.0004,51,64.7
2026-08-20T20:42:46.797483,100660.24,100660.24,0.0005,51,64.7
2026-08-20T20:43:47.828970,100660.24,100660.24,0.0004,51,64.7
2026-08-20T20:44:48.860428,100660.24,100660.24,0.0004,51,64.7
2026-08-20T20:45:49.771799,100660.24,100660.24,0.0004,51,64.7
2026-08-20T20:46:51.127551,100660.24,100660.24,0.0005,51,64.7
2026-08-20T20:47:54.282371,100664.44,100664.44,0.0005,52,65.4
2026-08-20T20:48:55.239295,100664.44,100664.44,0.0005,52,65.4
2026-08-20T20:49:56.576669,100664.44,100664.44,0.0005,52,65.4
2026-08-20T20:50:57.609569,100664.44,100664.44,0.0005,52,65.4
2026-08-20T20:51:58.536877,100664.44,100664.44,0.0005,52,65.4
2026-08-20T20:52:59.568770,100664.44,100664.44,0.0006,52,65.4
2026-08-20T20:54:00.906891,100664.44,100664.44,0.0006,52,65.4
2026-08-20T20:55:01.938172,100664.44,100664.44,0.0006,52,65.4
2026-08-20T20:56:02.971076,100664.44,100664.44,0.0005,52,65.4
2026-08-20T20:57:04.001266,100664.44,100664.44,0.0005,52,65.4
2026-08-20T20:58:07.104775,100648.82,100648.82,0.0005,53,64.2
2026-08-20T20:59:08.111592,100648.82,100648.82,0.0005,53,64.2
2026-08-20T21:00:09.142880,100648.82,100648.82,0.0005,53,64.2
2026-08-20T21:01:10.175536,100648.82,100648.82,0.0005,53,64.2
2026-08-20T21:02:11.103196,100648.82,100648.82,0.0005,53,64.2
2026-08-20T21:03:12.135575,100648.82,100648.82,0.0005,53,64.2
2026-08-20T21:04:13.165868,100648.82,100648.82,0.0006,53,64.2
2026-08-20T21:05:14.197193,100648.82,100648.82,0.0005,53,64.2
2026-08-20T21:06:15.228479,100648.82,100648.82,0.0006,53,64.2
2026-08-20T21:07:16.260371,100648.82,100648.82,0.0006,53,64.2
2026-08-20T21:08:17.292002,100648.82,100648.82,0.0005,53,64.2
2026-08-20T21:09:18.374748,100648.82,100648.82,0.0005,53,64.2
2026-08-20T21:10:19.456758,100648.82,100648.82,0.0005,53,64.2
2026-08-20T21:11:20.385152,100648.82,100648.82,0.0005,53,64.2
2026-08-20T21:12:21.697655,100648.82,100648.82,0.0005,53,64.2
2026-08-20T21:13:22.755534,100648.82,100648.82,0.0005,53,64.2
2026-08-20T21:14:23.786991,100648.82,100648.82,0.0004,53,64.2
2026-08-20T21:15:24.818351,100648.82,100648.82,0.0004,53,64.2
2026-08-20T21:16:25.737898,100648.82,100648.82,0.0004,53,64.2
2026-08-20T21:17:26.807714,100648.82,100648.82,0.0004,53,64.2
2026-08-20T21:18:27.815851,100648.82,100648.82,0.0004,53,64.2
2026-08-20T21:19:28.842156,100648.82,100648.82,0.0004,53,64.2
2026-08-20T21:20:29.872264,100648.82,100648.82,0.0005,53,64.2
2026-08-20T21:21:30.904442,100648.82,100648.82,0.0005,53,64.2
2026-08-20T21:22:31.935839,100648.82,100648.82,0.0005,53,64.2
2026-08-20T21:23:33.140401,100648.82,100648.82,0.0005,53,64.2
2026-08-20T21:24:34.202561,100648.82,100648.82,0.0005,53,64.2
2026-08-20T21:25:35.236094,100648.82,100648.82,0.0005,53,64.2
2026-08-20T21:26:36.266699,100648.82,100648.82,0.0005,53,64.2
2026-08-20T21:27:37.296631,100648.82,100648.82,0.0005,53,64.2
2026-08-20T21:28:38.328150,100648.82,100648.82,0.0006,53,64.2
2026-08-20T21:29:39.320347,100648.82,100648.82,0.0006,53,64.2
2026-08-20T21:30:40.288864,100648.82,100648.82,0.0005,53,64.2
2026-08-20T21:31:41.264517,100648.82,100648.82,0.0005,53,64.2
2026-08-20T21:32:42.146313,100648.82,100648.82,0.0005,53,64.2
2026-08-20T21:33:43.279504,100648.82,100648.82,0.0004,53,64.2
2026-08-20T21:34:44.251816,100648.82,100648.82,0.0004,53,64.2
2026-08-20T21:35:45.240488,100648.82,100648.82,0.0004,53,64.2
2026-08-20T21:36:46.211713,100648.82,100648.82,0.0004,53,64.2
2026-08-20T21:37:47.200301,100648.82,100648.82,0.0004,53,64.2
2026-08-20T21:38:48.182681,100648.82,100648.82,0.0004,53,64.2
2026-08-20T21:39:49.161636,100648.82,100648.82,0.0004,53,64.2
2026-08-20T21:40:50.397488,100648.82,100648.82,0.0004,53,64.2
2026-08-20T21:41:51.429079,100648.82,100648.82,0.0004,53,64.2
2026-08-20T21:42:52.357806,100648.82,100648.82,0.0004,53,64.2
2026-08-20T21:43:53.275866,100648.82,100648.82,0.0005,53,64.2
2026-08-20T21:44:54.273725,100648.82,100648.82,0.0005,53,64.2
2026-08-20T21:45:55.348753,100648.82,100648.82,0.0004,53,64.2
2026-08-20T21:46:56.687887,100648.82,100648.82,0.0004,53,64.2
2026-08-20T21:47:57.719205,100648.82,100648.82,0.0004,53,64.2
2026-08-20T21:48:58.750001,100648.82,100648.82,0.0005,53,64.2
2026-08-20T21:50:00.035192,100648.82,100648.82,0.0005,53,64.2
2026-08-20T21:51:01.074975,100648.82,100648.82,0.0005,53,64.2
2026-08-20T21:52:02.104545,100648.82,100648.82,0.0004,53,64.2
2026-08-20T21:53:03.004846,100648.82,100648.82,0.0004,53,64.2
2026-08-20T21:54:04.329303,100648.82,100648.82,0.0004,53,64.2
2026-08-20T21:55:05.279100,100648.82,100648.82,0.0005,53,64.2
2026-08-20T21:56:06.277337,100648.82,100648.82,0.0005,53,64.2
2026-08-20T21:57:07.269532,100648.82,100648.82,0.0005,53,64.2
2026-08-20T21:58:08.237027,100648.82,100648.82,0.0005,53,64.2
2026-08-20T21:59:09.135671,100648.82,100648.82,0.0005,53,64.2
2026-08-20T22:00:10.148560,100648.82,100648.82,0.0005,53,64.2
2026-08-20T22:01:11.116777,100648.82,100648.82,0.0005,53,64.2
2026-08-20T22:02:12.116699,100648.82,100648.82,0.0005,53,64.2
2026-08-20T22:03:13.056535,100648.82,100648.82,0.0006,53,64.2
2026-08-20T22:04:15.757614,100640.53,100640.53,0.0006,54,63.0
2026-08-20T22:05:16.787996,100640.53,100640.53,0.0006,54,63.0
2026-08-20T22:06:17.787290,100640.53,100640.53,0.0005,54,63.0
2026-08-20T22:07:18.747731,100640.53,100640.53,0.0006,54,63.0
2026-08-20T22:08:19.783832,100640.53,100640.53,0.0005,54,63.0
2026-08-20T22:09:20.810513,100640.53,100640.53,0.0006,54,63.0
2026-08-20T22:10:21.846555,100640.53,100640.53,0.0005,54,63.0
2026-08-20T22:11:22.871453,100640.53,100640.53,0.0006,54,63.0
2026-08-20T22:12:23.801913,100640.53,100640.53,0.0006,54,63.0
2026-08-20T22:13:24.730537,100640.53,100640.53,0.0006,54,63.0
2026-08-20T22:14:27.408583,100632.28,100632.28,0.0006,55,61.8
2026-08-20T23:05:29.307909,100632.28,100632.28,0.0005,55,61.8
2026-08-20T23:06:30.340689,100632.28,100632.28,0.0005,55,61.8
2026-08-20T23:07:32.394903,100632.28,100632.28,0.0005,55,61.8
2026-08-20T23:08:34.176539,100632.28,100632.28,0.0005,55,61.8
2026-08-20T23:09:35.378755,100632.28,100632.28,0.0005,55,61.8
2026-08-20T23:10:36.410003,100632.28,100632.28,0.0004,55,61.8
2026-08-20T23:11:37.441213,100632.28,100632.28,0.0004,55,61.8
2026-08-20T23:12:39.497188,100632.28,100632.28,0.0004,55,61.8
2026-08-20T23:13:40.732048,100632.28,100632.28,0.0004,55,61.8
2026-08-20T23:14:41.768900,100632.28,100632.28,0.0004,55,61.8
2026-08-20T23:15:43.613896,100632.28,100632.28,0.0004,55,61.8
2026-08-20T23:16:45.617215,100632.28,100632.28,0.0004,55,61.8
2026-08-20T23:17:46.700653,100632.28,100632.28,0.0004,55,61.8
2026-08-20T23:18:47.731957,100632.28,100632.28,0.0003,55,61.8
2026-08-20T23:19:49.890231,100632.28,100632.28,0.0003,55,61.8
2026-08-20T23:20:50.921639,100632.28,100632.28,0.0003,55,61.8
2026-08-20T23:21:51.855225,100632.28,100632.28,0.0003,55,61.8
2026-08-20T23:22:53.804090,100632.28,100632.28,0.0003,55,61.8
2026-08-20T23:23:56.018358,100632.28,100632.28,0.0003,55,61.8
2026-08-20T23:24:56.993140,100632.28,100632.28,0.0003,55,61.8
2026-08-20T23:25:58.881729,100632.28,100632.28,0.0001,55,61.8
2026-08-20T23:26:59.771712,100632.28,100632.28,0.0002,55,61.8
2026-08-20T23:28:00.803343,100632.28,100632.28,0.0001,55,61.8
2026-08-20T23:29:01.779027,100632.28,100632.28,0.0001,55,61.8
2026-08-20T23:30:02.762406,100632.28,100632.28,0.0001,55,61.8
2026-08-20T23:31:03.693576,100632.28,100632.28,0.0001,55,61.8
2026-08-20T23:32:04.829480,100632.28,100632.28,0.0001,55,61.8
2026-08-20T23:33:05.856264,100632.28,100632.28,0.0001,55,61.8
2026-08-20T23:34:06.785175,100632.28,100632.28,0.0001,55,61.8
2026-08-20T23:35:07.740214,100632.28,100632.28,0.0002,55,61.8
2026-08-20T23:36:08.745791,100632.28,100632.28,0.0002,55,61.8
2026-08-20T23:37:09.674721,100632.28,100632.28,0.0002,55,61.8
2026-08-20T23:38:10.693168,100632.28,100632.28,0.0002,55,61.8
2026-08-20T23:39:11.737029,100632.28,100632.28,0.0003,55,61.8
2026-08-20T23:40:12.665849,100632.28,100632.28,0.0003,55,61.8
2026-08-20T23:41:13.595965,100632.28,100632.28,0.0003,55,61.8
2026-08-20T23:42:14.523653,100632.28,100632.28,0.0003,55,61.8
2026-08-20T23:43:15.410886,100632.28,100632.28,0.0003,55,61.8
2026-08-20T23:44:16.483975,100632.28,100632.28,0.0002,55,61.8
2026-08-20T23:45:17.515304,100632.28,100632.28,0.0003,55,61.8
2026-08-20T23:46:18.546725,100632.28,100632.28,0.0002,55,61.8
2026-08-20T23:47:19.578286,100632.28,100632.28,0.0002,55,61.8
2026-08-20T23:48:21.634405,100632.28,100632.28,0.0003,55,61.8
2026-08-20T23:49:22.751892,100632.28,100632.28,0.0002,55,61.8
2026-08-20T23:50:23.805403,100632.28,100632.28,0.0003,55,61.8
2026-08-20T23:51:24.829966,100632.28,100632.28,0.0003,55,61.8
2026-08-20T23:52:25.942269,100632.28,100632.28,0.0003,55,61.8
2026-08-20T23:53:26.892066,100632.28,100632.28,0.0003,55,61.8
2026-08-20T23:54:27.844274,100632.28,100632.28,0.0003,55,61.8
2026-08-20T23:55:28.811942,100632.28,100632.28,0.0003,55,61.8
2026-08-20T23:56:29.787250,100632.28,100632.28,0.0003,55,61.8
2026-08-20T23:57:31.873794,100632.28,100632.28,0.0003,55,61.8
2026-08-20T23:58:32.971348,100632.28,100632.28,0.0003,55,61.8
2026-08-20T23:59:34.002551,100632.28,100632.28,0.0003,55,61.8
2026-08-21T00:00:35.033130,100632.28,100632.28,0.0002,55,61.8
2026-08-21T00:01:36.166890,100632.28,100632.28,0.0002,55,61.8
2026-08-21T00:02:37.300296,100632.28,100632.28,0.0003,55,61.8
2026-08-21T00:03:38.305310,100632.28,100632.28,0.0002,55,61.8
2026-08-21T00:04:40.285068,100632.28,100632.28,0.0003,55,61.8
2026-08-21T00:05:41.316163,100632.28,100632.28,0.0002,55,61.8
2026-08-21T00:06:42.455440,100632.28,100632.28,0.0001,55,61.8
2026-08-21T00:07:44.505085,100632.28,100632.28,0.0001,55,61.8
2026-08-21T00:08:45.536204,100632.28,100632.28,0.0002,55,61.8
2026-08-21T00:09:46.568115,100632.28,100632.28,0.0001,55,61.8
2026-08-21T00:10:50.186451,100665.68,100665.68,0.0001,56,62.5
2026-08-21T00:11:51.106551,100665.68,100665.68,0.0001,56,62.5
2026-08-21T00:12:52.046073,100665.68,100665.68,0.0001,56,62.5
2026-08-21T00:13:53.048932,100665.68,100665.68,0.0001,56,62.5
2026-08-21T00:14:54.066234,100665.68,100665.68,0.0000,56,62.5
2026-08-21T00:15:55.110936,100665.68,100665.68,0.0001,56,62.5
2026-08-21T00:16:56.142183,100665.68,100665.68,0.0001,56,62.5
2026-08-21T00:17:57.084036,100665.68,100665.68,0.0001,56,62.5
2026-08-21T00:18:58.103639,100665.68,100665.68,0.0000,56,62.5
2026-08-21T00:20:00.158440,100665.68,100665.68,0.0000,56,62.5
2026-08-21T00:21:01.087437,100665.68,100665.68,0.0000,56,62.5
2026-08-21T00:22:03.596670,100698.41,100698.41,0.0000,57,63.2
2026-08-21T00:23:04.508097,100698.41,100698.41,0.0000,57,63.2
2026-08-21T00:24:05.513010,100698.41,100698.41,0.0000,57,63.2
2026-08-21T00:25:06.498887,100698.41,100698.41,0.0000,57,63.2
2026-08-21T00:26:07.427292,100698.41,100698.41,0.0000,57,63.2
2026-08-21T00:27:09.548564,100698.41,100698.41,0.0000,57,63.2
2026-08-21T00:28:10.448383,100698.41,100698.41,0.0000,57,63.2
2026-08-21T00:29:12.166566,100698.41,100698.41,0.0000,57,63.2
2026-08-21T00:30:13.134897,100698.41,100698.41,0.0002,57,63.2
2026-08-21T00:31:14.119776,100698.41,100698.41,0.0001,57,63.2
2026-08-21T00:32:16.018605,100698.41,100698.41,0.0000,57,63.2
2026-08-21T00:33:16.930134,100698.41,100698.41,0.0001,57,63.2
2026-08-21T00:34:17.861930,100698.41,100698.41,0.0002,57,63.2
2026-08-21T00:35:18.760515,100698.41,100698.41,0.0002,57,63.2
2026-08-21T00:36:19.683340,100698.41,100698.41,0.0003,57,63.2
2026-08-21T00:37:20.633192,100698.41,100698.41,0.0003,57,63.2
2026-08-21T00:38:21.489306,100698.41,100698.41,0.0003,57,63.2
2026-08-21T00:39:23.371089,100698.41,100698.41,0.0003,57,63.2
2026-08-21T00:40:24.367613,100698.41,100698.41,0.0003,57,63.2
2026-08-21T00:41:25.381758,100698.41,100698.41,0.0004,57,63.2
2026-08-21T00:42:26.310342,100698.41,100698.41,0.0004,57,63.2
2026-08-21T00:43:27.280674,100698.41,100698.41,0.0002,57,63.2
2026-08-21T00:44:28.211186,100698.41,100698.41,0.0002,57,63.2
2026-08-21T00:45:29.217926,100698.41,100698.41,0.0002,57,63.2
2026-08-21T00:46:30.146730,100698.41,100698.41,0.0003,57,63.2
2026-08-21T00:47:31.281233,100698.41,100698.41,0.0003,57,63.2
2026-08-21T00:48:33.132257,100698.41,100698.41,0.0002,57,63.2
2026-08-21T00:49:34.264542,100698.41,100698.41,0.0001,57,63.2
2026-08-21T00:50:35.296260,100698.41,100698.41,0.0001,57,63.2
2026-08-21T00:51:36.327229,100698.41,100698.41,0.0001,57,63.2
2026-08-21T00:52:39.200987,100698.41,100698.41,0.0001,57,63.2
2026-08-21T00:53:40.143395,100698.41,100698.41,0.0001,57,63.2
2026-08-21T00:54:42.288162,100698.41,100698.41,0.0002,57,63.2
2026-08-21T00:55:43.154425,100698.41,100698.41,0.0003,57,63.2
2026-08-21T00:56:44.083819,100698.41,100698.41,0.0003,57,63.2
2026-08-21T00:57:45.177350,100698.41,100698.41,0.0002,57,63.2
2026-08-21T00:58:46.313646,100698.41,100698.41,0.0002,57,63.2
2026-08-21T00:59:49.289731,100698.41,100698.41,0.0002,57,63.2
2026-08-21T01:00:50.319966,100698.41,100698.41,0.0002,57,63.2
2026-08-21T01:01:51.199018,100698.41,100698.41,0.0002,57,63.2
2026-08-21T01:02:52.279242,100698.41,100698.41,0.0002,57,63.2
2026-08-21T01:03:55.064205,100698.41,100698.41,0.0001,57,63.2
2026-08-21T01:04:56.023912,100698.41,100698.41,0.0001,57,63.2
2026-08-21T01:05:56.924043,100698.41,100698.41,0.0002,57,63.2
2026-08-21T01:06:57.834606,100698.41,100698.41,0.0001,57,63.2
2026-08-21T01:07:59.704499,100698.41,100698.41,0.0001,57,63.2
2026-08-21T01:09:00.674025,100698.41,100698.41,0.0001,57,63.2
2026-08-21T01:10:03.180082,100698.41,100698.41,0.0001,57,63.2
2026-08-21T01:11:04.324467,100698.41,100698.41,0.0001,57,63.2
2026-08-21T01:12:05.553944,100698.41,100698.41,0.0000,57,63.2
2026-08-21T01:13:10.066848,100698.41,100698.41,0.0000,57,63.2
2026-08-21T01:14:11.134951,100698.41,100698.41,0.0000,57,63.2
2026-08-21T01:15:13.155934,100698.41,100698.41,0.0000,57,63.2
2026-08-21T01:16:14.185985,100698.41,100698.41,0.0000,57,63.2
2026-08-21T01:17:17.231863,100698.41,100698.41,0.0000,57,63.2
2026-08-21T01:18:18.296071,100698.41,100698.41,0.0000,57,63.2
2026-08-21T01:19:19.326694,100698.41,100698.41,0.0001,57,63.2
2026-08-21T01:20:20.359273,100698.41,100698.41,0.0001,57,63.2
2026-08-21T01:21:23.287749,100698.41,100698.41,0.0003,57,63.2
2026-08-21T01:22:24.346916,100698.41,100698.41,0.0005,57,63.2
2026-08-21T01:23:25.236096,100698.41,100698.41,0.0004,57,63.2
2026-08-21T01:24:26.156856,100698.41,100698.41,0.0004,57,63.2
2026-08-21T01:25:27.106242,100698.41,100698.41,0.0003,57,63.2
2026-08-21T01:26:28.186031,100698.41,100698.41,0.0004,57,63.2
2026-08-21T01:27:30.877370,100754.30,100754.30,0.0002,58,63.8
2026-08-21T01:28:31.817543,100754.30,100754.30,0.0003,58,63.8
2026-08-21T01:29:32.815526,100754.30,100754.30,0.0002,58,63.8
2026-08-21T01:30:33.696905,100754.30,100754.30,0.0003,58,63.8
2026-08-21T01:31:35.594621,100754.30,100754.30,0.0001,58,63.8
2026-08-21T01:32:36.528275,100754.30,100754.30,0.0000,58,63.8
2026-08-21T01:33:37.554270,100754.30,100754.30,0.0000,58,63.8
2026-08-21T01:34:38.688540,100754.30,100754.30,0.0001,58,63.8
2026-08-21T01:35:39.618286,100754.30,100754.30,0.0001,58,63.8
2026-08-21T01:36:40.487685,100754.30,100754.30,0.0002,58,63.8
2026-08-21T01:37:41.418197,100754.30,100754.30,0.0002,58,63.8
2026-08-21T01:38:46.318141,100773.12,100773.12,0.0003,59,64.4
2026-08-21T01:39:49.071415,100773.12,100773.12,0.0002,59,64.4
2026-08-21T01:40:50.059094,100773.12,100773.12,0.0002,59,64.4
2026-08-21T01:41:51.026352,100773.12,100773.12,0.0003,59,64.4
2026-08-21T01:42:51.929764,100773.12,100773.12,0.0001,59,64.4
2026-08-21T01:43:52.841578,100773.12,100773.12,0.0001,59,64.4
2026-08-21T01:44:53.853257,100773.12,100773.12,0.0002,59,64.4
2026-08-21T01:45:54.844102,100773.12,100773.12,0.0001,59,64.4
2026-08-21T01:46:55.877299,100773.12,100773.12,0.0001,59,64.4
2026-08-21T01:47:56.806395,100773.12,100773.12,0.0000,59,64.4
2026-08-21T01:48:57.841159,100773.12,100773.12,0.0000,59,64.4
2026-08-21T01:49:58.867301,100773.12,100773.12,0.0000,59,64.4
2026-08-21T01:50:59.898228,100773.12,100773.12,0.0001,59,64.4
2026-08-21T01:52:00.929766,100773.12,100773.12,0.0001,59,64.4
2026-08-21T01:53:01.961556,100773.12,100773.12,0.0001,59,64.4
2026-08-21T01:54:02.872530,100773.12,100773.12,0.0002,59,64.4
2026-08-21T01:55:03.922336,100773.12,100773.12,0.0002,59,64.4
2026-08-21T01:56:04.811648,100773.12,100773.12,0.0002,59,64.4
2026-08-21T01:57:05.780091,100773.12,100773.12,0.0003,59,64.4
2026-08-21T01:58:06.811034,100773.12,100773.12,0.0003,59,64.4
2026-08-21T01:59:07.843961,100773.12,100773.12,0.0004,59,64.4
2026-08-21T02:00:08.763272,100773.12,100773.12,0.0004,59,64.4
2026-08-21T02:01:09.742354,100773.12,100773.12,0.0005,59,64.4
2026-08-21T02:02:10.775668,100773.12,100773.12,0.0006,59,64.4
2026-08-21T02:03:18.727549,100773.12,100773.12,0.0007,59,64.4
2026-08-21T02:04:19.757746,100773.12,100773.12,0.0006,59,64.4
2026-08-21T02:05:20.775725,100773.12,100773.12,0.0005,59,64.4
2026-08-21T02:06:21.826400,100773.12,100773.12,0.0004,59,64.4
2026-08-21T02:07:22.815410,100773.12,100773.12,0.0004,59,64.4
2026-08-21T02:08:23.987988,100773.12,100773.12,0.0004,59,64.4
2026-08-21T02:09:25.117644,100773.12,100773.12,0.0005,59,64.4
2026-08-21T02:10:26.153629,100773.12,100773.12,0.0006,59,64.4
2026-08-21T02:11:27.157445,100773.12,100773.12,0.0006,59,64.4
2026-08-21T02:12:28.109674,100773.12,100773.12,0.0007,59,64.4
2026-08-21T02:13:29.141142,100773.12,100773.12,0.0007,59,64.4
2026-08-21T02:14:30.174611,100773.12,100773.12,0.0006,59,64.4
2026-08-21T02:15:31.204014,100773.12,100773.12,0.0006,59,64.4
2026-08-21T02:16:32.237698,100773.12,100773.12,0.0007,59,64.4
2026-08-21T02:17:33.268097,100773.12,100773.12,0.0006,59,64.4
2026-08-21T02:18:34.297073,100773.12,100773.12,0.0007,59,64.4
2026-08-21T02:19:35.329179,100773.12,100773.12,0.0007,59,64.4
2026-08-21T02:20:36.464943,100773.12,100773.12,0.0007,59,64.4
2026-08-21T02:21:37.404935,100773.12,100773.12,0.0006,59,64.4
2026-08-21T02:22:38.525438,100773.12,100773.12,0.0007,59,64.4
2026-08-21T02:23:39.557150,100773.12,100773.12,0.0006,59,64.4
2026-08-21T02:24:40.590690,100773.12,100773.12,0.0007,59,64.4
2026-08-21T02:25:41.723726,100773.12,100773.12,0.0006,59,64.4
2026-08-21T02:26:42.756999,100773.12,100773.12,0.0006,59,64.4
2026-08-21T02:27:43.886855,100773.12,100773.12,0.0005,59,64.4
2026-08-21T02:28:44.851948,100773.12,100773.12,0.0005,59,64.4
2026-08-21T02:29:45.854562,100773.12,100773.12,0.0004,59,64.4
2026-08-21T02:30:46.981621,100773.12,100773.12,0.0004,59,64.4
2026-08-21T02:31:48.013649,100773.12,100773.12,0.0004,59,64.4
2026-08-21T02:32:49.107707,100773.12,100773.12,0.0004,59,64.4
2026-08-21T02:33:50.145951,100773.12,100773.12,0.0006,59,64.4
2026-08-21T02:34:51.208328,100773.12,100773.12,0.0005,59,64.4
2026-08-21T02:35:52.243886,100773.12,100773.12,0.0006,59,64.4
2026-08-21T02:36:53.269137,100773.12,100773.12,0.0005,59,64.4
2026-08-21T02:37:54.407046,100773.12,100773.12,0.0005,59,64.4
