time,equity,effective_equity,trades,wr,cooldown
2026-09-07T15:17:56.740895+00:00,10.00,10.00,0,0.0,0
2026-09-07T15:17:57.913474,10.55,10.55,3,33.3,0
2026-09-07T15:18:15.320399,10.55,10.55,3,33.3,0
2026-09-07T15:18:35.130787,10.55,10.55,3,33.3,0
2026-09-07T15:19:11.839407,10.55,10.55,6,16.7,0
2026-09-07T15:24:08.742329,10.55,10.03,6,16.7,0
2026-09-07T15:24:23.577946,10.55,9.97,6,16.7,0
2026-09-07T15:24:36.999855,10.55,10.13,6,16.7,0
2026-09-07T15:24:51.056683,10.55,10.17,6,16.7,0
2026-09-07T15:25:09.672035,10.55,10.18,6,16.7,0
2026-09-07T15:25:22.902144,10.55,10.22,6,16.7,0
2026-09-07T15:25:36.202509,10.55,10.17,6,16.7,0
2026-09-07T15:25:51.489828,10.55,10.15,6,16.7,0
2026-09-07T15:26:04.931447,10.55,10.67,6,16.7,0
2026-09-07T15:26:22.448900,10.55,11.30,6,16.7,0
2026-09-07T15:26:36.163405,10.55,11.20,6,16.7,0
2026-09-07T15:26:55.507740,10.55,11.37,6,16.7,0
2026-09-07T15:27:08.724705,10.55,11.25,6,16.7,0
2026-09-07T15:27:26.339002,10.55,11.27,6,16.7,0
2026-09-07T15:27:39.255031,10.55,11.00,6,16.7,0
2026-09-07T15:27:51.768868,10.55,11.00,6,16.7,0
2026-09-07T15:28:06.413167,10.55,10.72,6,16.7,0
2026-09-07T15:28:18.806226,10.55,10.30,6,16.7,0
2026-09-07T15:28:33.719238,10.55,10.19,6,16.7,0
2026-09-07T15:28:57.558194,9.91,9.94,7,14.3,0
2026-09-07T15:29:10.953739,9.91,9.87,7,14.3,0
2026-09-07T15:29:24.654522,9.91,9.85,7,14.3,0
2026-09-07T15:29:43.343467,9.91,9.82,7,14.3,0
2026-09-07T15:29:58.161449,9.91,9.81,7,14.3,0
2026-09-07T15:30:14.051419,9.91,9.87,7,14.3,0
2026-09-07T15:30:28.673553,9.91,9.83,7,14.3,0
2026-09-07T15:30:48.376831,9.91,9.86,7,14.3,0
2026-09-07T15:31:11.426299,9.91,9.79,7,14.3,0
2026-09-07T15:31:35.214456,9.87,9.74,8,12.5,0
2026-09-07T15:31:50.035191,9.87,10.16,8,12.5,0
2026-09-07T15:32:03.478251,9.87,10.01,8,12.5,0
2026-09-07T15:32:15.817412,9.87,10.05,8,12.5,0
2026-09-07T15:32:28.241468,9.87,10.10,8,12.5,0
2026-09-07T15:32:42.938797,9.87,10.19,8,12.5,0
2026-09-07T15:32:58.659654,9.87,10.24,8,12.5,0
2026-09-07T15:33:12.981454,9.87,10.29,8,12.5,0
2026-09-07T15:33:25.939825,9.87,10.31,8,12.5,0
2026-09-07T15:33:39.025285,9.87,10.16,8,12.5,0
2026-09-07T15:33:53.609376,9.87,10.10,8,12.5,0
2026-09-07T15:34:09.315234,9.87,9.87,8,12.5,0
2026-09-07T15:34:24.342204,9.87,9.84,8,12.5,0
2026-09-07T15:34:37.369404,9.87,9.87,8,12.5,0
2026-09-07T15:34:50.415675,9.87,9.93,8,12.5,0
2026-09-07T15:35:05.555022,9.87,9.93,8,12.5,0
2026-09-07T15:35:21.936052,9.87,10.04,8,12.5,0
2026-09-07T15:35:37.124211,9.87,10.07,8,12.5,0
2026-09-07T15:36:01.349530,9.82,10.11,9,11.1,49
2026-09-07T15:36:14.163385,9.82,9.96,9,11.1,48
2026-09-07T15:36:29.810499,9.82,9.95,9,11.1,47
2026-09-07T15:36:42.548026,9.82,10.02,9,11.1,46
2026-09-07T15:36:55.319958,9.82,10.02,9,11.1,45
2026-09-07T15:37:08.138203,9.82,10.06,9,11.1,44
2026-09-07T15:37:21.158288,9.82,10.07,9,11.1,43
2026-09-07T15:37:36.624316,9.82,10.00,9,11.1,42
2026-09-07T15:37:49.590410,9.82,10.06,9,11.1,41
2026-09-07T15:38:02.609140,9.82,10.07,9,11.1,40
2026-09-07T15:38:15.430280,9.82,10.07,9,11.1,39
2026-09-07T15:38:28.438921,9.82,10.01,9,11.1,38
2026-09-07T15:38:44.296671,9.82,10.04,9,11.1,37
2026-09-07T15:38:57.281655,9.82,9.97,9,11.1,36
2026-09-07T15:39:18.311372,9.82,10.08,9,11.1,35
2026-09-07T15:39:37.720148,10.45,10.46,10,20.0,34
2026-09-07T15:39:53.190649,10.45,10.42,10,20.0,33
2026-09-07T15:40:05.919362,10.45,10.44,10,20.0,32
2026-09-07T15:40:19.247521,10.45,10.42,10,20.0,31
2026-09-07T15:40:31.275881,10.45,10.41,10,20.0,30
2026-09-07T15:40:43.469788,10.45,10.41,10,20.0,29
2026-09-07T15:40:58.117982,10.45,10.40,10,20.0,28
2026-09-07T15:41:10.194686,10.45,10.40,10,20.0,27
2026-09-07T15:41:22.277248,10.45,10.41,10,20.0,26
2026-09-07T15:41:34.467348,10.45,10.41,10,20.0,25
2026-09-07T15:41:46.648645,10.45,10.41,10,20.0,24
2026-09-07T15:42:01.246833,10.45,10.42,10,20.0,23
2026-09-07T15:42:13.265523,10.45,10.31,10,20.0,22
2026-09-07T15:42:25.574760,10.45,10.35,10,20.0,21
2026-09-07T15:42:37.851340,10.45,10.35,10,20.0,20
2026-09-07T15:42:50.045164,10.45,10.36,10,20.0,19
2026-09-07T15:43:04.791030,10.45,10.37,10,20.0,18
2026-09-07T15:43:16.794091,10.45,10.43,10,20.0,17
2026-09-07T15:43:28.950679,10.45,10.43,10,20.0,16
2026-09-07T15:43:47.987810,10.39,10.40,11,18.2,15
2026-09-07T15:44:00.291294,10.39,10.41,11,18.2,14
2026-09-07T15:44:15.037867,10.39,10.41,11,18.2,13
2026-09-07T15:44:27.119413,10.39,10.41,11,18.2,12
2026-09-07T15:44:39.190187,10.39,10.42,11,18.2,11
2026-09-07T15:44:51.371247,10.39,10.42,11,18.2,10
2026-09-07T15:45:03.461548,10.39,10.42,11,18.2,9
2026-09-07T15:45:18.015896,10.39,10.41,11,18.2,8
2026-09-07T15:45:30.090208,10.39,10.41,11,18.2,7
2026-09-07T15:45:42.176590,10.39,10.41,11,18.2,6
2026-09-07T15:45:54.259625,10.39,10.41,11,18.2,5
2026-09-07T15:46:06.443138,10.39,10.41,11,18.2,4
2026-09-07T15:46:21.265855,10.39,10.40,11,18.2,3
2026-09-07T15:46:33.265699,10.39,10.40,11,18.2,2
2026-09-07T15:46:45.355881,10.39,10.40,11,18.2,1
2026-09-07T15:47:03.324932,10.39,10.40,11,18.2,0
2026-09-07T15:47:15.712111,10.39,10.21,11,18.2,0
2026-09-07T15:47:31.952183,10.39,10.18,11,18.2,0
2026-09-07T15:47:44.346443,10.39,10.09,11,18.2,0
2026-09-07T15:48:04.963268,10.39,10.03,12,16.7,0
2026-09-07T15:48:17.517510,10.39,10.15,12,16.7,0
2026-09-07T15:48:32.444459,10.39,10.55,12,16.7,0
2026-09-07T15:48:46.560161,10.39,10.92,12,16.7,0
2026-09-07T15:48:59.103410,10.39,10.74,12,16.7,0
2026-09-07T15:49:11.571159,10.39,10.79,12,16.7,0
2026-09-07T15:49:25.338938,10.39,10.95,12,16.7,0
2026-09-07T15:49:40.198333,10.39,10.82,12,16.7,0
2026-09-07T15:49:52.723930,10.39,11.15,12,16.7,0
2026-09-07T15:50:06.396170,10.39,10.95,12,16.7,0
2026-09-07T15:50:18.906016,10.39,10.90,12,16.7,0
2026-09-07T15:50:31.338442,10.39,11.10,12,16.7,0
2026-09-07T15:50:48.406646,10.39,11.04,12,16.7,0
2026-09-07T15:51:01.017347,10.39,10.96,12,16.7,0
2026-09-07T15:51:13.459060,10.39,10.97,12,16.7,0
2026-09-07T15:51:27.531497,10.39,11.11,12,16.7,0
2026-09-07T15:51:40.022772,10.39,10.99,12,16.7,0
2026-09-07T15:51:54.876267,10.39,10.90,12,16.7,0
2026-09-07T15:52:09.106270,10.39,11.23,12,16.7,0
2026-09-07T15:52:35.208446,11.59,11.59,13,23.1,0
2026-09-07T15:52:49.220659,11.59,11.21,13,23.1,0
2026-09-07T15:53:11.912860,11.59,11.34,13,23.1,0
2026-09-07T15:53:25.669867,11.59,11.28,13,23.1,0
2026-09-07T15:53:38.052452,11.59,11.33,13,23.1,0
2026-09-07T15:53:50.616717,11.59,11.31,13,23.1,0
2026-09-07T15:54:04.582693,11.59,11.37,13,23.1,0
2026-09-07T15:54:19.315176,11.59,10.96,13,23.1,0
2026-09-07T15:54:31.704101,11.59,10.97,13,23.1,0
2026-09-07T15:54:55.641288,10.85,10.82,14,21.4,0
2026-09-07T15:55:08.113022,10.85,10.51,14,21.4,0
2026-09-07T15:55:24.444551,10.85,10.45,14,21.4,0
2026-09-07T15:55:36.798693,10.85,10.68,14,21.4,0
2026-09-07T15:55:49.242003,10.85,10.71,14,21.4,0
2026-09-07T15:56:03.771714,10.85,10.88,14,21.4,0
2026-09-07T15:56:16.363823,10.85,10.70,14,21.4,0
2026-09-07T15:56:31.217984,10.85,10.66,14,21.4,0
2026-09-07T15:56:45.125431,10.85,10.55,14,21.4,0
2026-09-07T15:56:57.882925,10.85,10.63,14,21.4,0
2026-09-07T15:57:10.222500,10.85,10.58,14,21.4,0
2026-09-07T15:57:24.232088,10.85,10.74,14,21.4,0
2026-09-07T15:57:39.126213,10.85,10.53,14,21.4,0
2026-09-07T15:57:51.518035,10.85,10.50,14,21.4,0
2026-09-07T15:58:05.210396,10.85,10.56,14,21.4,0
2026-09-07T15:58:17.712799,10.85,10.61,14,21.4,0
2026-09-07T15:58:30.106650,10.85,10.59,14,21.4,0
2026-09-07T15:58:46.456049,10.85,10.58,14,21.4,0
2026-09-07T15:58:58.992030,10.85,10.54,14,21.4,0
2026-09-07T15:59:11.467822,10.85,10.58,14,21.4,0
2026-09-07T15:59:25.147254,10.85,10.82,14,21.4,0
2026-09-07T15:59:42.071566,10.85,10.72,14,21.4,0
2026-09-07T15:59:58.517839,10.85,10.84,14,21.4,0
2026-09-07T16:00:11.031960,10.85,11.13,14,21.4,0
2026-09-07T16:00:23.504700,10.85,10.94,14,21.4,0
2026-09-07T16:00:37.337869,10.85,11.02,14,21.4,0
2026-09-07T16:00:49.837536,10.85,11.09,14,21.4,0
2026-09-07T16:01:04.802413,10.85,10.86,14,21.4,0
2026-09-07T16:01:18.889228,10.85,11.28,14,21.4,0
2026-09-07T16:01:31.332197,10.85,11.69,14,21.4,0
2026-09-07T16:01:43.897338,10.85,11.66,14,21.4,0
2026-09-07T16:01:57.815041,10.85,11.79,14,21.4,0
2026-09-07T16:02:23.777098,12.18,13.02,15,26.7,0
2026-09-07T16:02:44.560539,11.48,11.47,16,25.0,0
2026-09-07T16:03:09.592869,10.71,10.98,17,23.5,0
2026-09-07T16:03:26.736071,10.71,10.68,17,23.5,0
2026-09-07T16:03:45.806185,10.03,10.19,18,22.2,49
2026-09-07T16:03:57.969709,10.03,10.24,18,22.2,48
2026-09-07T16:04:10.054235,10.03,10.18,18,22.2,47
2026-09-07T16:04:22.237802,10.03,10.21,18,22.2,46
2026-09-07T16:04:36.786537,10.03,10.25,18,22.2,45
2026-09-07T16:04:49.265672,10.03,10.26,18,22.2,44
2026-09-07T16:05:01.488108,10.03,10.18,18,22.2,43
2026-09-07T16:05:13.643885,10.03,10.18,18,22.2,42
2026-09-07T16:05:25.727540,10.03,10.15,18,22.2,41
2026-09-07T16:05:40.478802,10.03,10.11,18,22.2,40
2026-09-07T16:05:52.561291,10.03,10.12,18,22.2,39
2026-09-07T16:06:04.638733,10.03,10.03,18,22.2,38
2026-09-07T16:06:16.723930,10.03,9.98,18,22.2,37
2026-09-07T16:06:28.853530,10.03,9.99,18,22.2,36
2026-09-07T16:06:43.659891,10.03,9.97,18,22.2,35
2026-09-07T16:06:56.140286,10.03,9.82,18,22.2,34
2026-09-07T16:07:08.239850,10.03,9.96,18,22.2,33
2026-09-07T16:07:28.406903,10.03,9.84,18,22.2,32
2026-09-07T16:07:40.780885,10.03,9.98,18,22.2,31
2026-09-07T16:07:55.740654,10.03,9.93,18,22.2,30
2026-09-07T16:08:08.136799,10.03,9.91,18,22.2,29
2026-09-07T16:08:20.320564,10.03,9.94,18,22.2,28
2026-09-07T16:08:32.540501,10.03,9.94,18,22.2,27
2026-09-07T16:08:44.592618,10.03,9.81,18,22.2,26
2026-09-07T16:08:59.241528,10.03,9.81,18,22.2,25
2026-09-07T16:09:11.318841,10.03,9.84,18,22.2,24
2026-09-07T16:09:23.708178,10.03,9.87,18,22.2,23
2026-09-07T16:09:35.886366,10.03,9.84,18,22.2,22
2026-09-07T16:09:47.977180,10.03,9.88,18,22.2,21
2026-09-07T16:10:03.435817,10.03,9.82,18,22.2,20
2026-09-07T16:10:15.625710,10.03,9.74,18,22.2,19
2026-09-07T16:10:27.712937,10.03,9.71,18,22.2,18
2026-09-07T16:10:39.786851,10.03,9.74,18,22.2,17
2026-09-07T16:10:52.182484,10.03,9.73,18,22.2,16
2026-09-07T16:11:06.832024,10.03,9.74,18,22.2,15
2026-09-07T16:11:19.037729,10.03,9.65,18,22.2,14
2026-09-07T16:11:31.188258,10.03,9.80,18,22.2,13
2026-09-07T16:11:50.551048,10.79,10.79,19,26.3,12
2026-09-07T16:12:02.726102,10.79,10.79,19,26.3,11
2026-09-07T16:12:17.284777,10.79,10.79,19,26.3,10
2026-09-07T16:12:29.573411,10.79,10.79,19,26.3,9
2026-09-07T16:12:41.653360,10.79,10.79,19,26.3,8
2026-09-07T16:12:53.829561,10.79,10.79,19,26.3,7
2026-09-07T16:13:06.227294,10.79,10.79,19,26.3,6
2026-09-07T16:13:21.063787,10.79,10.79,19,26.3,5
2026-09-07T16:13:33.770731,10.79,10.79,19,26.3,4
2026-09-07T16:13:46.024159,10.79,10.79,19,26.3,3
2026-09-07T16:13:58.143398,10.79,10.79,19,26.3,2
2026-09-07T16:14:10.328934,10.79,10.79,19,26.3,1
2026-09-07T16:14:31.443287,10.79,10.79,19,26.3,0
2026-09-07T16:14:44.045111,10.79,10.51,19,26.3,0
2026-09-07T16:15:09.133471,10.10,10.10,20,25.0,0
2026-09-07T16:15:22.015797,10.10,10.32,20,25.0,0
2026-09-07T16:15:39.165894,10.10,10.26,20,25.0,0
2026-09-07T16:15:51.650594,10.10,10.18,20,25.0,0
2026-09-07T16:16:04.156445,10.10,10.17,20,25.0,0
2026-09-07T16:16:18.679673,10.10,10.25,20,25.0,0
2026-09-07T16:16:31.329493,10.10,10.20,20,25.0,0
2026-09-07T16:16:47.862880,10.10,10.19,20,25.0,0
2026-09-07T16:17:01.690086,10.10,10.08,20,25.0,0
2026-09-07T16:17:14.391798,10.10,9.99,20,25.0,0
2026-09-07T16:17:29.149691,10.10,9.89,20,25.0,0
2026-09-07T16:17:41.836756,10.10,10.02,20,25.0,0
2026-09-07T16:17:57.288786,10.10,9.97,20,25.0,0
2026-09-07T16:18:11.327610,10.10,10.04,20,25.0,0
2026-09-07T16:18:24.032842,10.10,10.18,20,25.0,0
2026-09-07T16:18:37.144759,10.10,10.06,20,25.0,0
2026-09-07T16:18:50.471195,10.10,10.12,20,25.0,0
2026-09-07T16:19:06.959430,10.10,10.03,20,25.0,0
2026-09-07T16:19:19.438784,10.10,10.14,20,25.0,0
2026-09-07T16:19:33.247835,10.10,10.16,20,25.0,0
2026-09-07T16:19:46.256161,10.10,10.17,20,25.0,0
2026-09-07T16:19:58.751389,10.10,10.10,20,25.0,0
2026-09-07T16:20:14.540547,10.10,10.02,20,25.0,0
2026-09-07T16:20:27.723626,10.10,10.00,20,25.0,0
2026-09-07T16:20:40.102670,10.10,10.14,20,25.0,0
2026-09-07T16:20:53.324563,10.10,10.23,20,25.0,0
2026-09-07T16:21:17.204718,10.10,10.21,20,25.0,0
2026-09-07T16:21:31.218877,10.10,10.10,20,25.0,0
2026-09-07T16:21:43.860829,10.10,10.06,20,25.0,0
2026-09-07T16:21:56.919433,10.10,10.03,20,25.0,0
2026-09-07T16:22:10.101682,10.10,10.06,20,25.0,0
2026-09-07T16:22:25.204831,10.10,9.98,20,25.0,0
2026-09-07T16:22:38.361024,10.10,10.03,20,25.0,0
2026-09-07T16:22:51.628075,10.10,10.01,20,25.0,0
2026-09-07T16:23:04.100774,10.10,10.08,20,25.0,0
2026-09-07T16:23:17.315410,10.10,10.00,20,25.0,0
2026-09-07T16:23:33.857737,10.10,10.08,20,25.0,0
2026-09-07T16:23:47.234316,10.10,10.04,20,25.0,0
2026-09-07T16:23:59.735835,10.10,9.95,20,25.0,0
2026-09-07T16:24:13.740180,10.10,10.05,20,25.0,0
2026-09-07T16:24:26.944124,10.10,10.04,20,25.0,0
2026-09-07T16:24:42.102510,10.10,10.04,20,25.0,0
2026-09-07T16:24:55.217130,10.10,10.06,20,25.0,0
2026-09-07T16:25:08.522445,10.10,9.96,20,25.0,0
2026-09-07T16:25:20.867634,10.10,9.90,20,25.0,0
2026-09-07T16:25:34.743332,10.10,9.97,20,25.0,0
2026-09-07T16:25:50.486544,10.10,9.99,20,25.0,0
2026-09-07T16:26:04.561017,10.10,9.96,20,25.0,0
2026-09-07T16:26:17.035559,10.10,10.19,20,25.0,0
2026-09-07T16:26:30.250170,10.10,10.12,20,25.0,0
2026-09-07T16:26:44.345619,10.10,10.13,20,25.0,0
2026-09-07T16:27:00.738649,10.10,10.10,20,25.0,0
2026-09-07T16:27:14.718201,10.10,10.08,20,25.0,0
2026-09-07T16:27:27.170131,10.10,10.00,20,25.0,0
2026-09-07T16:27:40.370670,10.10,9.97,20,25.0,0
2026-09-07T16:27:53.655383,10.10,9.90,20,25.0,0
2026-09-07T16:28:09.001520,10.10,9.70,20,25.0,0
2026-09-07T16:28:22.218302,10.10,9.74,20,25.0,0
2026-09-07T16:28:35.553949,10.10,9.75,20,25.0,0
2026-09-07T16:28:48.071437,10.10,9.72,20,25.0,0
2026-09-07T16:29:01.178688,10.10,9.75,20,25.0,0
2026-09-07T16:29:17.596257,10.10,9.78,20,25.0,0
2026-09-07T16:29:30.063075,10.10,9.90,20,25.0,0
2026-09-07T16:29:43.290624,10.10,9.86,20,25.0,0
2026-09-07T16:29:57.279622,10.10,9.80,20,25.0,0
2026-09-07T16:30:09.682264,10.10,9.88,20,25.0,0
2026-09-07T16:30:25.220535,10.10,9.89,20,25.0,0
2026-09-07T16:30:38.681202,10.10,9.80,20,25.0,0
2026-09-07T16:30:51.350304,10.10,9.82,20,25.0,0
2026-09-07T16:31:04.992411,10.10,9.83,20,25.0,0
2026-09-07T16:31:18.366907,10.10,9.85,20,25.0,0
2026-09-07T16:31:33.480054,10.10,9.81,20,25.0,0
2026-09-07T16:31:46.667228,10.10,9.82,20,25.0,0
2026-09-07T16:32:10.077394,9.77,9.77,21,23.8,0
2026-09-07T16:32:30.013284,9.14,9.14,22,22.7,49
2026-09-07T16:32:44.873918,9.14,9.14,22,22.7,48
2026-09-07T16:32:56.939789,9.14,9.14,22,22.7,47
2026-09-07T16:33:09.138928,9.14,9.14,22,22.7,46
2026-09-07T16:33:21.325669,9.14,9.14,22,22.7,45
2026-09-07T16:33:33.611857,9.14,9.14,22,22.7,44
2026-09-07T16:33:48.158782,9.14,9.14,22,22.7,43
2026-09-07T16:34:00.348740,9.14,9.14,22,22.7,42
2026-09-07T16:34:12.558214,9.14,9.14,22,22.7,41
2026-09-07T16:34:24.606739,9.14,9.14,22,22.7,40
2026-09-07T16:34:36.684566,9.14,9.14,22,22.7,39
2026-09-07T16:34:51.237023,9.14,9.14,22,22.7,38
2026-09-07T16:35:11.918749,9.14,9.14,22,22.7,37
2026-09-07T16:35:24.197757,9.14,9.14,22,22.7,36
2026-09-07T16:35:36.290442,9.14,9.14,22,22.7,35
2026-09-07T16:35:48.480115,9.14,9.14,22,22.7,34
2026-09-07T16:36:03.122318,9.14,9.14,22,22.7,33
2026-09-07T16:36:15.201310,9.14,9.14,22,22.7,32
2026-09-07T16:36:27.488787,9.14,9.14,22,22.7,31
2026-09-07T16:36:39.673536,9.14,9.14,22,22.7,30
2026-09-07T16:36:51.759995,9.14,9.14,22,22.7,29
2026-09-07T16:37:06.407823,9.14,9.14,22,22.7,28
2026-09-07T16:37:18.484144,9.14,9.14,22,22.7,27
2026-09-07T16:37:30.633311,9.14,9.14,22,22.7,26
2026-09-07T16:37:42.769565,9.14,9.14,22,22.7,25
2026-09-07T16:37:54.904323,9.14,9.14,22,22.7,24
2026-09-07T16:38:09.791654,9.14,9.14,22,22.7,23
2026-09-07T16:38:22.180078,9.14,9.14,22,22.7,22
2026-09-07T16:38:34.408922,9.14,9.14,22,22.7,21
2026-09-07T16:38:46.447970,9.14,9.14,22,22.7,20
2026-09-07T16:38:58.527750,9.14,9.14,22,22.7,19
2026-09-07T16:39:13.211034,9.14,9.14,22,22.7,18
2026-09-07T16:39:25.361117,9.14,9.14,22,22.7,17
2026-09-07T16:39:37.749196,9.14,9.14,22,22.7,16
2026-09-07T16:39:49.931528,9.14,9.14,22,22.7,15
2026-09-07T16:40:02.223527,9.14,9.14,22,22.7,14
2026-09-07T16:40:17.182629,9.14,9.14,22,22.7,13
2026-09-07T16:40:29.360694,9.14,9.14,22,22.7,12
2026-09-07T16:40:41.544224,9.14,9.14,22,22.7,11
2026-09-07T16:40:53.618947,9.14,9.14,22,22.7,10
2026-09-07T16:41:06.008391,9.14,9.14,22,22.7,9
2026-09-07T16:41:20.667986,9.14,9.14,22,22.7,8
2026-09-07T16:41:32.852886,9.14,9.14,22,22.7,7
2026-09-07T16:41:45.037206,9.14,9.14,22,22.7,6
2026-09-07T16:41:57.120028,9.14,9.14,22,22.7,5
2026-09-07T16:42:09.258459,9.14,9.14,22,22.7,4
2026-09-07T16:42:23.851483,9.14,9.14,22,22.7,3
2026-09-07T16:42:35.931496,9.14,9.14,22,22.7,2
2026-09-07T16:42:48.115927,9.14,9.14,22,22.7,1
2026-09-07T16:43:05.894761,9.14,9.14,22,22.7,0
2026-09-07T16:43:18.512203,9.14,9.17,22,22.7,0
2026-09-07T16:43:34.657854,9.14,9.22,22,22.7,0
2026-09-07T16:43:47.167909,9.14,9.27,22,22.7,0
2026-09-07T16:43:59.788098,9.14,9.24,22,22.7,0
2026-09-07T16:44:13.643624,9.14,9.22,22,22.7,0
2026-09-07T16:44:26.080342,9.14,9.28,22,22.7,0
2026-09-07T16:44:40.903796,9.14,9.30,22,22.7,0
2026-09-07T16:44:54.961129,9.14,9.32,22,22.7,0
2026-09-07T16:45:07.549328,9.14,9.56,22,22.7,0
2026-09-07T16:45:20.192260,9.14,9.45,22,22.7,0
2026-09-07T16:45:38.169076,9.14,9.49,22,22.7,0
2026-09-07T16:45:53.168025,9.14,9.76,22,22.7,0
2026-09-07T16:46:07.586536,9.14,9.60,22,22.7,0
2026-09-07T16:46:20.163120,9.14,9.54,22,22.7,0
2026-09-07T16:46:32.642227,9.14,9.56,22,22.7,0
2026-09-07T16:46:46.613080,9.14,9.63,22,22.7,0
2026-09-07T16:47:01.591554,9.14,9.55,22,22.7,0
2026-09-07T16:47:14.482887,9.14,9.51,22,22.7,0
2026-09-07T16:47:28.903875,9.14,9.45,22,22.7,0
2026-09-07T16:47:41.346454,9.14,10.29,22,22.7,0
2026-09-07T16:47:53.809109,9.14,10.23,22,22.7,0
2026-09-07T16:48:10.719016,9.14,10.24,22,22.7,0
2026-09-07T16:48:42.471120,10.19,10.00,23,26.1,0
2026-09-07T16:48:54.948782,10.19,10.13,23,26.1,0
2026-09-07T16:49:10.716449,10.19,10.20,23,26.1,0
2026-09-07T16:49:25.854990,10.19,10.11,23,26.1,0
2026-09-07T16:49:38.550189,10.19,10.30,23,26.1,0
2026-09-07T16:49:51.659374,10.19,10.37,23,26.1,0
2026-09-07T16:50:04.693384,10.19,10.24,23,26.1,0
2026-09-07T16:50:19.737844,10.19,10.25,23,26.1,0
2026-09-07T16:50:35.164438,10.19,10.24,23,26.1,0
2026-09-07T16:50:47.562652,10.19,10.13,23,26.1,0
2026-09-07T16:51:00.003378,10.19,10.09,23,26.1,0
2026-09-07T16:51:13.794090,10.19,10.11,23,26.1,0
2026-09-07T16:51:28.980846,10.19,10.13,23,26.1,0
2026-09-07T16:51:43.907797,10.19,10.11,23,26.1,0
2026-09-07T16:51:56.669104,10.19,10.14,23,26.1,0
2026-09-07T16:52:09.182517,10.19,10.19,23,26.1,0
2026-09-07T16:52:23.419866,10.19,10.22,23,26.1,0
2026-09-07T16:52:38.352901,10.19,10.30,23,26.1,0
2026-09-07T16:52:53.624399,10.19,10.45,23,26.1,0
2026-09-07T16:53:06.227295,10.19,10.46,23,26.1,0
2026-09-07T16:53:18.622710,10.19,10.34,23,26.1,0
2026-09-07T16:53:33.048447,10.19,10.26,23,26.1,0
2026-09-07T16:53:47.962482,10.19,10.27,23,26.1,0
2026-09-07T16:54:03.783444,10.19,10.26,23,26.1,0
2026-09-07T16:54:16.285367,10.19,10.39,23,26.1,0
2026-09-07T16:54:28.785039,10.19,10.33,23,26.1,0
2026-09-07T16:54:42.779860,10.19,10.31,23,26.1,0
2026-09-07T16:54:57.768885,10.19,10.33,23,26.1,0
2026-09-07T16:55:12.899267,10.19,10.62,23,26.1,0
2026-09-07T16:55:25.408242,10.19,10.59,23,26.1,0
2026-09-07T16:55:38.014857,10.19,10.47,23,26.1,0
2026-09-07T16:55:52.733478,10.19,10.37,23,26.1,0
2026-09-07T16:56:07.598358,10.19,10.45,23,26.1,0
2026-09-07T16:56:22.661005,10.19,10.36,23,26.1,0
2026-09-07T16:56:35.163195,10.19,10.15,23,26.1,0
2026-09-07T16:56:47.619496,10.19,10.06,23,26.1,0
2026-09-07T16:57:02.177638,10.19,9.94,23,26.1,0
2026-09-07T16:57:17.331239,10.19,9.92,23,26.1,0
2026-09-07T16:57:32.265148,10.19,9.85,23,26.1,0
2026-09-07T16:57:44.775605,10.19,9.91,23,26.1,0
2026-09-07T16:57:57.266338,10.19,9.77,23,26.1,0
2026-09-07T16:58:11.782963,10.19,9.81,23,26.1,0
2026-09-07T16:58:26.840490,10.19,9.92,23,26.1,0
2026-09-07T16:58:42.216156,10.19,9.87,23,26.1,0
2026-09-07T16:58:54.604994,10.19,9.94,23,26.1,0
2026-09-07T16:59:07.102420,10.19,9.92,23,26.1,0
2026-09-07T16:59:21.414275,10.19,10.05,23,26.1,0
2026-09-07T16:59:36.526591,10.19,10.18,23,26.1,0
2026-09-07T16:59:51.531310,10.19,9.96,23,26.1,0
2026-09-07T17:00:04.051628,10.19,10.00,23,26.1,0
2026-09-07T17:00:16.530323,10.19,10.29,23,26.1,0
2026-09-07T17:00:31.393300,10.19,10.26,23,26.1,0
2026-09-07T17:00:46.405636,10.19,10.09,23,26.1,0
2026-09-07T17:01:01.988982,10.19,10.15,23,26.1,0
2026-09-07T17:01:14.495153,10.19,10.14,23,26.1,0
2026-09-07T17:01:27.202234,10.19,10.29,23,26.1,0
2026-09-07T17:01:42.124650,10.19,10.29,23,26.1,0
2026-09-07T17:01:57.115886,10.19,10.28,23,26.1,0
2026-09-07T17:02:12.221307,10.19,10.10,23,26.1,0
2026-09-07T17:02:30.705716,10.16,10.09,24,25.0,0
2026-09-07T17:02:57.773156,10.16,10.05,24,25.0,0
2026-09-07T17:03:12.740548,10.16,10.18,24,25.0,0
2026-09-07T17:03:27.985810,10.16,10.22,24,25.0,0
2026-09-07T17:03:40.394746,10.16,10.21,24,25.0,0
2026-09-07T17:03:53.212441,10.16,10.21,24,25.0,0
2026-09-07T17:04:07.537562,10.16,10.16,24,25.0,0
2026-09-07T17:04:22.463353,10.16,10.22,24,25.0,0
2026-09-07T17:04:37.643647,10.16,10.15,24,25.0,0
2026-09-07T17:04:50.031785,10.16,10.11,24,25.0,0
2026-09-07T17:05:02.552024,10.16,10.04,24,25.0,0
2026-09-07T17:05:17.383022,10.16,10.17,24,25.0,0
2026-09-07T17:05:42.914122,10.01,10.13,25,24.0,0
2026-09-07T17:05:58.312732,10.01,10.12,25,24.0,0
2026-09-07T17:06:10.764378,10.01,10.10,25,24.0,0
2026-09-07T17:06:23.212986,10.01,10.14,25,24.0,0
2026-09-07T17:06:39.515308,10.01,10.15,25,24.0,0
2026-09-07T17:06:51.982317,10.01,10.12,25,24.0,0
2026-09-07T17:07:05.707172,10.01,10.04,25,24.0,0
2026-09-07T17:07:19.411902,10.01,10.04,25,24.0,0
2026-09-07T17:07:31.937911,10.01,9.92,25,24.0,0
2026-09-07T17:07:46.943141,10.01,9.83,25,24.0,0
2026-09-07T17:08:01.019525,10.01,9.87,25,24.0,0
2026-09-07T17:08:14.933085,10.01,9.81,25,24.0,0
2026-09-07T17:08:27.517404,10.01,9.80,25,24.0,0
2026-09-07T17:08:41.346177,10.01,9.82,25,24.0,0
2026-09-07T17:08:56.524054,10.01,9.76,25,24.0,0
2026-09-07T17:09:09.323954,10.01,9.71,25,24.0,0
2026-09-07T17:09:24.769893,10.01,9.80,25,24.0,0
2026-09-07T17:09:37.186860,10.01,10.01,25,24.0,0
2026-09-07T17:09:49.656189,10.01,9.89,25,24.0,0
2026-09-07T17:10:06.051142,10.01,10.00,25,24.0,0
2026-09-07T17:10:18.538996,10.01,9.95,25,24.0,0
2026-09-07T17:10:32.241418,10.01,10.03,25,24.0,0
2026-09-07T17:10:46.091198,10.01,10.24,25,24.0,0
2026-09-07T17:10:58.791087,10.01,10.25,25,24.0,0
2026-09-07T17:11:13.945541,10.01,10.18,25,24.0,0
2026-09-07T17:11:28.047829,10.01,10.17,25,24.0,0
2026-09-07T17:11:41.663274,10.01,10.17,25,24.0,0
2026-09-07T17:11:54.215121,10.01,10.14,25,24.0,0
2026-09-07T17:12:07.999868,10.01,10.24,25,24.0,0
2026-09-07T17:12:23.870015,10.01,10.21,25,24.0,0
2026-09-07T17:12:36.294693,10.01,10.23,25,24.0,0
2026-09-07T17:12:51.398988,10.01,10.26,25,24.0,0
2026-09-07T17:13:03.816792,10.01,10.30,25,24.0,0
2026-09-07T17:13:16.316362,10.01,10.33,25,24.0,0
2026-09-07T17:13:33.196447,10.01,10.25,25,24.0,0
2026-09-07T17:13:45.693739,10.01,10.14,25,24.0,0
2026-09-07T17:13:59.427982,10.01,10.15,25,24.0,0
2026-09-07T17:14:13.215125,10.01,10.18,25,24.0,0
2026-09-07T17:14:25.655607,10.01,10.34,25,24.0,0
2026-09-07T17:14:40.767952,10.01,10.35,25,24.0,0
2026-09-07T17:14:54.593127,10.01,10.25,25,24.0,0
2026-09-07T17:15:08.368021,10.01,10.37,25,24.0,0
2026-09-07T17:15:20.940018,10.01,10.35,25,24.0,0
2026-09-07T17:15:34.873053,10.01,10.18,25,24.0,0
2026-09-07T17:15:49.809235,10.01,10.16,25,24.0,0
2026-09-07T17:16:02.786856,10.01,10.17,25,24.0,0
2026-09-07T17:16:18.204185,10.01,10.20,25,24.0,0
2026-09-07T17:16:30.624364,10.01,10.31,25,24.0,0
2026-09-07T17:16:43.080631,10.01,10.27,25,24.0,0
2026-09-07T17:17:07.850914,10.01,10.24,25,24.0,0
2026-09-07T17:17:21.646751,10.01,10.27,25,24.0,0
2026-09-07T17:17:34.014054,10.01,10.35,25,24.0,0
2026-09-07T17:17:47.863363,10.01,10.13,25,24.0,0
2026-09-07T17:18:00.615255,10.01,10.15,25,24.0,0
2026-09-07T17:18:15.835847,10.01,10.19,25,24.0,0
2026-09-07T17:18:30.971790,10.01,10.15,25,24.0,0
2026-09-07T17:18:43.452793,10.01,10.19,25,24.0,0
2026-09-07T17:18:55.978235,10.01,10.05,25,24.0,0
2026-09-07T17:19:09.695146,10.01,10.03,25,24.0,0
2026-09-07T17:19:24.736887,10.01,10.03,25,24.0,0
2026-09-07T17:19:46.790299,10.27,10.50,26,26.9,0
2026-09-07T17:19:59.262565,10.27,10.48,26,26.9,0
2026-09-07T17:20:11.884915,10.27,10.59,26,26.9,0
2026-09-07T17:20:28.346199,10.27,10.50,26,26.9,0
2026-09-07T17:20:42.101410,10.27,10.52,26,26.9,0
2026-09-07T17:20:54.586794,10.27,10.49,26,26.9,0
2026-09-07T17:21:08.930463,10.27,10.48,26,26.9,0
2026-09-07T17:21:21.414255,10.27,10.41,26,26.9,0
2026-09-07T17:21:36.373847,10.27,10.42,26,26.9,0
2026-09-07T17:21:52.117936,10.27,10.43,26,26.9,0
2026-09-07T17:22:04.770264,10.27,10.42,26,26.9,0
2026-09-07T17:22:17.239391,10.27,10.39,26,26.9,0
2026-09-07T17:22:41.721345,10.29,10.29,27,29.6,0
2026-09-07T17:22:56.786942,10.29,10.32,27,29.6,0
2026-09-07T17:23:10.594773,10.29,10.32,27,29.6,0
2026-09-07T17:23:23.063328,10.29,10.38,27,29.6,0
2026-09-07T17:23:35.805292,10.29,10.34,27,29.6,0
2026-09-07T17:23:49.686014,10.29,10.33,27,29.6,0
2026-09-07T17:24:04.755729,10.29,10.33,27,29.6,0
2026-09-07T17:24:17.223330,10.29,10.43,27,29.6,0
2026-09-07T17:24:32.697186,10.29,10.38,27,29.6,0
2026-09-07T17:24:45.202639,10.29,10.32,27,29.6,0
2026-09-07T17:24:57.719241,10.29,10.37,27,29.6,0
2026-09-07T17:25:14.056329,10.29,10.43,27,29.6,0
2026-09-07T17:25:26.570222,10.29,10.37,27,29.6,0
2026-09-07T17:25:39.064056,10.29,10.36,27,29.6,0
2026-09-07T17:25:53.171407,10.29,10.29,27,29.6,0
2026-09-07T17:26:05.586206,10.29,10.26,27,29.6,0
2026-09-07T17:26:20.554694,10.29,10.20,27,29.6,0
2026-09-07T17:26:34.947649,10.29,10.26,27,29.6,0
2026-09-07T17:26:47.496755,10.29,10.16,27,29.6,0
2026-09-07T17:26:59.956363,10.29,10.17,27,29.6,0
2026-09-07T17:27:13.987195,10.29,10.23,27,29.6,0
2026-09-07T17:27:28.947170,10.29,10.18,27,29.6,0
2026-09-07T17:27:41.462189,10.29,10.16,27,29.6,0
2026-09-07T17:27:55.117636,10.29,10.21,27,29.6,0
2026-09-07T17:28:07.657016,10.29,10.29,27,29.6,0
2026-09-07T17:28:20.133348,10.29,10.38,27,29.6,0
2026-09-07T17:28:37.574060,10.29,10.44,27,29.6,0
2026-09-07T17:28:50.044503,10.29,10.57,27,29.6,0
2026-09-07T17:29:02.577735,10.29,10.47,27,29.6,0
2026-09-07T17:29:17.596698,10.29,10.53,27,29.6,0
2026-09-07T17:29:30.464164,10.29,10.54,27,29.6,0
2026-09-07T17:29:47.706146,10.29,10.61,27,29.6,0
2026-09-07T17:30:00.460243,10.29,10.67,27,29.6,0
2026-09-07T17:30:12.985811,10.29,10.75,27,29.6,0
2026-09-07T17:30:26.804179,10.29,10.93,27,29.6,0
2026-09-07T17:30:39.327829,10.29,10.85,27,29.6,0
2026-09-07T17:30:54.571297,10.29,10.70,27,29.6,0
2026-09-07T17:31:16.879301,10.29,10.77,27,29.6,0
2026-09-07T17:31:29.424734,10.29,10.67,27,29.6,0
2026-09-07T17:31:41.877853,10.29,10.67,27,29.6,0
2026-09-07T17:31:58.323963,10.29,10.64,27,29.6,0
2026-09-07T17:32:10.935822,10.29,10.78,27,29.6,0
2026-09-07T17:32:23.754122,10.29,10.81,27,29.6,0
2026-09-07T17:32:37.684014,10.29,10.82,27,29.6,0
2026-09-07T17:32:50.108321,10.29,10.75,27,29.6,0
2026-09-07T17:33:05.124774,10.29,10.86,27,29.6,0
2026-09-07T17:33:18.865013,10.29,11.37,27,29.6,0
2026-09-07T17:33:31.738869,10.29,11.39,27,29.6,0
2026-09-07T17:33:44.252245,10.29,11.26,27,29.6,0
2026-09-07T17:33:58.041623,10.29,11.26,27,29.6,0
2026-09-07T17:34:13.128067,10.29,11.24,27,29.6,0
2026-09-07T17:34:25.642525,10.29,11.14,27,29.6,0
2026-09-07T17:34:39.522243,10.29,11.14,27,29.6,0
2026-09-07T17:34:52.107621,10.29,11.11,27,29.6,0
2026-09-07T17:35:04.756912,10.29,11.17,27,29.6,0
2026-09-07T17:35:21.143159,10.29,11.05,27,29.6,0
2026-09-07T17:35:33.728236,10.29,10.99,27,29.6,0
2026-09-07T17:35:46.196040,10.29,11.09,27,29.6,0
2026-09-07T17:36:00.232855,10.29,11.14,27,29.6,0
2026-09-07T17:36:12.856477,10.29,11.11,27,29.6,0
2026-09-07T17:36:28.089498,10.29,11.06,27,29.6,0
2026-09-07T17:36:41.904078,10.29,11.09,27,29.6,0
2026-09-07T17:36:54.390913,10.29,11.16,27,29.6,0
2026-09-07T17:37:06.887691,10.29,11.18,27,29.6,0
2026-09-07T17:37:21.535757,10.29,11.07,27,29.6,0
2026-09-07T17:37:36.531128,10.29,11.06,27,29.6,0
2026-09-07T17:37:48.996536,10.29,11.13,27,29.6,0
2026-09-07T17:38:02.805810,10.29,11.11,27,29.6,0
2026-09-07T17:38:15.456331,10.29,11.13,27,29.6,0
2026-09-07T17:38:27.902380,10.29,11.15,27,29.6,0
2026-09-07T17:38:44.099849,10.29,11.24,27,29.6,0
2026-09-07T17:38:56.558939,10.29,11.23,27,29.6,0
2026-09-07T17:39:09.045548,10.29,11.35,27,29.6,0
2026-09-07T17:39:36.814170,11.30,11.30,28,32.1,0
2026-09-07T17:39:51.888047,11.30,11.17,28,32.1,0
2026-09-07T17:40:05.725836,11.30,11.18,28,32.1,0
2026-09-07T17:40:18.164943,11.30,11.29,28,32.1,0
2026-09-07T17:40:30.688863,11.30,11.36,28,32.1,0
2026-09-07T17:40:45.314121,11.30,11.33,28,32.1,0
2026-09-07T17:41:00.407887,11.30,11.17,28,32.1,0
2026-09-07T17:41:14.271134,11.30,11.21,28,32.1,0
2026-09-07T17:41:26.829330,11.30,11.07,28,32.1,0
2026-09-07T17:41:39.277844,11.30,11.20,28,32.1,0
2026-09-07T17:41:52.972720,11.30,11.26,28,32.1,0
2026-09-07T17:42:08.070566,11.30,11.27,28,32.1,0
2026-09-07T17:42:20.539369,11.30,11.24,28,32.1,0
2026-09-07T17:42:34.392040,11.30,11.18,28,32.1,0
2026-09-07T17:42:46.836226,11.30,11.23,28,32.1,0
2026-09-07T17:42:59.342521,11.30,11.22,28,32.1,0
2026-09-07T17:43:16.261709,11.30,11.19,28,32.1,0
2026-09-07T17:43:28.754765,11.30,11.26,28,32.1,0
2026-09-07T17:43:41.243536,11.30,11.30,28,32.1,0
2026-09-07T17:43:55.062860,11.30,11.36,28,32.1,0
2026-09-07T17:44:07.589481,11.30,11.43,28,32.1,0
2026-09-07T17:44:22.599675,11.30,11.39,28,32.1,0
2026-09-07T17:44:36.949302,11.30,11.40,28,32.1,0
2026-09-07T17:44:49.831439,11.30,11.37,28,32.1,0
2026-09-07T17:45:11.950898,11.30,11.28,28,32.1,0
2026-09-07T17:45:27.114634,11.30,11.29,28,32.1,0
2026-09-07T17:45:39.642828,11.30,11.35,28,32.1,0
2026-09-07T17:45:53.918366,11.30,11.34,28,32.1,0
2026-09-07T17:46:06.319058,11.30,11.23,28,32.1,0
2026-09-07T17:46:18.826690,11.30,11.23,28,32.1,0
2026-09-07T17:46:35.741897,11.30,11.31,28,32.1,0
2026-09-07T17:46:48.226833,11.30,11.31,28,32.1,0
2026-09-07T17:47:00.671434,11.30,11.32,28,32.1,0
2026-09-07T17:47:14.651721,11.30,11.34,28,32.1,0
2026-09-07T17:47:27.141207,11.30,11.29,28,32.1,0
2026-09-07T17:47:42.104682,11.30,11.28,28,32.1,0
2026-09-07T17:47:56.835288,11.30,11.19,28,32.1,0
2026-09-07T17:48:09.352671,11.30,11.21,28,32.1,0
2026-09-07T17:48:31.258009,11.30,11.25,28,32.1,0
2026-09-07T17:48:47.763015,11.30,11.23,28,32.1,0
2026-09-07T17:49:02.370790,11.30,11.22,28,32.1,0
2026-09-07T17:49:14.873656,11.30,11.16,28,32.1,0
2026-09-07T17:49:27.387714,11.30,11.31,28,32.1,0
2026-09-07T17:49:41.273994,11.30,11.33,28,32.1,0
2026-09-07T17:49:56.341428,11.30,11.29,28,32.1,0
2026-09-07T17:50:08.817454,11.30,11.31,28,32.1,0
2026-09-07T17:50:22.770472,11.30,11.41,28,32.1,0
2026-09-07T17:50:35.222707,11.30,11.51,28,32.1,0
2026-09-07T17:50:48.772907,11.30,11.98,28,32.1,0
2026-09-07T17:51:05.242791,11.30,11.84,28,32.1,0
2026-09-07T17:51:17.883519,11.30,12.20,28,32.1,0
2026-09-07T17:51:30.352242,11.30,12.20,28,32.1,0
2026-09-07T17:51:45.360237,11.30,12.20,28,32.1,0
2026-09-07T17:51:58.286260,11.30,12.09,28,32.1,0
2026-09-07T17:52:16.545661,11.30,12.09,28,32.1,0
2026-09-07T17:52:28.978660,11.30,12.02,28,32.1,0
2026-09-07T17:52:41.897934,11.30,11.89,28,32.1,0
2026-09-07T17:52:55.807415,11.30,12.01,28,32.1,0
2026-09-07T17:53:08.338523,11.30,11.94,28,32.1,0
2026-09-07T17:53:25.620701,11.30,11.92,28,32.1,0
2026-09-07T17:53:38.160768,11.30,11.96,28,32.1,0
2026-09-07T17:53:50.632931,11.30,11.89,28,32.1,0
2026-09-07T17:54:05.271666,11.30,11.92,28,32.1,0
2026-09-07T17:54:17.795881,11.30,11.98,28,32.1,0
2026-09-07T17:54:34.505196,11.30,12.00,28,32.1,0
2026-09-07T17:54:47.031756,11.30,11.98,28,32.1,0
2026-09-07T17:54:59.636939,11.30,11.99,28,32.1,0
2026-09-07T17:55:13.873375,11.30,11.97,28,32.1,0
2026-09-07T17:55:26.486197,11.30,12.02,28,32.1,0
2026-09-07T17:55:41.559287,11.30,12.04,28,32.1,0
2026-09-07T17:55:56.245337,11.30,11.92,28,32.1,0
2026-09-07T17:56:09.092806,11.30,11.89,28,32.1,0
2026-09-07T17:56:33.551472,11.82,11.82,29,34.5,0
2026-09-07T17:56:48.528223,11.82,11.89,29,34.5,0
2026-09-07T17:57:02.653671,11.82,11.84,29,34.5,0
2026-09-07T17:57:15.115848,11.82,11.83,29,34.5,0
2026-09-07T17:57:27.734744,11.82,11.79,29,34.5,0
2026-09-07T17:57:41.644973,11.82,11.85,29,34.5,0
2026-09-07T17:57:56.757715,11.82,11.88,29,34.5,0
2026-09-07T17:58:09.151896,11.82,11.88,29,34.5,0
2026-09-07T17:58:24.025506,11.82,11.89,29,34.5,0
2026-09-07T17:58:36.630359,11.82,11.87,29,34.5,0
2026-09-07T17:58:49.270097,11.82,11.89,29,34.5,0
2026-09-07T17:59:06.566927,11.82,11.96,29,34.5,0
2026-09-07T17:59:28.054841,11.82,11.89,29,34.5,0
2026-09-07T17:59:41.925657,11.82,11.90,29,34.5,0
2026-09-07T17:59:54.479698,11.82,11.84,29,34.5,0
2026-09-07T18:00:11.981860,11.82,11.84,29,34.5,0
2026-09-07T18:00:24.482418,11.82,11.89,29,34.5,0
2026-09-07T18:00:37.071127,11.82,11.72,29,34.5,0
2026-09-07T18:00:50.992360,11.82,11.69,29,34.5,0
2026-09-07T18:01:03.486648,11.82,11.73,29,34.5,0
2026-09-07T18:01:18.658519,11.82,11.77,29,34.5,0
2026-09-07T18:01:33.146272,11.82,11.79,29,34.5,0
2026-09-07T18:01:45.677704,11.82,11.77,29,34.5,0
2026-09-07T18:01:58.160769,11.82,11.86,29,34.5,0
2026-09-07T18:02:12.891829,11.82,12.02,29,34.5,0
2026-09-07T18:02:28.271427,11.82,12.13,29,34.5,0
2026-09-07T18:02:42.196105,11.82,12.31,29,34.5,0
2026-09-07T18:02:54.884787,11.82,12.24,29,34.5,0
2026-09-07T18:03:07.417466,11.82,12.24,29,34.5,0
2026-09-07T18:03:21.096595,11.82,12.14,29,34.5,0
2026-09-07T18:03:36.076873,11.82,12.23,29,34.5,0
2026-09-07T18:03:48.760673,11.82,12.27,29,34.5,0
2026-09-07T18:04:03.180528,11.82,12.28,29,34.5,0
2026-09-07T18:04:15.704195,11.82,12.31,29,34.5,0
2026-09-07T18:04:28.260774,11.82,12.19,29,34.5,0
2026-09-07T18:04:45.067199,11.82,12.13,29,34.5,0
2026-09-07T18:04:57.557460,11.82,12.22,29,34.5,0
2026-09-07T18:05:09.970487,11.82,12.25,29,34.5,0
2026-09-07T18:05:23.900014,11.82,12.17,29,34.5,0
2026-09-07T18:05:36.567246,11.82,12.35,29,34.5,0
2026-09-07T18:05:51.666357,11.82,12.31,29,34.5,0
2026-09-07T18:06:05.986164,11.82,12.36,29,34.5,0
2026-09-07T18:06:18.478863,11.82,12.45,29,34.5,0
2026-09-07T18:06:30.919335,11.82,12.48,29,34.5,0
2026-09-07T18:06:44.694842,11.82,12.45,29,34.5,0
2026-09-07T18:06:59.966723,11.82,12.54,29,34.5,0
2026-09-07T18:07:12.634196,11.82,12.48,29,34.5,0
2026-09-07T18:07:26.555553,11.82,12.40,29,34.5,0
2026-09-07T18:07:39.072157,11.82,12.34,29,34.5,0
2026-09-07T18:07:51.572109,11.82,12.35,29,34.5,0
2026-09-07T18:08:08.864538,11.82,12.42,29,34.5,0
2026-09-07T18:08:21.330869,11.82,12.26,29,34.5,0
2026-09-07T18:08:33.896440,11.82,12.33,29,34.5,0
2026-09-07T18:08:48.603453,11.82,12.33,29,34.5,0
2026-09-07T18:09:01.587854,11.82,12.38,29,34.5,0
2026-09-07T18:09:17.913646,11.82,12.39,29,34.5,0
2026-09-07T18:09:30.468339,11.82,12.37,29,34.5,0
2026-09-07T18:09:43.081995,11.82,12.34,29,34.5,0
2026-09-07T18:09:57.086372,11.82,12.38,29,34.5,0
2026-09-07T18:10:09.614592,11.82,12.38,29,34.5,0
2026-09-07T18:10:24.781771,11.82,12.45,29,34.5,0
2026-09-07T18:10:38.880896,11.82,12.12,29,34.5,0
2026-09-07T18:10:51.385954,11.82,12.27,29,34.5,0
2026-09-07T18:11:05.046792,11.82,12.26,29,34.5,0
2026-09-07T18:11:22.825523,11.82,12.24,29,34.5,0
2026-09-07T18:11:38.424001,11.82,12.26,29,34.5,0
2026-09-07T18:11:52.613771,11.82,12.31,29,34.5,0
2026-09-07T18:12:05.351504,11.82,12.26,29,34.5,0
2026-09-07T18:12:17.884104,11.82,12.25,29,34.5,0
2026-09-07T18:12:31.808818,11.82,12.30,29,34.5,0
2026-09-07T18:12:46.900631,11.82,12.28,29,34.5,0
2026-09-07T18:12:59.738394,11.82,12.42,29,34.5,0
2026-09-07T18:13:30.922346,12.17,12.17,30,36.7,0
2026-09-07T18:13:43.477480,12.17,12.23,30,36.7,0
2026-09-07T18:14:00.886022,12.17,12.34,30,36.7,0
2026-09-07T18:14:13.488295,12.17,12.26,30,36.7,0
2026-09-07T18:14:26.259200,12.17,12.25,30,36.7,0
2026-09-07T18:14:40.840756,12.17,12.22,30,36.7,0
2026-09-07T18:14:54.659276,12.17,12.17,30,36.7,0
2026-09-07T18:15:12.506700,12.17,12.31,30,36.7,0
2026-09-07T18:15:26.286084,12.17,12.24,30,36.7,0
2026-09-07T18:15:40.013335,12.17,11.99,30,36.7,0
2026-09-07T18:15:56.079141,12.17,11.98,30,36.7,0
2026-09-07T18:16:10.839210,12.17,12.02,30,36.7,0
2026-09-07T18:16:27.194218,12.17,12.23,30,36.7,0
2026-09-07T18:16:40.775398,12.17,12.19,30,36.7,0
2026-09-07T18:16:54.688070,12.17,12.13,30,36.7,0
2026-09-07T18:17:10.317216,12.17,12.20,30,36.7,0
2026-09-07T18:17:24.565307,12.17,12.09,30,36.7,0
2026-09-07T18:17:41.056437,12.17,12.08,30,36.7,0
2026-09-07T18:17:54.490459,12.17,12.02,30,36.7,0
2026-09-07T18:18:08.001097,12.17,12.02,30,36.7,0
2026-09-07T18:18:22.731831,12.17,12.09,30,36.7,0
2026-09-07T18:18:36.882432,12.17,12.08,30,36.7,0
2026-09-07T18:18:53.199745,12.17,12.13,30,36.7,0
2026-09-07T18:19:06.618408,12.17,12.08,30,36.7,0
2026-09-07T18:19:20.152885,12.17,12.16,30,36.7,0
2026-09-07T18:19:34.840166,12.17,12.15,30,36.7,0
2026-09-07T18:19:49.241096,12.17,12.11,30,36.7,0
2026-09-07T18:20:05.925730,12.17,12.15,30,36.7,0
2026-09-07T18:20:19.882537,12.17,11.90,30,36.7,0
2026-09-07T18:20:33.389735,12.17,11.96,30,36.7,0
2026-09-07T18:20:48.410827,12.17,12.08,30,36.7,0
2026-09-07T18:21:02.473384,12.17,12.10,30,36.7,0
2026-09-07T18:21:19.527742,12.17,12.11,30,36.7,0
2026-09-07T18:21:33.267296,12.17,12.21,30,36.7,0
2026-09-07T18:21:47.046828,12.17,12.17,30,36.7,0
2026-09-07T18:22:01.804084,12.17,12.18,30,36.7,0
2026-09-07T18:22:16.235097,12.17,12.09,30,36.7,0
2026-09-07T18:22:32.857179,12.17,12.02,30,36.7,0
2026-09-07T18:22:46.511301,12.17,11.97,30,36.7,0
2026-09-07T18:23:00.496481,12.17,11.99,30,36.7,0
2026-09-07T18:23:15.811008,12.17,12.06,30,36.7,0
2026-09-07T18:23:30.188826,12.17,12.11,30,36.7,0
2026-09-07T18:23:47.331368,12.17,12.11,30,36.7,0
2026-09-07T18:24:00.962942,12.17,12.16,30,36.7,0
2026-09-07T18:24:14.881293,12.17,12.31,30,36.7,0
2026-09-07T18:24:30.236848,12.17,12.30,30,36.7,0
2026-09-07T18:24:44.758500,12.17,12.21,30,36.7,0
2026-09-07T18:25:01.687858,12.17,12.24,30,36.7,0
2026-09-07T18:25:15.345410,12.17,12.30,30,36.7,0
2026-09-07T18:25:29.150748,12.17,12.16,30,36.7,0
2026-09-07T18:25:45.125368,12.17,12.17,30,36.7,0
2026-09-07T18:25:59.341445,12.17,12.17,30,36.7,0
2026-09-07T18:26:15.694754,12.17,12.14,30,36.7,0
2026-09-07T18:26:29.339625,12.17,12.12,30,36.7,0
2026-09-07T18:26:45.443418,12.17,12.10,30,36.7,0
2026-09-07T18:26:59.200066,12.17,12.00,30,36.7,0
2026-09-07T18:27:13.357106,12.17,11.78,30,36.7,0
2026-09-07T18:27:35.981958,11.40,11.40,31,35.5,0
2026-09-07T18:27:53.250990,11.40,11.40,31,35.5,0
2026-09-07T18:28:08.272853,11.40,11.48,31,35.5,0
2026-09-07T18:28:33.226910,11.40,11.54,31,35.5,0
2026-09-07T18:28:48.794072,11.40,11.36,31,35.5,0
2026-09-07T18:29:03.182871,11.40,11.36,31,35.5,0
2026-09-07T18:29:18.585971,11.40,11.32,31,35.5,0
2026-09-07T18:29:34.846532,11.40,11.27,31,35.5,0
2026-09-07T18:29:50.047250,11.40,11.09,31,35.5,0
2026-09-07T18:30:04.227792,11.40,11.39,31,35.5,0
2026-09-07T18:30:17.973146,11.40,11.46,31,35.5,0
2026-09-07T18:30:37.657225,11.40,11.48,31,35.5,0
2026-09-07T18:30:54.231766,11.40,11.35,31,35.5,0
2026-09-07T18:31:09.796481,11.40,11.54,31,35.5,0
2026-09-07T18:31:28.575445,11.40,10.48,31,35.5,0
2026-09-07T18:31:45.869853,11.40,10.61,31,35.5,0
2026-09-07T18:32:35.528187,10.67,10.39,32,34.4,0
2026-09-07T18:32:50.733640,10.67,10.64,32,34.4,0
2026-09-07T18:33:09.117509,10.67,10.51,32,34.4,0
2026-09-07T18:33:26.712501,10.67,10.36,32,34.4,0
2026-09-07T18:33:44.144849,10.67,10.46,32,34.4,0
2026-09-07T18:33:59.433615,10.67,10.57,32,34.4,0
2026-09-07T18:34:15.372699,10.67,10.71,32,34.4,0
2026-09-07T18:34:31.881377,10.67,10.64,32,34.4,0
2026-09-07T18:34:48.047895,10.67,10.70,32,34.4,0
2026-09-07T18:36:17.971861,10.67,10.62,32,34.4,0
2026-09-07T18:36:36.884723,10.67,10.04,32,34.4,0
2026-09-07T18:36:51.917823,10.67,10.17,32,34.4,0
2026-09-07T18:37:05.233767,10.67,10.16,32,34.4,0
2026-09-07T18:37:18.655922,10.67,10.18,32,34.4,0
2026-09-07T18:37:33.916332,10.67,10.26,32,34.4,0
2026-09-07T18:37:49.880919,10.67,10.39,32,34.4,0
2026-09-07T18:38:04.601843,10.67,10.29,32,34.4,0
2026-09-07T18:38:17.598303,10.67,10.23,32,34.4,0
2026-09-07T18:38:31.008221,10.67,10.24,32,34.4,0
2026-09-07T18:38:46.275861,10.67,10.17,32,34.4,0
2026-09-07T18:39:03.057340,10.67,10.06,32,34.4,0
2026-09-07T18:39:18.831724,10.67,10.01,32,34.4,0
2026-09-07T18:39:33.428347,10.67,10.08,32,34.4,0
2026-09-07T18:39:48.576366,10.67,9.97,32,34.4,0
2026-09-07T18:40:04.449323,10.67,10.09,32,34.4,0
2026-09-07T18:40:19.115460,10.67,10.02,32,34.4,0
2026-09-07T18:40:32.076620,10.67,9.83,32,34.4,0
2026-09-07T18:40:45.388598,10.67,9.97,32,34.4,0
2026-09-07T18:40:59.691296,10.67,10.12,32,34.4,0
2026-09-07T18:41:15.382236,10.67,9.99,32,34.4,0
2026-09-07T18:41:37.426279,9.99,9.93,33,33.3,49
2026-09-07T18:41:49.898150,9.99,9.92,33,33.3,48
2026-09-07T18:42:02.497547,9.99,9.89,33,33.3,47
2026-09-07T18:42:18.014981,9.99,9.88,33,33.3,46
2026-09-07T18:42:30.527642,9.99,9.85,33,33.3,45
2026-09-07T18:42:43.600853,9.99,9.72,33,33.3,44
2026-09-07T18:42:56.212678,9.99,9.72,33,33.3,43
2026-09-07T18:43:09.991281,9.99,9.69,33,33.3,42
2026-09-07T18:43:27.369586,9.99,9.63,33,33.3,41
2026-09-07T18:43:40.187069,9.99,9.62,33,33.3,40
2026-09-07T18:43:53.411730,9.99,9.55,33,33.3,39
2026-09-07T18:44:06.208559,9.99,9.48,33,33.3,38
2026-09-07T18:44:18.992708,9.99,9.36,33,33.3,37
2026-09-07T18:44:42.747942,9.43,9.43,34,32.4,36
2026-09-07T18:44:56.341846,9.43,9.43,34,32.4,35
2026-09-07T18:45:09.310882,9.43,9.43,34,32.4,34
2026-09-07T18:45:22.253258,9.43,9.43,34,32.4,33
2026-09-07T18:45:46.162929,9.43,9.43,34,32.4,32
2026-09-07T18:45:58.951765,9.43,9.43,34,32.4,31
2026-09-07T18:46:11.689013,9.43,9.43,34,32.4,30
2026-09-07T18:46:24.958742,9.43,9.43,34,32.4,29
2026-09-07T18:46:37.658773,9.43,9.43,34,32.4,28
2026-09-07T18:46:53.537629,9.43,9.43,34,32.4,27
2026-09-07T18:47:06.383747,9.43,9.43,34,32.4,26
2026-09-07T18:47:19.281379,9.43,9.43,34,32.4,25
2026-09-07T18:47:32.744635,9.43,9.43,34,32.4,24
2026-09-07T18:47:46.470328,9.43,9.43,34,32.4,23
2026-09-07T18:48:02.338724,9.43,9.43,34,32.4,22
2026-09-07T18:48:15.744799,9.43,9.43,34,32.4,21
2026-09-07T18:48:28.460728,9.43,9.43,34,32.4,20
2026-09-07T18:48:41.146694,9.43,9.43,34,32.4,19
2026-09-07T18:48:53.844590,9.43,9.43,34,32.4,18
2026-09-07T18:49:10.188946,9.43,9.43,34,32.4,17
2026-09-07T18:49:22.828023,9.43,9.43,34,32.4,16
2026-09-07T18:49:35.622771,9.43,9.43,34,32.4,15
2026-09-07T18:49:48.426258,9.43,9.43,34,32.4,14
2026-09-07T18:50:01.664815,9.43,9.43,34,32.4,13
2026-09-07T18:50:18.828685,9.43,9.43,34,32.4,12
2026-09-07T18:50:32.037963,9.43,9.43,34,32.4,11
2026-09-07T18:50:45.356917,9.43,9.43,34,32.4,10
2026-09-07T18:50:58.051342,9.43,9.43,34,32.4,9
2026-09-07T18:51:10.966807,9.43,9.43,34,32.4,8
2026-09-07T18:51:28.676514,9.43,9.43,34,32.4,7
2026-09-07T18:51:41.596587,9.43,9.43,34,32.4,6
2026-09-07T18:51:54.943963,9.43,9.43,34,32.4,5
2026-09-07T18:52:08.331857,9.43,9.43,34,32.4,4
2026-09-07T18:52:21.121780,9.43,9.43,34,32.4,3
2026-09-07T18:52:37.846324,9.43,9.43,34,32.4,2
2026-09-07T18:52:51.528527,9.43,9.43,34,32.4,1
2026-09-07T18:53:06.396759,9.43,9.43,34,32.4,0
2026-09-07T18:53:20.335838,9.43,9.43,34,32.4,0
2026-09-07T18:53:40.036430,9.43,9.43,34,32.4,0
2026-09-07T18:53:56.997892,9.43,9.49,34,32.4,0
2026-09-07T18:54:11.724962,9.43,9.36,34,32.4,0
2026-09-07T18:54:25.422098,9.43,9.38,34,32.4,0
2026-09-07T18:54:39.140325,9.43,9.38,34,32.4,0
2026-09-07T18:54:53.924146,9.43,9.40,34,32.4,0
2026-09-07T18:55:11.526418,9.43,9.35,34,32.4,0
2026-09-07T18:55:26.799019,9.43,9.38,34,32.4,0
2026-09-07T18:55:40.089822,9.43,9.41,34,32.4,0
2026-09-07T18:55:52.971004,9.43,9.36,34,32.4,0
2026-09-07T18:56:08.134918,9.43,9.37,34,32.4,0
2026-09-07T18:56:25.301277,9.43,9.37,34,32.4,0
2026-09-07T18:56:39.722249,9.43,9.49,34,32.4,0
2026-09-07T18:56:52.908664,9.43,9.49,34,32.4,0
2026-09-07T18:57:06.269370,9.43,9.40,34,32.4,0
2026-09-07T18:57:21.966319,9.43,9.34,34,32.4,0
2026-09-07T18:57:37.901152,9.43,9.33,34,32.4,0
2026-09-07T18:57:51.978041,9.43,9.32,34,32.4,0
2026-09-07T18:58:04.851758,9.43,9.34,34,32.4,0
2026-09-07T18:58:17.624310,9.43,9.40,34,32.4,0
2026-09-07T18:58:31.944995,9.43,9.41,34,32.4,0
2026-09-07T18:58:48.971830,9.43,9.35,34,32.4,0
2026-09-07T18:59:03.266953,9.43,9.34,34,32.4,0
2026-09-07T18:59:16.591140,9.43,9.23,34,32.4,0
2026-09-07T18:59:29.625752,9.43,9.29,34,32.4,0
2026-09-07T18:59:43.830193,9.43,9.30,34,32.4,0
2026-09-07T19:00:08.135363,9.43,9.29,34,32.4,0
2026-09-07T19:00:22.586148,9.43,9.25,34,32.4,0
2026-09-07T19:00:35.380915,9.43,9.24,34,32.4,0
2026-09-07T19:00:48.108154,9.43,9.25,34,32.4,0
2026-09-07T19:01:02.369466,9.43,9.21,34,32.4,0
2026-09-07T19:01:18.073777,9.43,9.34,34,32.4,0
2026-09-07T19:01:32.309635,9.43,9.27,34,32.4,0
2026-09-07T19:01:45.265624,9.43,9.25,34,32.4,0
2026-09-07T19:01:58.211724,9.43,9.17,34,32.4,0
2026-09-07T19:02:12.727455,9.43,9.15,34,32.4,0
2026-09-07T19:02:28.291757,9.43,9.26,34,32.4,0
2026-09-07T19:02:42.407966,9.43,9.31,34,32.4,0
2026-09-07T19:02:55.328112,9.43,9.32,34,32.4,0
2026-09-07T19:03:08.297465,9.43,9.34,34,32.4,0
2026-09-07T19:03:22.470252,9.43,9.40,34,32.4,0
2026-09-07T19:03:38.580847,9.43,9.43,34,32.4,0
2026-09-07T19:03:53.707463,9.43,9.42,34,32.4,0
2026-09-07T19:04:06.726067,9.43,9.41,34,32.4,0
2026-09-07T19:04:20.192783,9.43,9.49,34,32.4,0
2026-09-07T19:04:35.073259,9.43,9.47,34,32.4,0
2026-09-07T19:04:51.712434,9.43,9.49,34,32.4,0
2026-09-07T19:05:07.298949,9.43,9.50,34,32.4,0
2026-09-07T19:05:20.209665,9.43,9.58,34,32.4,0
2026-09-07T19:05:43.986695,9.43,9.63,34,32.4,0
2026-09-07T19:06:17.574543,9.43,9.60,34,32.4,0
2026-09-07T19:06:30.786348,9.43,9.45,34,32.4,0
2026-09-07T19:06:43.973185,9.43,9.48,34,32.4,0
2026-09-07T19:06:58.641335,9.43,9.50,34,32.4,0
2026-09-07T19:07:12.650002,9.43,9.47,34,32.4,0
2026-09-07T19:07:30.632756,9.43,9.48,34,32.4,0
2026-09-07T19:07:43.756105,9.43,9.51,34,32.4,0
2026-09-07T19:07:57.315587,9.43,9.49,34,32.4,0
2026-09-07T19:08:11.871870,9.43,9.47,34,32.4,0
2026-09-07T19:08:25.129354,9.43,9.46,34,32.4,0
2026-09-07T19:09:05.645022,9.43,9.66,34,32.4,0
2026-09-07T19:09:20.590047,9.43,9.66,34,32.4,0
2026-09-07T19:09:33.659863,9.43,9.67,34,32.4,0
2026-09-07T19:09:48.394556,9.43,9.54,34,32.4,0
2026-09-07T19:10:06.159338,9.43,9.52,34,32.4,0
2026-09-07T19:10:30.721090,9.49,9.49,35,34.3,0
2026-09-07T19:10:44.163773,9.49,9.49,35,34.3,0
2026-09-07T19:10:58.045340,9.49,9.49,35,34.3,0
2026-09-07T19:11:16.133491,9.49,9.49,35,34.3,0
2026-09-07T19:11:29.833204,9.49,9.49,35,34.3,0
2026-09-07T19:11:45.824264,9.49,9.49,35,34.3,0
2026-09-07T19:12:00.149074,9.49,9.49,35,34.3,0
2026-09-07T19:12:18.491082,9.49,9.49,35,34.3,0
2026-09-07T19:12:32.146171,9.49,9.49,35,34.3,0
2026-09-07T19:12:45.775154,9.49,9.49,35,34.3,0
2026-09-07T19:13:01.885046,9.49,9.49,35,34.3,0
2026-09-07T19:13:15.248465,9.49,9.49,35,34.3,0
2026-09-07T19:13:34.717700,9.49,9.49,35,34.3,0
2026-09-07T19:13:48.603794,9.49,9.49,35,34.3,0
2026-09-07T19:14:07.285287,9.49,9.49,35,34.3,0
2026-09-07T19:14:21.762324,9.49,9.49,35,34.3,0
2026-09-07T19:14:41.540516,9.49,9.49,35,34.3,0
2026-09-07T19:14:55.285776,9.49,9.49,35,34.3,0
2026-09-07T19:15:11.441749,9.49,9.49,35,34.3,0
2026-09-07T19:15:25.246258,9.49,9.49,35,34.3,0
2026-09-07T19:15:43.529293,9.49,9.49,35,34.3,0
2026-09-07T19:16:06.278465,9.49,9.49,35,34.3,0
2026-09-07T19:16:21.203483,9.49,9.49,35,34.3,0
2026-09-07T19:16:34.824038,9.49,9.49,35,34.3,0
2026-09-07T19:16:53.125746,9.49,9.49,35,34.3,0
2026-09-07T19:17:06.584232,9.49,9.49,35,34.3,0
2026-09-07T19:17:20.581055,9.49,9.49,35,34.3,0
2026-09-07T19:17:35.871254,9.49,9.49,35,34.3,0
2026-09-07T19:17:49.688772,9.49,9.49,35,34.3,0
2026-09-07T19:18:07.732860,9.49,9.49,35,34.3,0
2026-09-07T19:18:21.426406,9.49,9.49,35,34.3,0
2026-09-07T19:18:34.808538,9.49,9.49,35,34.3,0
2026-09-07T19:18:51.484459,9.49,9.49,35,34.3,0
2026-09-07T19:19:07.954067,9.49,9.49,35,34.3,0
2026-09-07T19:19:23.463891,9.49,9.49,35,34.3,0
2026-09-07T19:19:37.031059,9.49,9.49,35,34.3,0
2026-09-07T19:19:50.779848,9.49,9.49,35,34.3,0
2026-09-07T19:20:05.769321,9.49,9.49,35,34.3,0
2026-09-07T19:20:22.091009,9.49,9.49,35,34.3,0
2026-09-07T19:20:36.748093,9.49,9.49,35,34.3,0
2026-09-07T19:20:50.160724,9.49,9.49,35,34.3,0
2026-09-07T19:21:03.798382,9.49,9.49,35,34.3,0
2026-09-07T19:21:18.930490,9.49,9.49,35,34.3,0
2026-09-07T19:21:35.545157,9.49,9.49,35,34.3,0
2026-09-07T19:21:50.629710,9.49,9.49,35,34.3,0
2026-09-07T19:22:09.125529,9.49,9.49,35,34.3,0
2026-09-07T19:22:23.874270,9.49,9.61,35,34.3,0
2026-09-07T19:22:40.743351,9.49,9.55,35,34.3,0
2026-09-07T19:22:55.636543,9.49,9.55,35,34.3,0
2026-09-07T19:23:08.963107,9.49,9.55,35,34.3,0
2026-09-07T19:23:22.124758,9.49,9.53,35,34.3,0
2026-09-07T19:23:37.954167,9.49,9.57,35,34.3,0
2026-09-07T19:23:54.325330,9.49,9.55,35,34.3,0
2026-09-07T19:24:09.951724,9.49,9.57,35,34.3,0
2026-09-07T19:24:23.943625,9.49,9.59,35,34.3,0
2026-09-07T19:24:43.434140,9.49,9.57,35,34.3,0
2026-09-07T19:24:59.939970,9.49,9.50,35,34.3,0
2026-09-07T19:25:15.177969,9.49,9.51,35,34.3,0
2026-09-07T19:25:29.063208,9.49,9.52,35,34.3,0
2026-09-07T19:25:43.033914,9.49,9.59,35,34.3,0
2026-09-07T19:25:58.483764,9.49,9.61,35,34.3,0
2026-09-07T19:26:15.300004,9.49,9.55,35,34.3,0
2026-09-07T19:26:30.074261,9.49,9.64,35,34.3,0
2026-09-07T19:26:43.332720,9.49,9.68,35,34.3,0
2026-09-07T19:26:56.917480,9.49,9.64,35,34.3,0
2026-09-07T19:27:11.849664,9.49,9.65,35,34.3,0
2026-09-07T19:27:29.355699,9.49,9.63,35,34.3,0
2026-09-07T19:27:43.868710,9.49,9.62,35,34.3,0
2026-09-07T19:27:57.136201,9.49,9.62,35,34.3,0
2026-09-07T19:28:10.159856,9.49,9.65,35,34.3,0
2026-09-07T19:28:24.367500,9.49,9.73,35,34.3,0
2026-09-07T19:28:39.891841,9.49,9.72,35,34.3,0
2026-09-07T19:28:54.287771,9.49,9.68,35,34.3,0
2026-09-07T19:29:07.398952,9.49,9.72,35,34.3,0
2026-09-07T19:29:20.298254,9.49,9.70,35,34.3,0
2026-09-07T19:29:34.907461,9.49,9.75,35,34.3,0
2026-09-07T19:29:50.932267,9.49,9.84,35,34.3,0
2026-09-07T19:30:05.258450,9.49,9.89,35,34.3,0
2026-09-07T19:30:18.270768,9.49,9.88,35,34.3,0
2026-09-07T19:30:31.521333,9.49,9.87,35,34.3,0
2026-09-07T19:30:46.485466,9.49,9.97,35,34.3,0
2026-09-07T19:31:11.706234,9.49,10.06,35,34.3,0
2026-09-07T19:31:26.223402,9.49,9.85,35,34.3,0
2026-09-07T19:31:39.279614,9.49,9.95,35,34.3,0
2026-09-07T19:31:52.371180,9.49,9.92,35,34.3,0
2026-09-07T19:32:07.132789,9.49,9.88,35,34.3,0
2026-09-07T19:32:22.785294,9.49,9.86,35,34.3,0
2026-09-07T19:32:37.694902,9.49,9.83,35,34.3,0
2026-09-07T19:32:51.230323,9.49,9.72,35,34.3,0
2026-09-07T19:33:04.415415,9.49,9.68,35,34.3,0
2026-09-07T19:33:19.207990,9.49,9.58,35,34.3,0
2026-09-07T19:33:35.373385,9.49,9.66,35,34.3,0
2026-09-07T19:33:49.686477,9.49,9.81,35,34.3,0
2026-09-07T19:34:02.756994,9.49,9.78,35,34.3,0
2026-09-07T19:34:15.917504,9.49,9.85,35,34.3,0
2026-09-07T19:34:30.386618,9.49,9.89,35,34.3,0
2026-09-07T19:34:46.575041,9.49,9.97,35,34.3,0
2026-09-07T19:35:00.956188,9.49,9.88,35,34.3,0
2026-09-07T19:35:14.103979,9.49,9.91,35,34.3,0
2026-09-07T19:35:27.122098,9.49,9.94,35,34.3,0
2026-09-07T19:35:41.835720,9.49,9.74,35,34.3,0
2026-09-07T19:35:57.638499,9.49,9.82,35,34.3,0
2026-09-07T19:36:12.010094,9.49,9.79,35,34.3,0
2026-09-07T19:36:25.182024,9.49,9.85,35,34.3,0
2026-09-07T19:36:38.360024,9.49,9.88,35,34.3,0
2026-09-07T19:37:01.561946,9.49,9.95,35,34.3,0
2026-09-07T19:37:25.826718,9.49,9.94,35,34.3,0
2026-09-07T19:37:39.293960,9.49,9.93,35,34.3,0
2026-09-07T19:37:52.259115,9.49,9.81,35,34.3,0
2026-09-07T19:38:07.935088,9.49,9.88,35,34.3,0
2026-09-07T19:38:24.485281,9.49,9.91,35,34.3,0
2026-09-07T19:38:40.659194,9.49,9.92,35,34.3,0
2026-09-07T19:39:02.390469,9.51,9.81,36,36.1,0
2026-09-07T19:39:22.881352,9.51,9.90,36,36.1,0
2026-09-07T19:39:39.939768,9.51,9.71,36,36.1,0
2026-09-07T19:39:56.028387,9.51,9.69,36,36.1,0
2026-09-07T19:40:09.759750,9.51,9.61,36,36.1,0
2026-09-07T19:40:23.082190,9.51,9.68,36,36.1,0
2026-09-07T19:40:39.083522,9.51,9.70,36,36.1,0
2026-09-07T19:40:55.408263,9.51,9.65,36,36.1,0
2026-09-07T19:41:10.600492,9.51,9.67,36,36.1,0
2026-09-07T19:41:31.933475,9.72,9.68,37,37.8,0
2026-09-07T19:41:47.815165,9.72,9.66,37,37.8,0
2026-09-07T19:42:04.638329,9.72,9.68,37,37.8,0
2026-09-07T19:42:20.018591,9.72,9.68,37,37.8,0
2026-09-07T19:42:33.304032,9.72,9.68,37,37.8,0
2026-09-07T19:42:47.192643,9.72,9.72,37,37.8,0
2026-09-07T19:43:02.086969,9.72,9.70,37,37.8,0
2026-09-07T19:43:19.221776,9.72,9.74,37,37.8,0
2026-09-07T19:43:34.401314,9.72,9.74,37,37.8,0
2026-09-07T19:43:47.965208,9.72,9.72,37,37.8,0
2026-09-07T19:44:01.676645,9.72,9.68,37,37.8,0
2026-09-07T19:44:16.501976,9.72,9.68,37,37.8,0
2026-09-07T19:44:32.909241,9.72,9.70,37,37.8,0
2026-09-07T19:44:48.643249,9.72,9.80,37,37.8,0
2026-09-07T19:45:02.351757,9.72,9.82,37,37.8,0
2026-09-07T19:45:18.763795,9.72,9.84,37,37.8,0
2026-09-07T19:45:35.372565,9.72,9.80,37,37.8,0
2026-09-07T19:45:50.461908,9.72,9.78,37,37.8,0
2026-09-07T19:46:03.979752,9.72,9.76,37,37.8,0
2026-09-07T19:46:17.478390,9.72,9.74,37,37.8,0
2026-09-07T19:46:44.978555,9.72,9.74,37,37.8,0
2026-09-07T19:47:00.042965,9.72,9.72,37,37.8,0
2026-09-07T19:47:15.382502,9.72,9.74,37,37.8,0
2026-09-07T19:47:29.083330,9.72,9.74,37,37.8,0
2026-09-07T19:47:47.404956,9.72,9.72,37,37.8,0
2026-09-07T19:48:00.889408,9.72,9.74,37,37.8,0
2026-09-07T19:48:14.732269,9.72,9.74,37,37.8,0
2026-09-07T19:48:29.845327,9.72,9.88,37,37.8,0
2026-09-07T19:48:43.194701,9.72,9.88,37,37.8,0
2026-09-07T19:49:02.713179,9.72,9.86,37,37.8,0
2026-09-07T19:49:15.900003,9.72,9.82,37,37.8,0
2026-09-07T19:49:29.250640,9.72,9.82,37,37.8,0
2026-09-07T19:49:45.136143,9.72,9.82,37,37.8,0
2026-09-07T19:49:58.716647,9.72,9.78,37,37.8,0
2026-09-07T19:50:19.307029,9.72,9.78,37,37.8,0
2026-09-07T19:50:33.704472,9.72,9.76,37,37.8,0
2026-09-07T19:50:48.858886,9.72,9.74,37,37.8,0
2026-09-07T19:51:02.275867,9.72,9.74,37,37.8,0
2026-09-07T19:51:21.149311,9.72,9.72,37,37.8,0
2026-09-07T19:51:34.805607,9.72,9.74,37,37.8,0
2026-09-07T19:51:49.028902,9.72,9.74,37,37.8,0
2026-09-07T19:52:04.806237,9.72,9.72,37,37.8,0
2026-09-07T19:52:22.149512,9.72,9.72,37,37.8,0
2026-09-07T19:52:38.134127,9.72,9.72,37,37.8,0
2026-09-07T19:52:52.290414,9.72,9.72,37,37.8,0
2026-09-07T19:53:06.822548,9.72,9.68,37,37.8,0
2026-09-07T19:53:26.908359,9.72,9.72,37,37.8,0
2026-09-07T19:53:42.685112,9.72,9.72,37,37.8,0
2026-09-07T19:53:58.750995,9.72,9.64,37,37.8,0
2026-09-07T19:54:13.311466,9.72,9.66,37,37.8,0
2026-09-07T19:54:32.917101,9.72,9.66,37,37.8,0
2026-09-07T19:54:50.008112,9.72,9.68,37,37.8,0
2026-09-07T19:55:04.286880,9.72,9.70,37,37.8,0
2026-09-07T19:55:18.042540,9.72,9.68,37,37.8,0
2026-09-07T19:55:37.880074,9.72,9.68,37,37.8,0
2026-09-07T19:55:51.487457,9.72,9.68,37,37.8,0
2026-09-07T19:56:15.736251,9.66,9.66,38,36.8,0
2026-09-07T19:56:29.275287,9.66,9.66,38,36.8,0
2026-09-07T19:56:48.228131,9.66,9.66,38,36.8,0
2026-09-07T19:57:02.843565,9.66,9.66,38,36.8,0
2026-09-07T19:57:16.244324,9.66,9.66,38,36.8,0
2026-09-07T19:57:31.480378,9.66,9.66,38,36.8,0
2026-09-07T19:57:46.244140,9.66,9.66,38,36.8,0
2026-09-07T19:58:05.204927,9.66,9.66,38,36.8,0
2026-09-07T19:58:19.287554,9.66,9.66,38,36.8,0
2026-09-07T19:58:34.039881,9.66,9.66,38,36.8,0
2026-09-07T19:58:47.995806,9.66,9.66,38,36.8,0
2026-09-07T19:59:01.318233,9.66,9.66,38,36.8,0
2026-09-07T19:59:19.146181,9.66,9.66,38,36.8,0
2026-09-07T19:59:33.393282,9.66,9.66,38,36.8,0
2026-09-07T19:59:46.803631,9.66,9.66,38,36.8,0
2026-09-07T20:00:03.158380,9.66,9.66,38,36.8,0
2026-09-07T20:00:19.347926,9.66,9.66,38,36.8,0
2026-09-07T20:00:34.427685,9.66,9.66,38,36.8,0
2026-09-07T20:00:47.666353,9.66,9.66,38,36.8,0
2026-09-07T20:01:01.094819,9.66,9.66,38,36.8,0
2026-09-07T20:01:16.797216,9.66,9.66,38,36.8,0
2026-09-07T20:01:32.966510,9.66,9.66,38,36.8,0
2026-09-07T20:01:49.041649,9.66,9.66,38,36.8,0
2026-09-07T20:02:02.984951,9.66,9.66,38,36.8,0
2026-09-07T20:02:27.900120,9.66,9.66,38,36.8,0
2026-09-07T20:02:44.209339,9.66,9.66,38,36.8,0
2026-09-07T20:02:59.319080,9.66,9.66,38,36.8,0
2026-09-07T20:03:12.901865,9.66,9.66,38,36.8,0
2026-09-07T20:03:26.118942,9.66,9.66,38,36.8,0
2026-09-07T20:03:41.263996,9.66,9.66,38,36.8,0
2026-09-07T20:03:56.817336,9.66,9.66,38,36.8,0
2026-09-07T20:04:11.100964,9.66,9.66,38,36.8,0
2026-09-07T20:04:24.008923,9.66,9.66,38,36.8,0
2026-09-07T20:04:37.057096,9.66,9.66,38,36.8,0
2026-09-07T20:04:52.574331,9.66,9.66,38,36.8,0
2026-09-07T20:05:08.143724,9.66,9.66,38,36.8,0
2026-09-07T20:05:22.922984,9.66,9.66,38,36.8,0
2026-09-07T20:05:36.014741,9.66,9.66,38,36.8,0
2026-09-07T20:05:49.105140,9.66,9.66,38,36.8,0
2026-09-07T20:06:04.047427,9.66,9.66,38,36.8,0
2026-09-07T20:06:19.663661,9.66,9.66,38,36.8,0
2026-09-07T20:06:34.614418,9.66,9.66,38,36.8,0
2026-09-07T20:06:47.802324,9.66,9.66,38,36.8,0
2026-09-07T20:07:01.081065,9.66,9.66,38,36.8,0
2026-09-07T20:07:16.565644,9.66,9.66,38,36.8,0
2026-09-07T20:07:32.581093,9.66,9.66,38,36.8,0
2026-09-07T20:07:47.262427,9.66,9.66,38,36.8,0
2026-09-07T20:08:00.413758,9.66,9.66,38,36.8,0
2026-09-07T20:08:13.732832,9.66,9.66,38,36.8,0
2026-09-07T20:08:29.001813,9.66,9.66,38,36.8,0
2026-09-07T20:08:44.976080,9.66,9.66,38,36.8,0
2026-09-07T20:08:59.574369,9.66,9.66,38,36.8,0
2026-09-07T20:09:13.064875,9.66,9.66,38,36.8,0
2026-09-07T20:09:26.123889,9.66,9.66,38,36.8,0
2026-09-07T20:09:42.337175,9.66,9.66,38,36.8,0
2026-09-07T20:09:58.337961,9.66,9.66,38,36.8,0
2026-09-07T20:10:13.761290,9.66,9.66,38,36.8,0
2026-09-07T20:10:27.143260,9.66,9.66,38,36.8,0
2026-09-07T20:10:40.646117,9.66,9.66,38,36.8,0
2026-09-07T20:10:56.724479,9.66,9.66,38,36.8,0
2026-09-07T20:11:12.830950,9.66,9.66,38,36.8,0
2026-09-07T20:11:27.742180,9.66,9.66,38,36.8,0
2026-09-07T20:11:41.374248,9.66,9.66,38,36.8,0
2026-09-07T20:11:55.136463,9.66,9.66,38,36.8,0
2026-09-07T20:12:11.484397,9.66,9.66,38,36.8,0
2026-09-07T20:12:28.397386,9.66,9.66,38,36.8,0
2026-09-07T20:12:43.246828,9.66,9.66,38,36.8,0
2026-09-07T20:12:56.359652,9.66,9.66,38,36.8,0
2026-09-07T20:13:09.811695,9.66,9.66,38,36.8,0
2026-09-07T20:13:25.813606,9.66,9.66,38,36.8,0
2026-09-07T20:13:41.820498,9.66,9.66,38,36.8,0
2026-09-07T20:13:56.834234,9.66,9.66,38,36.8,0
2026-09-07T20:14:11.088213,9.66,9.66,38,36.8,0
2026-09-07T20:14:27.146935,9.66,9.66,38,36.8,0
2026-09-07T20:14:43.893345,9.66,9.66,38,36.8,0
2026-09-07T20:14:59.050678,9.66,9.66,38,36.8,0
2026-09-07T20:15:12.798254,9.66,9.66,38,36.8,0
2026-09-07T20:15:29.201880,9.66,9.66,38,36.8,0
2026-09-07T20:15:46.170555,9.66,9.66,38,36.8,0
2026-09-07T20:16:01.704930,9.66,9.66,38,36.8,0
2026-09-07T20:16:15.630322,9.66,9.66,38,36.8,0
2026-09-07T20:16:31.654160,9.66,9.66,38,36.8,0
2026-09-07T20:16:48.034459,9.66,9.66,38,36.8,0
2026-09-07T20:17:03.034131,9.66,9.66,38,36.8,0
2026-09-07T20:17:25.274359,9.66,9.66,38,36.8,0
2026-09-07T20:17:41.406876,9.66,9.66,38,36.8,0
2026-09-07T20:17:57.882177,9.66,9.66,38,36.8,0
2026-09-07T20:18:13.599343,9.66,9.66,38,36.8,0
2026-09-07T20:18:27.580220,9.66,9.66,38,36.8,0
2026-09-07T20:18:43.276507,9.66,9.66,38,36.8,0
2026-09-07T20:18:59.917712,9.66,9.66,38,36.8,0
2026-09-07T20:19:14.892948,9.66,9.66,38,36.8,0
2026-09-07T20:19:28.253699,9.66,9.66,38,36.8,0
2026-09-07T20:19:41.945211,9.66,9.66,38,36.8,0
2026-09-07T20:19:57.716067,9.66,9.66,38,36.8,0
2026-09-07T20:20:14.190143,9.66,9.66,38,36.8,0
2026-09-07T20:20:30.900684,9.66,9.66,38,36.8,0
2026-09-07T20:20:44.343514,9.66,9.66,38,36.8,0
2026-09-07T20:20:59.952257,9.66,9.66,38,36.8,0
2026-09-07T20:21:16.579289,9.66,9.66,38,36.8,0
2026-09-07T20:21:31.975174,9.66,9.66,38,36.8,0
2026-09-07T20:21:46.024692,9.66,9.66,38,36.8,0
2026-09-07T20:22:02.317165,9.66,9.66,38,36.8,0
2026-09-07T20:22:19.003192,9.66,9.66,38,36.8,0
2026-09-07T20:22:34.095661,9.66,9.66,38,36.8,0
2026-09-07T20:22:48.708072,9.66,9.66,38,36.8,0
2026-09-07T20:23:04.980567,9.66,9.66,38,36.8,0
2026-09-07T20:23:21.530637,9.66,9.66,38,36.8,0
2026-09-07T20:23:36.886109,9.66,9.66,38,36.8,0
2026-09-07T20:23:51.034799,9.66,9.66,38,36.8,0
2026-09-07T20:24:07.676980,9.66,9.66,38,36.8,0
2026-09-07T20:24:24.233715,9.66,9.66,38,36.8,0
2026-09-07T20:24:38.891989,9.66,9.66,38,36.8,0
2026-09-07T20:24:52.710420,9.66,9.66,38,36.8,0
2026-09-07T20:25:06.355453,9.66,9.66,38,36.8,0
2026-09-07T20:25:22.825394,9.66,9.66,38,36.8,0
2026-09-07T20:25:39.272643,9.66,9.66,38,36.8,0
2026-09-07T20:25:55.031021,9.66,9.66,38,36.8,0
2026-09-07T20:26:09.601014,9.66,9.66,38,36.8,0
2026-09-07T20:26:25.069911,9.66,9.66,38,36.8,0
2026-09-07T20:26:41.432023,9.66,9.66,38,36.8,0
2026-09-07T20:26:56.205107,9.66,9.66,38,36.8,0
2026-09-07T20:27:09.606614,9.66,9.66,38,36.8,0
2026-09-07T20:27:23.313793,9.66,9.66,38,36.8,0
2026-09-07T20:27:39.190817,9.66,9.66,38,36.8,0
2026-09-07T20:27:55.536877,9.66,9.66,38,36.8,0
2026-09-07T20:28:10.291948,9.66,9.66,38,36.8,0
2026-09-07T20:28:24.182037,9.66,9.66,38,36.8,0
2026-09-07T20:28:38.088234,9.66,9.66,38,36.8,0
2026-09-07T20:28:53.591103,9.66,9.66,38,36.8,0
2026-09-07T20:29:10.103515,9.66,9.66,38,36.8,0
2026-09-07T20:29:24.917785,9.66,9.66,38,36.8,0
2026-09-07T20:29:38.117382,9.66,9.66,38,36.8,0
2026-09-07T20:29:51.368464,9.66,9.66,38,36.8,0
2026-09-07T20:30:06.735159,9.66,9.66,38,36.8,0
2026-09-07T20:30:22.665827,9.66,9.66,38,36.8,0
2026-09-07T20:30:38.038450,9.66,9.66,38,36.8,0
2026-09-07T20:30:51.350436,9.66,9.66,38,36.8,0
2026-09-07T20:31:04.537158,9.66,9.66,38,36.8,0
2026-09-07T20:31:20.634542,9.66,9.66,38,36.8,0
2026-09-07T20:31:36.635548,9.66,9.66,38,36.8,0
2026-09-07T20:31:51.212834,9.66,9.66,38,36.8,0
2026-09-07T20:32:04.474004,9.66,9.66,38,36.8,0
2026-09-07T20:32:17.447396,9.66,9.66,38,36.8,0
2026-09-07T20:32:43.776279,9.66,9.66,38,36.8,0
2026-09-07T20:32:57.087055,9.66,9.66,38,36.8,0
2026-09-07T20:33:10.285634,9.66,9.66,38,36.8,0
2026-09-07T20:33:25.036754,9.66,9.66,38,36.8,0
2026-09-07T20:33:38.172804,9.66,9.66,38,36.8,0
2026-09-07T20:33:55.221506,9.66,9.66,38,36.8,0
2026-09-07T20:34:08.350367,9.66,9.66,38,36.8,0
2026-09-07T20:34:21.694115,9.66,9.66,38,36.8,0
2026-09-07T20:34:36.219830,9.66,9.66,38,36.8,0
2026-09-07T20:34:49.823524,9.66,9.66,38,36.8,0
2026-09-07T20:35:07.172347,9.66,9.66,38,36.8,0
2026-09-07T20:35:20.591136,9.66,9.66,38,36.8,0
2026-09-07T20:35:33.777087,9.66,9.66,38,36.8,0
2026-09-07T20:35:48.406029,9.66,9.66,38,36.8,0
2026-09-07T20:36:01.835967,9.66,9.66,38,36.8,0
2026-09-07T20:36:20.256929,9.66,9.66,38,36.8,0
2026-09-07T20:36:33.477862,9.66,9.66,38,36.8,0
2026-09-07T20:36:46.656263,9.66,9.66,38,36.8,0
2026-09-07T20:37:02.893871,9.66,9.66,38,36.8,0
2026-09-07T20:37:16.074778,9.66,9.66,38,36.8,0
2026-09-07T20:37:33.981200,9.66,9.66,38,36.8,0
2026-09-07T20:37:47.538411,9.66,9.66,38,36.8,0
2026-09-07T20:38:01.127532,9.66,9.66,38,36.8,0
2026-09-07T20:38:17.396403,9.66,9.66,38,36.8,0
2026-09-07T20:38:31.301776,9.66,9.66,38,36.8,0
2026-09-07T20:38:50.390913,9.66,9.66,38,36.8,0
2026-09-07T20:39:04.734103,9.66,9.66,38,36.8,0
2026-09-07T20:39:19.887472,9.66,9.66,38,36.8,0
2026-09-07T20:39:34.165316,9.66,9.66,38,36.8,0
2026-09-07T20:39:53.527150,9.66,9.66,38,36.8,0
2026-09-07T20:40:07.122738,9.66,9.66,38,36.8,0
2026-09-07T20:40:22.844379,9.66,9.66,38,36.8,0
2026-09-07T20:40:38.160636,9.66,9.66,38,36.8,0
2026-09-07T20:40:56.628319,9.66,9.66,38,36.8,0
2026-09-07T20:41:10.280240,9.66,9.66,38,36.8,0
2026-09-07T20:41:23.861266,9.66,9.66,38,36.8,0
2026-09-07T20:41:39.772504,9.66,9.66,38,36.8,0
2026-09-07T20:41:57.787723,9.66,9.66,38,36.8,0
2026-09-07T20:42:14.397383,9.66,9.66,38,36.8,0
2026-09-07T20:42:28.284759,9.66,9.66,38,36.8,0
2026-09-07T20:42:49.163649,9.66,9.66,38,36.8,0
2026-09-07T20:43:24.904927,9.66,9.66,38,36.8,0
2026-09-07T20:43:39.705049,9.66,9.66,38,36.8,0
2026-09-07T20:43:54.775036,9.66,9.66,38,36.8,0
2026-09-07T20:44:08.523074,9.66,9.66,38,36.8,0
2026-09-07T20:44:21.822616,9.66,9.66,38,36.8,0
2026-09-07T20:44:39.686387,9.66,9.66,38,36.8,0
2026-09-07T20:44:54.454883,9.66,9.66,38,36.8,0
2026-09-07T20:45:07.803724,9.66,9.66,38,36.8,0
2026-09-07T20:45:22.903636,9.66,9.66,38,36.8,0
2026-09-07T20:45:36.291723,9.66,9.66,38,36.8,0
2026-09-07T20:45:54.768154,9.66,9.66,38,36.8,0
2026-09-07T20:46:09.620987,9.66,9.66,38,36.8,0
2026-09-07T20:46:24.993321,9.66,9.66,38,36.8,0
2026-09-07T20:46:38.597672,9.66,9.66,38,36.8,0
2026-09-07T20:46:57.429029,9.66,9.66,38,36.8,0
2026-09-07T20:47:12.360797,9.66,9.66,38,36.8,0
2026-09-07T20:47:28.285156,9.66,9.66,38,36.8,0
2026-09-07T20:47:41.768258,9.66,9.66,38,36.8,0
2026-09-07T20:48:00.529164,9.66,9.66,38,36.8,0
2026-09-07T20:48:26.328566,9.66,9.66,38,36.8,0
2026-09-07T20:48:41.361428,9.66,9.66,38,36.8,0
2026-09-07T20:48:54.980872,9.66,9.66,38,36.8,0
2026-09-07T20:49:13.060416,9.66,9.66,38,36.8,0
2026-09-07T20:49:27.822296,9.66,9.66,38,36.8,0
2026-09-07T20:49:43.582612,9.66,9.66,38,36.8,0
2026-09-07T20:49:57.407444,9.66,9.66,38,36.8,0
2026-09-07T20:50:15.807682,9.66,9.66,38,36.8,0
2026-09-07T20:50:30.637995,9.66,9.66,38,36.8,0
2026-09-07T20:50:46.421778,9.66,9.66,38,36.8,0
2026-09-07T20:51:00.722467,9.66,9.66,38,36.8,0
2026-09-07T20:51:20.172411,9.66,9.66,38,36.8,0
2026-09-07T20:51:35.367400,9.66,9.66,38,36.8,0
2026-09-07T20:51:50.862089,9.66,9.66,38,36.8,0
2026-09-07T20:52:04.201206,9.66,9.66,38,36.8,0
2026-09-07T20:52:21.775923,9.66,9.66,38,36.8,0
2026-09-07T20:52:36.872158,9.66,9.66,38,36.8,0
2026-09-07T20:52:52.820469,9.66,9.66,38,36.8,0
2026-09-07T20:53:06.414768,9.66,9.66,38,36.8,0
2026-09-07T20:53:24.970865,9.66,9.66,38,36.8,0
2026-09-07T20:53:40.204831,9.66,9.66,38,36.8,0
2026-09-07T20:53:57.014630,9.66,9.66,38,36.8,0
2026-09-07T20:54:11.001147,9.66,9.66,38,36.8,0
2026-09-07T20:54:30.048056,9.66,9.66,38,36.8,0
2026-09-07T20:54:44.850217,9.66,9.66,38,36.8,0
2026-09-07T20:55:00.810586,9.66,9.66,38,36.8,0
2026-09-07T20:55:14.881417,9.66,9.66,38,36.8,0
2026-09-07T20:55:32.801099,9.66,9.66,38,36.8,0
2026-09-07T20:55:47.815033,9.66,9.66,38,36.8,0
2026-09-07T20:56:03.697291,9.66,9.66,38,36.8,0
2026-09-07T20:56:17.073037,9.66,9.66,38,36.8,0
2026-09-07T20:56:36.352980,9.66,9.66,38,36.8,0
2026-09-07T20:56:51.061365,9.66,9.66,38,36.8,0
2026-09-07T20:57:06.780488,9.66,9.66,38,36.8,0
2026-09-07T20:57:20.510225,9.66,9.66,38,36.8,0
2026-09-07T20:57:39.161666,9.66,9.66,38,36.8,0
2026-09-07T20:57:55.053900,9.66,9.66,38,36.8,0
2026-09-07T20:58:10.493352,9.66,9.66,38,36.8,0
2026-09-07T20:58:23.661604,9.66,9.66,38,36.8,0
2026-09-07T20:58:41.013747,9.66,9.66,38,36.8,0
2026-09-07T20:58:54.425916,9.66,9.66,38,36.8,0
2026-09-07T20:59:08.964665,9.66,9.66,38,36.8,0
2026-09-07T20:59:24.254303,9.66,9.66,38,36.8,0
2026-09-07T20:59:37.862166,9.66,9.66,38,36.8,0
2026-09-07T20:59:54.753082,9.66,9.66,38,36.8,0
2026-09-07T21:00:07.948153,9.66,9.66,38,36.8,0
2026-09-07T21:00:22.762506,9.66,9.66,38,36.8,0
2026-09-07T21:00:39.427494,9.66,9.66,38,36.8,0
2026-09-07T21:00:55.585523,9.66,9.66,38,36.8,0
2026-09-07T21:01:11.024418,9.66,9.66,38,36.8,0
2026-09-07T21:01:25.619038,9.66,9.66,38,36.8,0
2026-09-07T21:01:41.004030,9.66,9.66,38,36.8,0
2026-09-07T21:01:54.026952,9.66,9.66,38,36.8,0
2026-09-07T21:02:11.490197,9.66,9.66,38,36.8,0
2026-09-07T21:02:24.706108,9.66,9.66,38,36.8,0
2026-09-07T21:02:39.293098,9.66,9.66,38,36.8,0
2026-09-07T21:02:54.834413,9.66,9.66,38,36.8,0
2026-09-07T21:03:08.175435,9.66,9.66,38,36.8,0
2026-09-07T21:03:25.578387,9.66,9.66,38,36.8,0
2026-09-07T21:03:38.873729,9.66,9.66,38,36.8,0
2026-09-07T21:04:03.360057,9.66,9.66,38,36.8,0
2026-09-07T21:04:16.584398,9.66,9.66,38,36.8,0
2026-09-07T21:04:34.198631,9.66,9.66,38,36.8,0
2026-09-07T21:04:47.420906,9.66,9.66,38,36.8,0
2026-09-07T21:05:06.409704,9.66,9.66,38,36.8,0
2026-09-07T21:05:20.842824,9.66,9.68,38,36.8,0
2026-09-07T21:05:38.138451,9.66,9.78,38,36.8,0
2026-09-07T21:05:51.244528,9.66,9.74,38,36.8,0
2026-09-07T21:06:04.562652,9.66,9.70,38,36.8,0
2026-09-07T21:06:20.091615,9.66,9.68,38,36.8,0
2026-09-07T21:06:34.355978,9.66,9.66,38,36.8,0
2026-09-07T21:06:51.942081,9.66,9.62,38,36.8,0
2026-09-07T21:07:12.791174,9.66,9.64,38,36.8,0
2026-09-07T21:07:28.069165,9.66,9.57,38,36.8,0
2026-09-07T21:07:42.928000,9.66,9.58,38,36.8,0
2026-09-07T21:08:01.308472,9.66,9.57,38,36.8,0
2026-09-07T21:08:15.287403,9.66,9.60,38,36.8,0
2026-09-07T21:08:28.914866,9.66,9.58,38,36.8,0
2026-09-07T21:08:44.030931,9.66,9.66,38,36.8,0
2026-09-07T21:08:59.196061,9.66,9.64,38,36.8,0
2026-09-07T21:09:17.857956,9.66,9.62,38,36.8,0
2026-09-07T21:09:32.348002,9.66,9.62,38,36.8,0
2026-09-07T21:09:47.510223,9.66,9.72,38,36.8,0
2026-09-07T21:10:02.345858,9.66,9.72,38,36.8,0
2026-09-07T21:10:20.046691,9.66,9.64,38,36.8,0
2026-09-07T21:10:33.838957,9.66,9.70,38,36.8,0
2026-09-07T21:10:47.397280,9.66,9.66,38,36.8,0
2026-09-07T21:11:04.327461,9.66,9.66,38,36.8,0
2026-09-07T21:11:21.740281,9.66,9.66,38,36.8,0
2026-09-07T21:11:36.378392,9.66,9.64,38,36.8,0
2026-09-07T21:11:50.044043,9.66,9.60,38,36.8,0
2026-09-07T21:12:03.522332,9.66,9.72,38,36.8,0
2026-09-07T21:12:18.233173,9.66,9.68,38,36.8,0
2026-09-07T21:12:34.893609,9.66,9.49,38,36.8,0
2026-09-07T21:12:50.155946,9.66,9.45,38,36.8,0
2026-09-07T21:13:03.675899,9.66,9.45,38,36.8,0
2026-09-07T21:13:17.104938,9.66,9.37,38,36.8,0
2026-09-07T21:13:32.416389,9.66,9.39,38,36.8,0
2026-09-07T21:13:49.299553,9.66,9.45,38,36.8,0
2026-09-07T21:14:04.780343,9.66,9.43,38,36.8,0
2026-09-07T21:14:18.041756,9.66,9.43,38,36.8,0
2026-09-07T21:14:31.393201,9.66,9.45,38,36.8,0
2026-09-07T21:14:46.513868,9.66,9.49,38,36.8,0
2026-09-07T21:15:03.263620,9.66,9.57,38,36.8,0
2026-09-07T21:15:19.359594,9.66,9.45,38,36.8,0
2026-09-07T21:15:36.259435,9.66,9.47,38,36.8,0
2026-09-07T21:15:51.809867,9.66,9.43,38,36.8,0
2026-09-07T21:16:09.874349,9.66,9.43,38,36.8,0
2026-09-07T21:16:25.194090,9.66,9.29,38,36.8,0
2026-09-07T21:16:39.586338,9.66,9.31,38,36.8,0
2026-09-07T21:16:55.676033,9.66,9.28,38,36.8,0
2026-09-07T21:17:12.206428,9.66,9.28,38,36.8,0
2026-09-07T21:17:27.108118,9.66,9.29,38,36.8,0
2026-09-07T21:17:42.827866,9.66,9.29,38,36.8,0
2026-09-07T21:17:58.027327,9.66,9.35,38,36.8,0
2026-09-07T21:18:15.200166,9.66,9.45,38,36.8,0
2026-09-07T21:18:31.467330,9.66,9.43,38,36.8,0
2026-09-07T21:18:46.036366,9.66,9.35,38,36.8,0
2026-09-07T21:19:01.520087,9.66,9.37,38,36.8,0
2026-09-07T21:19:19.866112,9.66,9.35,38,36.8,0
2026-09-07T21:19:45.672770,9.66,9.35,38,36.8,0
2026-09-07T21:20:00.899957,9.66,9.35,38,36.8,0
2026-09-07T21:20:19.041834,9.66,9.39,38,36.8,0
2026-09-07T21:20:37.856315,9.66,9.41,38,36.8,0
2026-09-07T21:20:52.813595,9.66,9.43,38,36.8,0
2026-09-07T21:21:07.323323,9.66,9.45,38,36.8,0
2026-09-07T21:21:23.376071,9.66,9.39,38,36.8,0
2026-09-07T21:21:41.827884,9.66,9.35,38,36.8,0
2026-09-07T21:22:05.909379,9.29,9.29,39,35.9,0
2026-09-07T21:22:20.563187,9.29,9.29,39,35.9,0
2026-09-07T21:22:36.159683,9.29,9.29,39,35.9,0
2026-09-07T21:22:53.533230,9.29,9.29,39,35.9,0
2026-09-07T21:23:15.121734,9.29,9.29,39,35.9,0
2026-09-07T21:23:30.212164,9.29,9.29,39,35.9,0
2026-09-07T21:23:57.033878,9.29,9.29,39,35.9,0
2026-09-07T21:24:28.426399,9.29,9.29,39,35.9,0
2026-09-07T21:24:41.923930,9.29,9.29,39,35.9,0
2026-09-07T21:24:57.044050,9.29,9.29,39,35.9,0
2026-09-07T21:25:11.112894,9.29,9.29,39,35.9,0
2026-09-07T21:25:28.860442,9.29,9.29,39,35.9,0
2026-09-07T21:25:43.084202,9.29,9.29,39,35.9,0
2026-09-07T21:25:57.287285,9.29,9.29,39,35.9,0
2026-09-07T21:26:11.254477,9.29,9.29,39,35.9,0
2026-09-07T21:26:25.347060,9.29,9.29,39,35.9,0
2026-09-07T21:26:42.485805,9.29,9.29,39,35.9,0
2026-09-07T21:26:56.477427,9.29,9.29,39,35.9,0
2026-09-07T21:27:10.983549,9.29,9.29,39,35.9,0
2026-09-07T21:27:25.129700,9.29,9.29,39,35.9,0
2026-09-07T21:27:39.522741,9.29,9.29,39,35.9,0
2026-09-07T21:27:57.480733,9.29,9.29,39,35.9,0
2026-09-07T21:28:11.909121,9.29,9.29,39,35.9,0
2026-09-07T21:28:25.565505,9.29,9.29,39,35.9,0
2026-09-07T21:28:39.611045,9.29,9.29,39,35.9,0
2026-09-07T21:28:53.976999,9.29,9.29,39,35.9,0
2026-09-07T21:29:12.121458,9.29,9.29,39,35.9,0
2026-09-07T21:29:27.065588,9.29,9.29,39,35.9,0
2026-09-07T21:29:42.499479,9.29,9.29,39,35.9,0
2026-09-07T21:29:59.192218,9.29,9.29,39,35.9,0
2026-09-07T21:30:25.475046,9.29,9.29,39,35.9,0
2026-09-07T21:30:44.768213,9.29,9.29,39,35.9,0
2026-09-07T21:31:05.035424,9.29,9.29,39,35.9,0
2026-09-07T21:31:43.642849,9.29,9.29,39,35.9,0
2026-09-07T21:32:12.226705,9.29,9.29,39,35.9,0
2026-09-07T21:32:30.458229,9.29,9.29,39,35.9,0
2026-09-07T21:32:57.719703,9.29,9.29,39,35.9,0
2026-09-07T21:33:20.994717,9.29,9.29,39,35.9,0
2026-09-07T21:33:47.075044,9.29,9.29,39,35.9,0
2026-09-07T21:34:07.309807,9.29,9.29,39,35.9,0
2026-09-07T21:34:37.893743,9.29,9.29,39,35.9,0
2026-09-07T21:35:12.676762,9.29,9.29,39,35.9,0
2026-09-07T21:35:48.384729,9.29,9.29,39,35.9,0
2026-09-07T21:36:32.577358,9.29,9.29,39,35.9,0
2026-09-07T21:36:58.877104,9.29,9.29,39,35.9,0
2026-09-07T21:37:22.226984,9.29,9.29,39,35.9,0
2026-09-07T21:37:44.837357,9.29,9.29,39,35.9,0
2026-09-07T21:38:05.100382,9.29,9.29,39,35.9,0
2026-09-07T21:38:27.243633,9.29,9.29,39,35.9,0
2026-09-07T21:39:07.294465,9.29,9.29,39,35.9,0
2026-09-07T21:39:52.447220,9.29,9.29,39,35.9,0
2026-09-07T21:40:11.885301,9.29,9.29,39,35.9,0
2026-09-07T21:41:31.161312,9.29,9.29,39,35.9,0
2026-09-07T21:41:45.709872,9.29,9.29,39,35.9,0
2026-09-07T21:42:01.087565,9.29,9.29,39,35.9,0
2026-09-07T21:42:14.556471,9.29,9.29,39,35.9,0
2026-09-07T21:42:33.681532,9.29,9.29,39,35.9,0
2026-09-07T21:42:47.241549,9.29,9.29,39,35.9,0
2026-09-07T21:43:00.669163,9.29,9.29,39,35.9,0
2026-09-07T21:43:15.652657,9.29,9.29,39,35.9,0
2026-09-07T21:43:29.154456,9.29,9.29,39,35.9,0
2026-09-07T21:43:47.433480,9.29,9.29,39,35.9,0
2026-09-07T21:44:01.176720,9.29,9.29,39,35.9,0
2026-09-07T21:44:14.791788,9.29,9.29,39,35.9,0
2026-09-07T21:44:29.509457,9.29,9.29,39,35.9,0
2026-09-07T21:44:44.021267,9.29,9.29,39,35.9,0
2026-09-07T21:45:02.237521,9.29,9.29,39,35.9,0
2026-09-07T21:45:16.473947,9.29,9.29,39,35.9,0
2026-09-07T21:45:29.949798,9.29,9.29,39,35.9,0
2026-09-07T21:45:44.560568,9.29,9.29,39,35.9,0
2026-09-07T21:45:58.581507,9.29,9.29,39,35.9,0
2026-09-07T21:46:16.271460,9.29,9.29,39,35.9,0
2026-09-07T21:46:29.694835,9.29,9.29,39,35.9,0
2026-09-07T21:46:42.992878,9.29,9.29,39,35.9,0
2026-09-07T21:46:57.881045,9.29,9.29,39,35.9,0
2026-09-07T21:47:11.259093,9.29,9.29,39,35.9,0
2026-09-07T21:47:28.771195,9.29,9.29,39,35.9,0
2026-09-07T21:47:41.992681,9.29,9.29,39,35.9,0
2026-09-07T21:47:55.268168,9.29,9.29,39,35.9,0
2026-09-07T21:48:10.174419,9.29,9.29,39,35.9,0
2026-09-07T21:48:24.638952,9.29,9.29,39,35.9,0
2026-09-07T21:48:42.348346,9.29,9.29,39,35.9,0
2026-09-07T21:48:55.882144,9.29,9.29,39,35.9,0
2026-09-07T21:49:09.301989,9.29,9.29,39,35.9,0
2026-09-07T21:49:24.965878,9.29,9.29,39,35.9,0
2026-09-07T21:49:38.458405,9.29,9.29,39,35.9,0
2026-09-07T21:49:57.737697,9.29,9.29,39,35.9,0
2026-09-07T21:50:11.894823,9.29,9.29,39,35.9,0
2026-09-07T21:50:25.202942,9.29,9.29,39,35.9,0
2026-09-07T21:50:40.347211,9.29,9.29,39,35.9,0
2026-09-07T21:50:54.140955,9.29,9.29,39,35.9,0
2026-09-07T21:51:12.014722,9.29,9.29,39,35.9,0
2026-09-07T21:51:26.187094,9.29,9.29,39,35.9,0
2026-09-07T21:51:39.591966,9.29,9.29,39,35.9,0
2026-09-07T21:51:54.414499,9.29,9.29,39,35.9,0
2026-09-07T21:52:08.577895,9.29,9.29,39,35.9,0
2026-09-07T21:52:26.606140,9.29,9.29,39,35.9,0
2026-09-07T21:52:39.940078,9.29,9.29,39,35.9,0
2026-09-07T21:52:53.393279,9.29,9.29,39,35.9,0
2026-09-07T21:53:08.328173,9.29,9.29,39,35.9,0
2026-09-07T21:53:21.492226,9.29,9.29,39,35.9,0
2026-09-07T21:53:39.146977,9.29,9.29,39,35.9,0
2026-09-07T21:53:52.523252,9.29,9.29,39,35.9,0
2026-09-07T21:54:06.722358,9.29,9.29,39,35.9,0
2026-09-07T21:54:22.083563,9.29,9.29,39,35.9,0
2026-09-07T21:54:35.578688,9.29,9.29,39,35.9,0
2026-09-07T21:54:52.907039,9.29,9.29,39,35.9,0
2026-09-07T21:55:06.163645,9.29,9.29,39,35.9,0
2026-09-07T21:55:19.534214,9.29,9.29,39,35.9,0
2026-09-07T21:55:35.232009,9.29,9.29,39,35.9,0
2026-09-07T21:55:48.715662,9.29,9.29,39,35.9,0
2026-09-07T21:56:06.404013,9.29,9.29,39,35.9,0
2026-09-07T21:56:28.265051,9.29,9.29,39,35.9,0
2026-09-07T21:56:43.569767,9.29,9.29,39,35.9,0
2026-09-07T21:56:56.872253,9.29,9.29,39,35.9,0
2026-09-07T21:57:14.291188,9.29,9.29,39,35.9,0
2026-09-07T21:57:27.396420,9.29,9.29,39,35.9,0
2026-09-07T21:57:40.601466,9.29,9.29,39,35.9,0
2026-09-07T21:57:55.225239,9.29,9.29,39,35.9,0
2026-09-07T21:58:08.357444,9.29,9.29,39,35.9,0
2026-09-07T21:58:25.343709,9.29,9.29,39,35.9,0
2026-09-07T21:58:38.308222,9.29,9.29,39,35.9,0
2026-09-07T21:58:51.478555,9.29,9.29,39,35.9,0
2026-09-07T21:59:06.203916,9.29,9.29,39,35.9,0
2026-09-07T21:59:19.400125,9.29,9.29,39,35.9,0
2026-09-07T21:59:36.707059,9.29,9.29,39,35.9,0
2026-09-07T21:59:49.924231,9.29,9.29,39,35.9,0
2026-09-07T22:00:03.111809,9.29,9.29,39,35.9,0
2026-09-07T22:00:17.553273,9.29,9.29,39,35.9,0
2026-09-07T22:00:30.673053,9.29,9.29,39,35.9,0
2026-09-07T22:00:48.106101,9.29,9.29,39,35.9,0
2026-09-07T22:01:01.204359,9.29,9.29,39,35.9,0
2026-09-07T22:01:14.436396,9.29,9.29,39,35.9,0
2026-09-07T22:01:29.556512,9.29,9.29,39,35.9,0
2026-09-07T22:01:42.577645,9.29,9.29,39,35.9,0
2026-09-07T22:01:59.983748,9.29,9.29,39,35.9,0
2026-09-07T22:02:13.212892,9.29,9.29,39,35.9,0
2026-09-07T22:02:26.803516,9.29,9.29,39,35.9,0
2026-09-07T22:02:41.738512,9.29,9.29,39,35.9,0
2026-09-07T22:02:54.988699,9.29,9.29,39,35.9,0
2026-09-07T22:03:12.155356,9.29,9.29,39,35.9,0
2026-09-07T22:03:25.391047,9.29,9.29,39,35.9,0
2026-09-07T22:03:38.466273,9.29,9.29,39,35.9,0
2026-09-07T22:03:53.846879,9.29,9.29,39,35.9,0
2026-09-07T22:04:07.086627,9.29,9.29,39,35.9,0
2026-09-07T22:04:25.182009,9.29,9.29,39,35.9,0
2026-09-07T22:04:38.165967,9.29,9.29,39,35.9,0
2026-09-07T22:04:55.377875,9.29,9.29,39,35.9,0
2026-09-07T22:05:09.163511,9.29,9.29,39,35.9,0
2026-09-07T22:05:28.212216,9.29,9.29,39,35.9,0
2026-09-07T22:05:41.821539,9.29,9.29,39,35.9,0
2026-09-07T22:05:55.243349,9.29,9.29,39,35.9,0
2026-09-07T22:06:10.692899,9.29,9.29,39,35.9,0
2026-09-07T22:06:24.664343,9.29,9.29,39,35.9,0
2026-09-07T22:06:43.265708,9.29,9.29,39,35.9,0
2026-09-07T22:06:56.787788,9.29,9.29,39,35.9,0
2026-09-07T22:07:10.285898,9.29,9.29,39,35.9,0
2026-09-07T22:07:25.299050,9.29,9.29,39,35.9,0
2026-09-07T22:07:38.686016,9.29,9.29,39,35.9,0
2026-09-07T22:07:56.526052,9.29,9.29,39,35.9,0
2026-09-07T22:08:10.704417,9.29,9.29,39,35.9,0
2026-09-07T22:08:25.302992,9.29,9.29,39,35.9,0
2026-09-07T22:08:40.261423,9.29,9.29,39,35.9,0
2026-09-07T22:08:58.436905,9.29,9.29,39,35.9,0
2026-09-07T22:09:14.025619,9.29,9.29,39,35.9,0
2026-09-07T22:09:28.262336,9.29,9.29,39,35.9,0
2026-09-07T22:09:43.102345,9.29,9.29,39,35.9,0
2026-09-07T22:10:00.977037,9.29,9.29,39,35.9,0
2026-09-07T22:10:15.226908,9.29,9.29,39,35.9,0
2026-09-07T22:10:28.827969,9.29,9.29,39,35.9,0
2026-09-07T22:10:42.907269,9.29,9.29,39,35.9,0
2026-09-07T22:10:58.195998,9.29,9.29,39,35.9,0
2026-09-07T22:11:23.499493,9.29,9.29,39,35.9,0
2026-09-07T22:11:38.259006,9.29,9.29,39,35.9,0
2026-09-07T22:11:53.334427,9.29,9.29,39,35.9,0
2026-09-07T22:12:07.904479,9.29,9.29,39,35.9,0
2026-09-07T22:12:26.418954,9.29,9.29,39,35.9,0
2026-09-07T22:12:41.121254,9.29,9.29,39,35.9,0
2026-09-07T22:12:54.393125,9.29,9.29,39,35.9,0
2026-09-07T22:13:08.718181,9.29,9.29,39,35.9,0
2026-09-07T22:13:23.240717,9.29,9.29,39,35.9,0
2026-09-07T22:13:40.596557,9.29,9.29,39,35.9,0
2026-09-07T22:13:55.459953,9.29,9.29,39,35.9,0
2026-09-07T22:14:09.330807,9.29,9.29,39,35.9,0
2026-09-07T22:14:25.116358,9.29,9.29,39,35.9,0
2026-09-07T22:14:42.188504,9.29,9.29,39,35.9,0
2026-09-07T22:14:57.121092,9.29,9.29,39,35.9,0
2026-09-07T22:15:10.576291,9.29,9.29,39,35.9,0
2026-09-07T22:15:24.918829,9.29,9.29,39,35.9,0
2026-09-07T22:15:40.675279,9.29,9.29,39,35.9,0
2026-09-07T22:15:57.481038,9.29,9.29,39,35.9,0
2026-09-07T22:16:13.321864,9.29,9.29,39,35.9,0
2026-09-07T22:16:27.704293,9.29,9.29,39,35.9,0
2026-09-07T22:16:44.084621,9.29,9.29,39,35.9,0
2026-09-07T22:17:00.919858,9.29,9.29,39,35.9,0
2026-09-07T22:17:16.344718,9.29,9.29,39,35.9,0
2026-09-07T22:17:30.861710,9.29,9.29,39,35.9,0
2026-09-07T22:17:46.373954,9.29,9.29,39,35.9,0
2026-09-07T22:18:06.819964,9.29,9.29,39,35.9,0
2026-09-07T22:18:22.089740,9.29,9.29,39,35.9,0
2026-09-07T22:18:36.498716,9.29,9.29,39,35.9,0
2026-09-07T22:18:53.101983,9.29,9.29,39,35.9,0
2026-09-07T22:19:10.600323,9.29,9.29,39,35.9,0
2026-09-07T22:19:27.403160,9.29,9.29,39,35.9,0
2026-09-07T22:19:42.030159,9.29,9.29,39,35.9,0
2026-09-07T22:19:58.444411,9.29,9.29,39,35.9,0
2026-09-07T22:20:16.015648,9.29,9.29,39,35.9,0
2026-09-07T22:20:32.271408,9.29,9.29,39,35.9,0
2026-09-07T22:20:47.736495,9.29,9.29,39,35.9,0
2026-09-07T22:21:04.130762,9.29,9.29,39,35.9,0
2026-09-07T22:21:28.970486,9.29,9.29,39,35.9,0
2026-09-07T22:21:48.238305,9.29,9.29,39,35.9,0
2026-09-07T22:22:03.196867,9.29,9.29,39,35.9,0
2026-09-07T22:22:21.117751,9.29,9.29,39,35.9,0
2026-09-07T22:22:40.569226,9.29,9.29,39,35.9,0
2026-09-07T22:22:57.984801,9.29,9.29,39,35.9,0
2026-09-07T22:23:11.913307,9.29,9.29,39,35.9,0
2026-09-07T22:23:29.329046,9.29,9.29,39,35.9,0
2026-09-07T22:23:46.004119,9.29,9.29,39,35.9,0
2026-09-07T22:24:01.156946,9.29,9.29,39,35.9,0
2026-09-07T22:24:15.446735,9.29,9.29,39,35.9,0
2026-09-07T22:24:28.985172,9.29,9.29,39,35.9,0
2026-09-07T22:24:43.852173,9.29,9.29,39,35.9,0
2026-09-07T22:25:00.827994,9.29,9.29,39,35.9,0
2026-09-07T22:25:16.589432,9.29,9.29,39,35.9,0
2026-09-07T22:25:30.368503,9.29,9.29,39,35.9,0
2026-09-07T22:25:43.172906,9.29,9.29,39,35.9,0
2026-09-07T22:25:59.732172,9.29,9.29,39,35.9,0
2026-09-07T22:26:15.432047,9.29,9.29,39,35.9,0
2026-09-07T22:26:30.224936,9.29,9.29,39,35.9,0
2026-09-07T22:26:43.385303,9.29,9.29,39,35.9,0
2026-09-07T22:26:56.151831,9.29,9.29,39,35.9,0
2026-09-07T22:27:35.828211,9.29,9.29,39,35.9,0
2026-09-07T22:27:48.674803,9.29,9.29,39,35.9,0
2026-09-07T22:28:01.800203,9.29,9.29,39,35.9,0
2026-09-07T22:28:16.320751,9.29,9.29,39,35.9,0
2026-09-07T22:28:29.362509,9.29,9.29,39,35.9,0
2026-09-07T22:28:47.075729,9.29,9.29,39,35.9,0
2026-09-07T22:29:00.173545,9.29,9.29,39,35.9,0
2026-09-07T22:29:13.393707,9.29,9.29,39,35.9,0
2026-09-07T22:29:28.858248,9.29,9.29,39,35.9,0
2026-09-07T22:29:41.928379,9.29,9.29,39,35.9,0
2026-09-07T22:29:59.073265,9.29,9.29,39,35.9,0
2026-09-07T22:30:12.284624,9.29,9.29,39,35.9,0
2026-09-07T22:30:25.394401,9.29,9.29,39,35.9,0
2026-09-07T22:30:39.518343,9.29,9.29,39,35.9,0
2026-09-07T22:30:52.520593,9.29,9.29,39,35.9,0
2026-09-07T22:31:09.346887,9.29,9.29,39,35.9,0
2026-09-07T22:31:22.639842,9.29,9.29,39,35.9,0
2026-09-07T22:31:35.889990,9.29,9.29,39,35.9,0
2026-09-07T22:31:50.770253,9.29,9.29,39,35.9,0
2026-09-07T22:32:03.688921,9.29,9.29,39,35.9,0
2026-09-07T22:32:20.982838,9.29,9.29,39,35.9,0
2026-09-07T22:32:34.322433,9.29,9.29,39,35.9,0
2026-09-07T22:32:47.603963,9.29,9.29,39,35.9,0
2026-09-07T22:33:02.153918,9.29,9.29,39,35.9,0
2026-09-07T22:33:15.481025,9.29,9.29,39,35.9,0
2026-09-07T22:33:32.530658,9.29,9.29,39,35.9,0
2026-09-07T22:33:45.576520,9.29,9.29,39,35.9,0
2026-09-07T22:33:58.802648,9.29,9.29,39,35.9,0
2026-09-07T22:34:13.235064,9.29,9.29,39,35.9,0
2026-09-07T22:34:26.741033,9.29,9.29,39,35.9,0
2026-09-07T22:34:43.970100,9.29,9.29,39,35.9,0
2026-09-07T22:34:57.082633,9.29,9.29,39,35.9,0
2026-09-07T22:35:10.190356,9.29,9.29,39,35.9,0
2026-09-07T22:35:24.788679,9.29,9.29,39,35.9,0
2026-09-07T22:35:38.313845,9.29,9.29,39,35.9,0
2026-09-07T22:35:59.883167,9.29,9.29,39,35.9,0
2026-09-07T22:36:14.430469,9.29,9.29,39,35.9,0
2026-09-07T22:36:28.853485,9.29,9.29,39,35.9,0
2026-09-07T22:36:43.520528,9.29,9.29,39,35.9,0
2026-09-07T22:37:00.475594,9.29,9.29,39,35.9,0
2026-09-07T22:37:15.504239,9.29,9.29,39,35.9,0
2026-09-07T22:37:28.928162,9.29,9.29,39,35.9,0
2026-09-07T22:37:42.970199,9.29,9.29,39,35.9,0
2026-09-07T22:37:57.043141,9.29,9.29,39,35.9,0
2026-09-07T22:38:14.340726,9.29,9.29,39,35.9,0
2026-09-07T22:38:29.177006,9.29,9.29,39,35.9,0
2026-09-07T22:38:42.573808,9.29,9.29,39,35.9,0
2026-09-07T22:38:58.434315,9.29,9.29,39,35.9,0
2026-09-07T22:39:12.041139,9.29,9.29,39,35.9,0
2026-09-07T22:39:30.404306,9.29,9.29,39,35.9,0
2026-09-07T22:39:44.356541,9.29,9.29,39,35.9,0
2026-09-07T22:39:59.367167,9.29,9.29,39,35.9,0
2026-09-07T22:40:12.962159,9.29,9.29,39,35.9,0
2026-09-07T22:40:26.451472,9.29,9.29,39,35.9,0
2026-09-07T22:40:45.211788,9.29,9.29,39,35.9,0
2026-09-07T22:40:58.770779,9.29,9.29,39,35.9,0
2026-09-07T22:41:14.655136,9.29,9.29,39,35.9,0
2026-09-07T22:41:28.432991,9.29,9.29,39,35.9,0
2026-09-07T22:41:46.093717,9.29,9.29,39,35.9,0
2026-09-07T22:41:59.465884,9.29,9.29,39,35.9,0
2026-09-07T22:42:24.286390,9.29,9.29,39,35.9,0
2026-09-07T22:42:37.550183,9.29,9.29,39,35.9,0
2026-09-07T22:42:55.135208,9.29,9.29,39,35.9,0
2026-09-07T22:43:08.778777,9.29,9.29,39,35.9,0
2026-09-07T22:43:22.373501,9.29,9.29,39,35.9,0
2026-09-07T22:43:38.256283,9.29,9.29,39,35.9,0
2026-09-07T22:43:55.665191,9.29,9.29,39,35.9,0
2026-09-07T22:44:11.552061,9.29,9.29,39,35.9,0
2026-09-07T22:44:24.828234,9.29,9.29,39,35.9,0
2026-09-07T22:44:38.873939,9.29,9.29,39,35.9,0
2026-09-07T22:44:54.404088,9.29,9.29,39,35.9,0
2026-09-07T22:45:10.550843,9.29,9.29,39,35.9,0
2026-09-07T22:45:27.136648,9.29,9.29,39,35.9,0
2026-09-07T22:45:40.340767,9.29,9.29,39,35.9,0
2026-09-07T22:45:54.109742,9.29,9.29,39,35.9,0
2026-09-07T22:46:08.942758,9.29,9.29,39,35.9,0
2026-09-07T22:46:25.723300,9.29,9.29,39,35.9,0
2026-09-07T22:46:41.958772,9.29,9.29,39,35.9,0
2026-09-07T22:46:59.976953,9.29,9.29,39,35.9,0
2026-09-07T22:47:15.862053,9.29,9.38,39,35.9,0
2026-09-07T22:47:32.502251,9.29,9.40,39,35.9,0
2026-09-07T22:47:49.056272,9.29,9.36,39,35.9,0
2026-09-07T22:48:02.415247,9.29,9.40,39,35.9,0
2026-09-07T22:48:16.770241,9.29,9.34,39,35.9,0
2026-09-07T22:48:31.637907,9.29,9.21,39,35.9,0
2026-09-07T22:48:47.775267,9.29,9.27,39,35.9,0
2026-09-07T22:49:04.052693,9.29,9.15,39,35.9,0
2026-09-07T22:49:17.589150,9.29,9.05,39,35.9,0
2026-09-07T22:49:31.713607,9.29,9.11,39,35.9,0
2026-09-07T22:49:46.578515,9.29,9.05,39,35.9,0
2026-09-07T22:50:03.011057,9.29,9.01,39,35.9,0
2026-09-07T22:50:19.730566,9.29,8.97,39,35.9,0
2026-09-07T22:50:32.862420,9.29,8.95,39,35.9,0
2026-09-07T22:50:46.265441,9.29,8.95,39,35.9,0
2026-09-07T22:51:00.996506,9.29,9.07,39,35.9,0
2026-09-07T22:51:17.036051,9.29,8.99,39,35.9,0
2026-09-07T22:51:34.752759,9.29,8.99,39,35.9,0
2026-09-07T22:51:47.935497,9.29,8.97,39,35.9,0
2026-09-07T22:52:01.376299,9.29,9.01,39,35.9,0
2026-09-07T22:52:16.784677,9.29,8.69,39,35.9,0
2026-09-07T22:52:34.351531,9.29,8.85,39,35.9,0
2026-09-07T22:52:50.616527,9.29,8.89,39,35.9,0
2026-09-07T22:53:04.397244,9.29,8.85,39,35.9,0
2026-09-07T22:53:18.349375,9.29,8.77,39,35.9,0
2026-09-07T22:53:33.940343,9.29,8.83,39,35.9,0
2026-09-07T22:53:50.217048,9.29,8.79,39,35.9,0
2026-09-07T22:54:06.786711,9.29,8.77,39,35.9,0
2026-09-07T22:54:20.491002,9.29,8.87,39,35.9,0
2026-09-07T22:54:33.825598,9.29,8.85,39,35.9,0
2026-09-07T22:54:48.882749,9.29,8.87,39,35.9,0
2026-09-07T22:55:05.184056,9.29,8.87,39,35.9,0
2026-09-07T22:55:22.480200,9.29,8.87,39,35.9,0
2026-09-07T22:55:35.754848,9.29,8.81,39,35.9,0
2026-09-07T22:55:49.081207,9.29,8.81,39,35.9,0
2026-09-07T22:56:04.003301,9.29,8.77,39,35.9,0
2026-09-07T22:56:20.247978,9.29,8.65,39,35.9,0
2026-09-07T22:56:36.136958,9.29,8.65,39,35.9,0
2026-09-07T22:56:49.721900,9.29,8.61,39,35.9,0
2026-09-07T22:57:03.687428,9.29,8.57,39,35.9,0
2026-09-07T22:57:18.618224,9.29,8.57,39,35.9,0
2026-09-07T22:57:44.165593,9.29,8.57,39,35.9,0
2026-09-07T22:57:58.717069,9.29,8.61,39,35.9,0
2026-09-07T22:58:12.075270,9.29,8.45,39,35.9,0
2026-09-07T22:58:26.157951,9.29,8.49,39,35.9,0
2026-09-07T22:58:40.907508,9.29,8.51,39,35.9,0
2026-09-07T22:58:57.310892,9.29,8.53,39,35.9,0
2026-09-07T22:59:12.860848,9.29,8.55,39,35.9,0
2026-09-07T22:59:26.070969,9.29,8.43,39,35.9,0
2026-09-07T22:59:39.104649,9.29,8.41,39,35.9,0
2026-09-07T22:59:53.248976,9.29,8.45,39,35.9,0
2026-09-07T23:00:08.841303,9.29,8.43,39,35.9,0
2026-09-07T23:00:21.718769,9.29,8.55,39,35.9,0
2026-09-07T23:00:36.770244,9.29,8.53,39,35.9,0
2026-09-07T23:00:49.600742,9.29,8.57,39,35.9,0
2026-09-07T23:01:02.400521,9.29,8.59,39,35.9,0
2026-09-07T23:01:18.940120,9.29,8.69,39,35.9,0
2026-09-07T23:01:31.750759,9.29,8.57,39,35.9,0
2026-09-07T23:01:44.363634,9.29,8.61,39,35.9,0
2026-09-07T23:01:58.716001,9.29,8.61,39,35.9,0
2026-09-07T23:02:11.515988,9.29,8.79,39,35.9,0
2026-09-07T23:02:26.865933,9.29,8.79,39,35.9,0
2026-09-07T23:02:41.520319,9.29,8.95,39,35.9,0
2026-09-07T23:02:54.317996,9.29,9.11,39,35.9,0
2026-09-07T23:03:07.639036,9.29,9.25,39,35.9,0
2026-09-07T23:03:22.694225,9.29,9.34,39,35.9,0
2026-09-07T23:03:38.160257,9.29,9.44,39,35.9,0
2026-09-07T23:03:58.593828,9.08,9.08,40,35.0,49
2026-09-07T23:04:11.051376,9.08,9.08,40,35.0,48
2026-09-07T23:04:23.554217,9.08,9.08,40,35.0,47
2026-09-07T23:04:36.049135,9.08,9.08,40,35.0,46
2026-09-07T23:04:50.910862,9.08,9.08,40,35.0,45
2026-09-07T23:05:03.463329,9.08,9.08,40,35.0,44
2026-09-07T23:05:15.992772,9.08,9.08,40,35.0,43
2026-09-07T23:05:28.477802,9.08,9.08,40,35.0,42
2026-09-07T23:05:41.172788,9.08,9.08,40,35.0,41
2026-09-07T23:05:56.347821,9.08,9.08,40,35.0,40
2026-09-07T23:06:08.620710,9.08,9.08,40,35.0,39
2026-09-07T23:06:21.107416,9.08,9.08,40,35.0,38
2026-09-07T23:06:33.631780,9.08,9.08,40,35.0,37
2026-09-07T23:06:46.004679,9.08,9.08,40,35.0,36
2026-09-07T23:07:00.964210,9.08,9.08,40,35.0,35
2026-09-07T23:07:13.342671,9.08,9.08,40,35.0,34
2026-09-07T23:07:25.855760,9.08,9.08,40,35.0,33
2026-09-07T23:07:38.493509,9.08,9.08,40,35.0,32
2026-09-07T23:07:51.244732,9.08,9.08,40,35.0,31
2026-09-07T23:08:06.720160,9.08,9.08,40,35.0,30
2026-09-07T23:08:19.814165,9.08,9.08,40,35.0,29
2026-09-07T23:08:33.009278,9.08,9.08,40,35.0,28
2026-09-07T23:08:45.903303,9.08,9.08,40,35.0,27
2026-09-07T23:08:58.539137,9.08,9.08,40,35.0,26
2026-09-07T23:09:14.706337,9.08,9.08,40,35.0,25
2026-09-07T23:09:27.588066,9.08,9.08,40,35.0,24
2026-09-07T23:09:41.421132,9.08,9.08,40,35.0,23
2026-09-07T23:09:54.410853,9.08,9.08,40,35.0,22
2026-09-07T23:10:06.709251,9.08,9.08,40,35.0,21
2026-09-07T23:10:22.583962,9.08,9.08,40,35.0,20
2026-09-07T23:10:35.183164,9.08,9.08,40,35.0,19
2026-09-07T23:10:48.197132,9.08,9.08,40,35.0,18
2026-09-07T23:11:00.887125,9.08,9.08,40,35.0,17
2026-09-07T23:11:13.890084,9.08,9.08,40,35.0,16
2026-09-07T23:11:42.764477,9.08,9.08,40,35.0,15
2026-09-07T23:11:55.554914,9.08,9.08,40,35.0,14
2026-09-07T23:12:08.252394,9.08,9.08,40,35.0,13
2026-09-07T23:12:20.765819,9.08,9.08,40,35.0,12
2026-09-07T23:12:34.168221,9.08,9.08,40,35.0,11
2026-09-07T23:12:49.541927,9.08,9.08,40,35.0,10
2026-09-07T23:13:02.646714,9.08,9.08,40,35.0,9
2026-09-07T23:13:15.953843,9.08,9.08,40,35.0,8
2026-09-07T23:13:28.556066,9.08,9.08,40,35.0,7
2026-09-07T23:13:41.449031,9.08,9.08,40,35.0,6
2026-09-07T23:13:56.871199,9.08,9.08,40,35.0,5
2026-09-07T23:14:10.130043,9.08,9.08,40,35.0,4
2026-09-07T23:14:23.290784,9.08,9.08,40,35.0,3
2026-09-07T23:14:35.997801,9.08,9.08,40,35.0,2
2026-09-07T23:14:48.666154,9.08,9.08,40,35.0,1
2026-09-07T23:15:06.425140,9.08,9.08,40,35.0,0
2026-09-07T23:15:19.691055,9.08,9.08,40,35.0,0
2026-09-07T23:15:32.789429,9.08,9.08,40,35.0,0
2026-09-07T23:15:47.168797,9.08,9.08,40,35.0,0
2026-09-07T23:16:00.896167,9.08,9.08,40,35.0,0
2026-09-07T23:16:18.747293,9.08,9.08,40,35.0,0
2026-09-07T23:16:31.816502,9.08,9.08,40,35.0,0
2026-09-07T23:16:45.133929,9.08,9.08,40,35.0,0
2026-09-07T23:17:00.386008,9.08,9.08,40,35.0,0
2026-09-07T23:17:13.967141,9.08,9.08,40,35.0,0
2026-09-07T23:17:31.370858,9.08,9.08,40,35.0,0
2026-09-07T23:17:45.184078,9.08,9.08,40,35.0,0
2026-09-07T23:17:58.340296,9.08,9.08,40,35.0,0
2026-09-07T23:18:12.603976,9.08,9.08,40,35.0,0
2026-09-07T23:18:25.789905,9.08,9.08,40,35.0,0
                                                2026-09-08T18:13:18.379739,9.08,9.08,40,35.0,0
2026-09-08T18:13:31.030808,9.08,9.06,40,35.0,0
2026-09-08T18:13:47.623051,9.08,9.12,40,35.0,0
2026-09-08T18:14:08.353740,9.08,9.18,40,35.0,0
2026-09-08T18:14:43.272471,9.08,9.18,40,35.0,0
2026-09-08T18:15:05.586667,9.08,9.08,40,35.0,0
2026-09-08T18:15:24.531721,9.08,9.19,40,35.0,0
2026-09-08T18:15:52.766668,9.08,9.25,40,35.0,0
2026-09-08T18:16:14.508949,9.08,9.21,40,35.0,0
2026-09-08T18:16:30.310821,9.08,9.26,40,35.0,0
2026-09-08T18:16:44.840142,9.08,9.24,40,35.0,0
2026-09-08T18:16:59.161962,9.08,9.37,40,35.0,0
2026-09-08T18:17:12.729891,9.08,9.33,40,35.0,0
2026-09-08T18:17:26.426237,9.08,9.43,40,35.0,0
2026-09-08T18:17:40.269406,9.08,9.42,40,35.0,0
2026-09-08T18:17:54.704274,9.08,9.47,40,35.0,0
2026-09-08T18:18:10.366128,9.08,9.46,40,35.0,0
2026-09-08T18:18:22.959290,9.08,9.42,40,35.0,0
2026-09-08T18:18:36.164911,9.08,9.31,40,35.0,0
2026-09-08T18:18:51.003148,9.08,9.29,40,35.0,0
2026-09-08T18:19:04.937984,9.08,9.28,40,35.0,0
2026-09-08T18:19:21.013359,9.08,9.18,40,35.0,0
2026-09-08T18:19:36.247918,9.08,9.06,40,35.0,0
2026-09-08T18:19:53.998726,9.08,8.95,40,35.0,0
2026-09-08T18:20:07.914333,9.08,8.93,40,35.0,0
2026-09-08T18:20:21.941694,9.08,8.95,40,35.0,0
2026-09-08T18:20:37.213544,9.08,9.00,40,35.0,0
2026-09-08T18:20:50.576526,9.08,8.96,40,35.0,0
2026-09-08T18:21:04.562090,9.08,8.88,40,35.0,0
2026-09-08T18:21:19.785882,9.08,8.87,40,35.0,0
2026-09-08T18:21:33.836363,9.08,8.84,40,35.0,0
2026-09-08T18:21:46.467616,9.08,8.92,40,35.0,0
2026-09-08T18:22:00.763559,9.08,9.00,40,35.0,0
2026-09-08T18:22:14.691653,9.08,8.99,40,35.0,0
2026-09-08T18:22:32.083028,9.08,8.97,40,35.0,0
2026-09-08T18:22:45.716958,9.08,8.97,40,35.0,0
2026-09-08T18:22:58.119634,9.08,8.92,40,35.0,0
2026-09-08T18:23:11.936078,9.08,8.95,40,35.0,0
2026-09-08T18:23:26.590685,9.08,8.95,40,35.0,0
2026-09-08T18:23:45.230564,9.08,8.98,40,35.0,0
2026-09-08T18:23:59.445295,9.08,8.96,40,35.0,0
2026-09-08T18:24:15.813234,9.08,8.91,40,35.0,0
2026-09-08T18:24:33.675260,9.08,9.01,40,35.0,0
2026-09-08T18:24:51.441952,9.08,9.07,40,35.0,0
2026-09-08T18:25:06.285508,9.08,9.09,40,35.0,0
2026-09-08T18:25:19.156869,9.08,9.04,40,35.0,0
2026-09-08T18:25:33.242847,9.08,8.97,40,35.0,0
2026-09-08T18:25:45.643474,9.08,8.97,40,35.0,0
2026-09-08T18:26:03.214603,9.08,8.97,40,35.0,0
2026-09-08T18:26:17.103300,9.08,8.85,40,35.0,0
2026-09-08T18:26:29.474067,9.08,9.01,40,35.0,0
2026-09-08T18:26:44.629633,9.08,8.94,40,35.0,0
2026-09-08T18:26:56.912516,9.08,8.87,40,35.0,0
2026-09-08T18:27:12.281745,9.08,8.79,40,35.0,0
2026-09-08T18:27:27.939671,9.08,8.85,40,35.0,0
2026-09-08T18:27:40.238246,9.08,8.79,40,35.0,0
2026-09-08T18:27:55.557472,9.08,8.74,40,35.0,0
2026-09-08T18:28:11.364291,9.08,8.68,40,35.0,0
2026-09-08T18:28:45.303138,8.57,8.73,41,34.1,0
2026-09-08T18:28:58.887193,8.57,8.61,41,34.1,0
2026-09-08T18:29:51.093357,8.57,8.60,41,34.1,0
2026-09-08T18:30:37.639211,8.51,8.48,42,33.3,0
2026-09-08T18:31:16.332148,8.51,8.41,42,33.3,0
2026-09-08T18:31:37.417474,8.51,8.43,42,33.3,0
2026-09-08T18:32:01.315388,8.51,8.40,42,33.3,0
2026-09-08T18:32:30.601273,8.51,8.32,42,33.3,0
2026-09-08T18:33:05.932164,8.46,8.30,43,32.6,49
2026-09-08T18:33:51.325596,8.45,8.28,44,31.8,48
2026-09-08T18:34:22.994560,8.45,8.24,44,31.8,47
2026-09-08T18:34:43.321757,8.45,8.25,44,31.8,46
2026-09-08T18:34:59.663171,8.45,8.26,44,31.8,45
2026-09-08T18:35:16.711945,8.45,8.40,44,31.8,44
2026-09-08T18:35:32.065252,8.45,8.36,44,31.8,43
2026-09-08T18:35:56.140413,8.45,8.32,44,31.8,42
2026-09-08T18:36:11.325542,8.45,8.32,44,31.8,41
2026-09-08T18:36:30.744513,8.45,8.45,44,31.8,40
2026-09-08T18:36:57.263492,8.45,8.37,44,31.8,39
2026-09-08T18:37:12.830058,8.45,8.36,44,31.8,38
2026-09-08T18:37:29.316214,8.45,8.31,44,31.8,37
2026-09-08T18:37:47.037234,8.45,8.27,44,31.8,36
2026-09-08T18:38:04.439896,8.45,8.32,44,31.8,35
2026-09-08T18:38:26.924593,8.45,8.35,44,31.8,34
2026-09-08T18:38:39.642476,8.45,8.32,44,31.8,33
2026-09-08T18:38:56.149395,8.45,8.32,44,31.8,32
2026-09-08T18:39:24.108149,8.45,8.36,44,31.8,31
2026-09-08T18:39:39.059428,8.45,8.34,44,31.8,30
2026-09-08T18:39:53.398482,8.45,8.33,44,31.8,29
2026-09-08T18:40:08.758969,8.45,8.33,44,31.8,28
2026-09-08T18:40:45.208747,8.45,8.28,44,31.8,27
2026-09-08T18:41:06.914001,8.45,8.27,44,31.8,26
2026-09-08T18:41:26.278518,8.45,8.27,44,31.8,25
2026-09-08T18:41:39.898716,8.45,8.29,44,31.8,24
2026-09-08T18:42:04.285330,8.45,8.32,44,31.8,23
2026-09-08T18:42:18.403858,8.45,8.32,44,31.8,22
2026-09-08T18:42:31.715267,8.45,8.32,44,31.8,21
2026-09-08T18:42:54.543971,8.45,8.32,44,31.8,20
2026-09-08T18:43:17.078757,8.45,8.29,44,31.8,19
2026-09-08T18:43:38.572673,8.45,8.28,44,31.8,18
2026-09-08T18:43:53.801340,8.45,8.28,44,31.8,17
2026-09-08T18:44:17.180676,8.45,8.28,44,31.8,16
2026-09-08T18:44:39.810193,8.45,8.28,44,31.8,15
2026-09-08T18:44:56.298714,8.45,8.31,44,31.8,14
2026-09-08T18:45:17.506307,8.45,8.29,44,31.8,13
2026-09-08T18:45:51.075677,8.25,8.25,45,31.1,12
2026-09-08T18:46:21.289856,8.25,8.25,45,31.1,11
2026-09-08T18:46:38.399546,8.25,8.25,45,31.1,10
2026-09-08T18:47:00.199878,8.25,8.25,45,31.1,9
2026-09-08T18:47:19.188631,8.25,8.25,45,31.1,8
2026-09-08T18:47:45.370052,8.25,8.25,45,31.1,7
2026-09-08T18:48:01.476744,8.25,8.25,45,31.1,6
2026-09-08T18:48:25.919549,8.25,8.25,45,31.1,5
2026-09-08T18:48:47.758906,8.25,8.25,45,31.1,4
2026-09-08T18:49:11.686587,8.25,8.25,45,31.1,3
2026-09-08T18:49:28.213863,8.25,8.25,45,31.1,2
2026-09-08T18:49:41.677604,8.25,8.25,45,31.1,1
2026-09-08T18:50:04.847992,8.25,8.25,45,31.1,0
2026-09-08T18:50:43.334268,8.25,8.25,45,31.1,0
2026-09-08T18:50:58.568336,8.25,8.29,45,31.1,0
2026-09-08T18:51:14.205482,8.25,8.32,45,31.1,0
2026-09-08T18:51:27.347390,8.25,8.30,45,31.1,0
2026-09-08T18:51:52.346724,8.25,8.33,45,31.1,0
2026-09-08T18:52:07.613486,8.25,8.33,45,31.1,0
2026-09-08T18:52:23.127307,8.25,8.26,45,31.1,0
2026-09-08T18:52:41.407770,8.25,8.29,45,31.1,0
2026-09-08T18:53:02.920484,7.77,7.80,46,30.4,49
2026-09-08T18:53:19.835390,7.77,7.83,46,30.4,48
2026-09-08T18:53:33.225461,7.77,7.82,46,30.4,47
2026-09-08T18:53:46.334873,7.77,7.79,46,30.4,46
2026-09-08T18:54:00.394787,7.77,7.79,46,30.4,45
2026-09-08T18:54:13.376530,7.77,7.82,46,30.4,44
2026-09-08T18:54:26.586525,7.77,7.82,46,30.4,43
2026-09-08T18:54:39.898980,7.77,7.82,46,30.4,42
2026-09-08T18:54:52.716048,7.77,7.82,46,30.4,41
2026-09-08T18:55:07.164448,7.77,7.81,46,30.4,40
2026-09-08T18:55:19.828737,7.77,7.82,46,30.4,39
2026-09-08T18:55:33.142042,7.77,7.82,46,30.4,38
2026-09-08T18:55:46.346974,7.77,7.82,46,30.4,37
2026-09-08T18:55:59.025813,7.77,7.82,46,30.4,36
2026-09-08T18:56:13.395925,7.77,7.79,46,30.4,35
2026-09-08T18:56:26.195774,7.77,7.78,46,30.4,34
2026-09-08T18:56:39.538282,7.77,7.78,46,30.4,33
2026-09-08T18:56:53.031475,7.77,7.84,46,30.4,32
2026-09-08T18:57:08.678866,7.77,7.83,46,30.4,31
2026-09-08T18:57:22.714254,7.77,7.89,46,30.4,30
2026-09-08T18:57:35.409690,7.77,7.86,46,30.4,29
2026-09-08T18:57:49.035244,7.77,7.85,46,30.4,28
2026-09-08T18:58:02.543484,7.77,7.84,46,30.4,27
2026-09-08T18:58:15.544056,7.77,7.86,46,30.4,26
2026-09-08T18:58:29.701331,7.77,7.90,46,30.4,25
2026-09-08T18:58:42.590627,7.77,7.90,46,30.4,24
2026-09-08T18:58:56.235808,7.77,7.88,46,30.4,23
2026-09-08T18:59:09.731044,7.77,7.88,46,30.4,22
2026-09-08T18:59:22.832124,7.77,7.85,46,30.4,21
2026-09-08T18:59:36.982848,7.77,7.89,46,30.4,20
2026-09-08T18:59:49.657880,7.77,7.89,46,30.4,19
2026-09-08T19:00:04.200626,7.77,7.89,46,30.4,18
2026-09-08T19:00:17.515937,7.77,7.87,46,30.4,17
2026-09-08T19:00:30.315878,7.77,7.88,46,30.4,16
2026-09-08T19:00:44.756480,7.77,7.88,46,30.4,15
2026-09-08T19:00:57.448995,7.77,7.88,46,30.4,14
2026-09-08T19:01:10.767444,7.77,7.91,46,30.4,13
2026-09-08T19:01:24.072067,7.77,7.88,46,30.4,12
2026-09-08T19:01:37.271790,7.77,7.88,46,30.4,11
2026-09-08T19:01:51.468589,7.77,7.89,46,30.4,10
2026-09-08T19:02:04.217750,7.77,7.87,46,30.4,9
2026-09-08T19:02:18.029706,7.77,7.87,46,30.4,8
2026-09-08T19:02:31.445946,7.77,7.86,46,30.4,7
2026-09-08T19:02:44.159441,7.77,7.86,46,30.4,6
2026-09-08T19:02:58.238113,7.77,7.88,46,30.4,5
2026-09-08T19:03:10.996721,7.77,7.86,46,30.4,4
2026-09-08T19:03:24.504705,7.77,7.85,46,30.4,3
2026-09-08T19:03:38.018851,7.77,7.85,46,30.4,2
2026-09-08T19:03:50.921800,7.77,7.85,46,30.4,1
2026-09-08T19:04:11.698354,7.77,7.85,46,30.4,0
2026-09-08T19:04:24.828810,7.77,7.89,46,30.4,0
2026-09-08T19:04:40.513385,7.77,7.92,46,30.4,0
2026-09-08T19:04:54.655940,7.77,7.97,46,30.4,0
2026-09-08T19:05:11.240649,7.77,8.02,46,30.4,0
2026-09-08T19:05:24.901572,7.77,8.13,46,30.4,0
2026-09-08T19:05:38.258475,7.77,8.08,46,30.4,0
2026-09-08T19:06:02.179835,7.77,8.08,46,30.4,0
2026-09-08T19:06:16.759881,7.77,8.13,46,30.4,0
2026-09-08T19:06:29.860998,7.77,8.17,46,30.4,0
2026-09-08T19:06:45.389942,7.77,8.17,46,30.4,0
2026-09-08T19:06:58.734103,7.77,8.16,46,30.4,0
2026-09-08T19:07:15.503313,7.77,8.17,46,30.4,0
2026-09-08T19:07:38.097794,7.90,8.10,47,31.9,0
2026-09-08T19:07:52.955138,7.90,8.08,47,31.9,0
2026-09-08T19:08:06.276922,7.90,8.06,47,31.9,0
2026-09-08T19:08:24.513530,7.90,8.05,47,31.9,0
2026-09-08T19:08:40.406754,7.90,8.02,47,31.9,0
2026-09-08T19:08:55.728792,7.90,8.00,47,31.9,0
2026-09-08T19:09:08.965649,7.90,7.97,47,31.9,0
2026-09-08T19:09:28.259949,7.90,7.83,47,31.9,0
2026-09-08T19:09:43.051260,7.90,7.90,47,31.9,0
2026-09-08T19:09:58.731108,7.90,7.90,47,31.9,0
2026-09-08T19:10:12.010796,7.90,7.84,47,31.9,0
2026-09-08T19:10:28.000568,7.90,7.81,47,31.9,0
2026-09-08T19:10:41.490592,7.90,7.91,47,31.9,0
2026-09-08T19:10:57.007696,7.90,7.88,47,31.9,0
2026-09-08T19:11:10.884552,7.90,7.86,47,31.9,0
2026-09-08T19:11:24.383219,7.90,7.86,47,31.9,0
2026-09-08T19:11:39.298855,7.90,7.94,47,31.9,0
2026-09-08T19:11:53.037734,7.90,7.98,47,31.9,0
2026-09-08T19:12:07.611439,7.90,7.66,47,31.9,0
2026-09-08T19:12:21.822673,7.90,7.70,47,31.9,0
2026-09-08T19:12:35.848125,7.90,7.70,47,31.9,0
2026-09-08T19:12:49.905953,7.90,7.70,47,31.9,0
2026-09-08T19:13:03.708771,7.90,7.72,47,31.9,0
2026-09-08T19:13:19.375376,7.90,7.71,47,31.9,0
2026-09-08T19:13:32.472448,7.90,7.69,47,31.9,0
2026-09-08T19:13:46.313975,7.90,7.62,47,31.9,0
2026-09-08T19:14:00.855146,7.90,7.64,47,31.9,0
2026-09-08T19:14:14.089067,7.90,7.66,47,31.9,0
2026-09-08T19:14:29.188312,7.90,7.62,47,31.9,0
2026-09-08T19:14:43.036958,7.90,7.67,47,31.9,0
2026-09-08T19:14:56.184718,7.90,7.69,47,31.9,0
2026-09-08T19:15:11.084790,7.90,7.67,47,31.9,0
2026-09-08T19:15:25.220077,7.90,7.76,47,31.9,0
2026-09-08T19:15:39.776576,7.90,7.78,47,31.9,0
2026-09-08T19:15:53.690566,7.90,7.77,47,31.9,0
2026-09-08T19:16:07.504519,7.90,7.76,47,31.9,0
2026-09-08T19:16:21.796464,7.90,7.70,47,31.9,0
2026-09-08T19:16:35.656420,7.90,7.68,47,31.9,0
2026-09-08T19:16:50.708063,7.90,7.73,47,31.9,0
2026-09-08T19:17:04.173770,7.90,7.68,47,31.9,0
2026-09-08T19:17:18.054564,7.90,7.70,47,31.9,0
2026-09-08T19:17:32.683328,7.90,7.65,47,31.9,0
2026-09-08T19:17:45.704816,7.90,7.67,47,31.9,0
2026-09-08T19:18:01.096930,7.90,7.67,47,31.9,0
2026-09-08T19:18:15.824302,7.90,7.67,47,31.9,0
2026-09-08T19:18:29.051881,7.90,7.68,47,31.9,0
2026-09-08T19:18:43.977884,7.90,7.73,47,31.9,0
2026-09-08T19:18:58.019847,7.90,7.62,47,31.9,0
2026-09-08T19:19:12.585286,7.90,7.64,47,31.9,0
2026-09-08T19:19:26.691823,7.90,7.65,47,31.9,0
2026-09-08T19:19:40.802734,7.90,7.64,47,31.9,0
2026-09-08T19:19:55.333982,7.90,7.66,47,31.9,0
2026-09-08T19:20:09.071581,7.90,7.64,47,31.9,0
2026-09-08T19:20:24.342970,7.90,7.64,47,31.9,0
2026-09-08T19:20:46.158424,7.90,7.61,47,31.9,0
2026-09-08T19:21:10.907380,7.88,7.60,48,31.2,0
2026-09-08T19:21:27.417358,7.88,7.59,48,31.2,0
2026-09-08T19:21:41.202284,7.88,7.60,48,31.2,0
2026-09-08T19:21:54.622843,7.88,7.61,48,31.2,0
2026-09-08T19:22:08.980693,7.88,7.56,48,31.2,0
2026-09-08T19:22:23.205233,7.88,7.56,48,31.2,0
2026-09-08T19:22:40.478249,7.88,7.57,48,31.2,0
2026-09-08T19:22:56.170535,7.88,7.60,48,31.2,0
2026-09-08T19:23:11.234813,7.88,7.54,48,31.2,0
2026-09-08T19:23:25.456918,7.88,7.51,48,31.2,0
2026-09-08T19:23:38.894165,7.88,7.50,48,31.2,0
2026-09-08T19:23:57.628394,7.88,7.46,48,31.2,0
2026-09-08T19:24:10.821679,7.88,7.48,48,31.2,0
2026-09-08T19:24:25.619640,7.88,7.49,48,31.2,0
2026-09-08T19:24:39.424188,7.88,7.52,48,31.2,0
2026-09-08T19:24:52.723564,7.88,7.48,48,31.2,0
2026-09-08T19:25:08.987929,7.88,7.44,48,31.2,0
2026-09-08T19:25:22.451659,7.88,7.47,48,31.2,0
2026-09-08T19:25:36.673713,7.88,7.44,48,31.2,0
2026-09-08T19:25:51.302088,7.88,7.42,48,31.2,0
2026-09-08T19:26:04.606204,7.88,7.39,48,31.2,0
2026-09-08T19:26:33.367798,7.32,7.32,50,30.0,49
2026-09-08T19:26:47.025736,7.32,7.32,50,30.0,48
2026-09-08T19:26:59.790373,7.32,7.32,50,30.0,47
2026-09-08T19:27:12.383605,7.32,7.32,50,30.0,46
2026-09-08T19:27:26.329253,7.32,7.32,50,30.0,45
2026-09-08T19:27:38.915246,7.32,7.32,50,30.0,44
2026-09-08T19:27:52.147547,7.32,7.32,50,30.0,43
2026-09-08T19:28:04.825202,7.32,7.32,50,30.0,42
2026-09-08T19:28:17.730375,7.32,7.32,50,30.0,41
2026-09-08T19:28:32.059469,7.32,7.32,50,30.0,40
2026-09-08T19:28:44.864076,7.32,7.32,50,30.0,39
2026-09-08T19:29:00.292534,7.32,7.32,50,30.0,38
2026-09-08T19:29:13.840234,7.32,7.32,50,30.0,37
2026-09-08T19:29:26.943145,7.32,7.32,50,30.0,36
2026-09-08T19:29:41.280957,7.32,7.32,50,30.0,35
2026-09-08T19:29:53.974280,7.32,7.32,50,30.0,34
2026-09-08T19:30:07.600734,7.32,7.32,50,30.0,33
2026-09-08T19:30:20.498247,7.32,7.32,50,30.0,32
2026-09-08T19:30:33.298417,7.32,7.32,50,30.0,31
2026-09-08T19:30:47.544890,7.32,7.32,50,30.0,30
2026-09-08T19:31:00.584438,7.32,7.32,50,30.0,29
2026-09-08T19:31:15.819460,7.32,7.32,50,30.0,28
2026-09-08T19:31:28.502953,7.32,7.32,50,30.0,27
2026-09-08T19:31:41.455711,7.32,7.32,50,30.0,26
2026-09-08T19:31:55.591148,7.32,7.32,50,30.0,25
2026-09-08T19:32:08.533996,7.32,7.32,50,30.0,24
2026-09-08T19:32:21.981499,7.32,7.32,50,30.0,23
2026-09-08T19:32:34.651348,7.32,7.32,50,30.0,22
2026-09-08T19:32:47.450816,7.32,7.32,50,30.0,21
2026-09-08T19:33:01.496071,7.32,7.32,50,30.0,20
2026-09-08T19:33:14.071485,7.32,7.32,50,30.0,19
2026-09-08T19:33:27.419625,7.32,7.32,50,30.0,18
2026-09-08T19:33:40.080754,7.32,7.32,50,30.0,17
2026-09-08T19:33:52.778240,7.32,7.32,50,30.0,16
2026-09-08T19:34:06.918860,7.32,7.32,50,30.0,15
2026-09-08T19:34:19.711687,7.32,7.32,50,30.0,14
2026-09-08T19:34:33.378979,7.32,7.32,50,30.0,13
2026-09-08T19:34:46.239071,7.32,7.32,50,30.0,12
2026-09-08T19:35:11.015837,7.32,7.32,50,30.0,11
2026-09-08T19:35:23.926618,7.32,7.32,50,30.0,10
2026-09-08T19:35:37.477508,7.32,7.32,50,30.0,9
2026-09-08T19:35:50.341758,7.32,7.32,50,30.0,8
2026-09-08T19:36:03.036982,7.32,7.32,50,30.0,7
2026-09-08T19:36:17.277944,7.32,7.32,50,30.0,6
2026-09-08T19:36:30.177102,7.32,7.32,50,30.0,5
2026-09-08T19:36:43.722096,7.32,7.32,50,30.0,4
2026-09-08T19:36:56.792128,7.32,7.32,50,30.0,3
2026-09-08T19:37:09.488571,7.32,7.32,50,30.0,2
2026-09-08T19:37:23.832561,7.32,7.32,50,30.0,1
2026-09-08T19:37:40.840312,7.32,7.32,50,30.0,0
2026-09-08T19:37:54.707599,7.32,7.32,50,30.0,0
2026-09-08T19:38:07.920785,7.32,7.32,50,30.0,0
2026-09-08T19:38:23.459856,7.32,7.32,50,30.0,0
2026-09-08T19:38:38.237074,7.32,7.32,50,30.0,0
2026-09-08T19:38:52.954902,7.32,7.32,50,30.0,0
2026-09-08T19:39:07.124362,7.32,7.32,50,30.0,0
2026-09-08T19:39:20.619400,7.32,7.32,50,30.0,0
2026-09-08T19:39:35.995315,7.32,7.32,50,30.0,0
2026-09-08T19:39:50.558901,7.32,7.32,50,30.0,0
2026-09-08T19:40:05.240375,7.32,7.32,50,30.0,0
2026-09-08T19:40:19.210685,7.32,7.32,50,30.0,0
2026-09-08T19:40:32.362643,7.32,7.32,50,30.0,0
2026-09-08T19:40:48.036550,7.32,7.32,50,30.0,0
2026-09-08T19:41:02.621448,7.32,7.32,50,30.0,0
2026-09-08T19:41:17.415873,7.32,7.32,50,30.0,0
2026-09-08T19:41:31.121450,7.32,7.32,50,30.0,0
2026-09-08T19:41:44.494484,7.32,7.32,50,30.0,0
2026-09-08T19:41:59.299096,7.32,7.32,50,30.0,0
2026-09-08T19:42:14.352475,7.32,7.32,50,30.0,0
2026-09-08T19:42:29.312517,7.32,7.32,50,30.0,0
2026-09-08T19:42:43.578595,7.32,7.32,50,30.0,0
2026-09-08T19:42:56.853958,7.32,7.32,50,30.0,0
2026-09-08T19:43:11.299957,7.32,7.32,50,30.0,0
2026-09-08T19:43:26.383464,7.32,7.32,50,30.0,0
2026-09-08T19:43:40.921748,7.32,7.32,50,30.0,0
2026-09-08T19:43:54.888664,7.32,7.32,50,30.0,0
2026-09-08T19:44:08.029693,7.32,7.32,50,30.0,0
2026-09-08T19:44:22.997237,7.32,7.32,50,30.0,0
2026-09-08T19:44:38.892467,7.32,7.32,50,30.0,0
2026-09-08T19:44:54.749873,7.32,7.32,50,30.0,0
2026-09-08T19:45:08.598056,7.32,7.32,50,30.0,0
2026-09-08T19:45:22.198953,7.32,7.32,50,30.0,0
2026-09-08T19:45:36.690544,7.32,7.32,50,30.0,0
2026-09-08T19:45:51.169951,7.32,7.32,50,30.0,0
2026-09-08T19:46:04.312371,7.32,7.32,50,30.0,0
2026-09-08T19:46:20.406092,7.32,7.32,50,30.0,0
2026-09-08T19:46:33.562738,7.32,7.32,50,30.0,0
2026-09-08T19:46:46.704748,7.32,7.32,50,30.0,0
2026-09-08T19:47:02.439112,7.32,7.32,50,30.0,0
2026-09-08T19:47:15.935404,7.32,7.32,50,30.0,0
2026-09-08T19:47:30.043223,7.32,7.32,50,30.0,0
2026-09-08T19:47:45.624599,7.32,7.32,50,30.0,0
2026-09-08T19:47:59.258596,7.32,7.32,50,30.0,0
2026-09-08T19:48:16.169333,7.32,7.32,50,30.0,0
2026-09-08T19:48:29.434618,7.32,7.32,50,30.0,0
2026-09-08T19:48:45.472375,7.32,7.32,50,30.0,0
2026-09-08T19:48:58.569068,7.32,7.32,50,30.0,0
2026-09-08T19:49:12.167162,7.32,7.32,50,30.0,0
2026-09-08T19:49:37.886546,7.32,7.32,50,30.0,0
2026-09-08T19:49:52.356225,7.32,7.32,50,30.0,0
2026-09-08T19:50:15.163017,7.32,7.32,50,30.0,0
2026-09-08T19:50:28.307716,7.32,7.33,50,30.0,0
2026-09-08T19:50:44.595408,7.32,7.32,50,30.0,0
2026-09-08T19:50:58.546552,7.32,7.32,50,30.0,0
2026-09-08T19:51:11.626856,7.32,7.32,50,30.0,0
2026-09-08T19:51:26.367631,7.32,7.22,50,30.0,0
2026-09-08T19:51:39.576255,7.32,7.22,50,30.0,0
2026-09-08T19:51:56.299212,7.32,7.22,50,30.0,0
2026-09-08T19:52:16.656955,7.32,7.24,50,30.0,0
2026-09-08T19:52:42.316099,7.32,7.20,50,30.0,0
2026-09-08T19:52:57.202267,7.32,7.14,50,30.0,0
2026-09-08T19:53:13.389732,7.32,7.17,50,30.0,0
2026-09-08T19:53:36.616463,7.32,7.17,50,30.0,0
2026-09-08T19:53:58.147726,7.32,7.15,50,30.0,0
2026-09-08T19:54:24.887393,7.32,7.19,50,30.0,0
2026-09-08T19:54:42.367800,7.32,7.19,50,30.0,0
2026-09-08T19:54:55.505471,7.32,7.15,50,30.0,0
2026-09-08T19:55:08.982565,7.32,7.20,50,30.0,0
2026-09-08T19:55:24.940633,7.32,7.17,50,30.0,0
2026-09-08T19:55:39.578130,7.32,7.12,50,30.0,0
2026-09-08T19:55:55.452832,7.32,7.20,50,30.0,0
2026-09-08T19:56:09.114037,7.32,7.15,50,30.0,0
2026-09-08T19:56:22.397736,7.32,7.17,50,30.0,0
2026-09-08T19:56:37.255300,7.32,7.12,50,30.0,0
2026-09-08T19:56:51.622918,7.32,7.07,50,30.0,0
2026-09-08T19:57:07.853943,7.32,7.07,50,30.0,0
2026-09-08T19:57:21.171918,7.32,7.07,50,30.0,0
2026-09-08T19:57:34.508728,7.32,7.07,50,30.0,0
2026-09-08T19:57:49.456502,7.32,7.04,50,30.0,0
2026-09-08T19:58:04.029145,7.32,7.02,50,30.0,0
2026-09-08T19:58:20.484322,7.32,7.02,50,30.0,0
2026-09-08T19:58:33.721469,7.32,7.02,50,30.0,0
2026-09-08T19:58:46.902200,7.32,7.02,50,30.0,0
2026-09-08T19:59:02.067515,7.32,6.99,50,30.0,0
2026-09-08T19:59:16.870585,7.32,6.98,50,30.0,0
2026-09-08T19:59:32.561390,7.32,6.98,50,30.0,0
2026-09-08T19:59:45.927177,7.32,7.06,50,30.0,0
2026-09-08T19:59:59.276936,7.32,7.06,50,30.0,0
2026-09-08T20:00:13.825105,7.32,7.12,50,30.0,0
2026-09-08T20:00:28.589289,7.32,7.12,50,30.0,0
2026-09-08T20:00:45.232162,7.32,7.12,50,30.0,0
2026-09-08T20:00:58.892908,7.32,7.15,50,30.0,0
2026-09-08T20:01:12.241423,7.32,7.14,50,30.0,0
2026-09-08T20:01:27.671529,7.32,7.09,50,30.0,0
2026-09-08T20:01:43.416485,7.32,7.12,50,30.0,0
2026-09-08T20:01:59.022971,7.32,7.14,50,30.0,0
2026-09-08T20:02:12.123129,7.32,7.14,50,30.0,0
2026-09-08T20:02:25.553816,7.32,7.12,50,30.0,0
2026-09-08T20:02:40.383374,7.32,7.12,50,30.0,0
2026-09-08T20:02:55.036554,7.32,7.12,50,30.0,0
2026-09-08T20:03:11.701484,7.32,7.09,50,30.0,0
2026-09-08T20:03:24.921290,7.32,7.09,50,30.0,0
2026-09-08T20:03:38.085019,7.32,7.09,50,30.0,0
2026-09-08T20:03:53.062978,7.32,7.07,50,30.0,0
2026-09-08T20:04:07.633457,7.32,7.09,50,30.0,0
2026-09-08T20:04:22.813092,7.32,7.09,50,30.0,0
2026-09-08T20:04:36.281121,7.32,7.09,50,30.0,0
2026-09-08T20:04:49.774917,7.32,7.09,50,30.0,0
2026-09-08T20:05:15.009734,7.32,7.12,50,30.0,0
2026-09-08T20:05:28.858408,7.32,7.12,50,30.0,0
2026-09-08T20:05:42.484036,7.32,7.11,50,30.0,0
2026-09-08T20:05:56.956539,7.32,7.12,50,30.0,0
2026-09-08T20:06:10.117363,7.32,7.12,50,30.0,0
2026-09-08T20:06:25.006359,7.32,7.11,50,30.0,0
2026-09-08T20:06:40.619467,7.32,7.09,50,30.0,0
2026-09-08T20:07:02.662495,7.09,7.09,51,29.4,0
2026-09-08T20:07:17.473463,7.09,7.09,51,29.4,0
2026-09-08T20:07:31.889455,7.09,7.09,51,29.4,0
2026-09-08T20:07:47.815368,7.09,7.09,51,29.4,0
2026-09-08T20:08:01.259581,7.09,7.09,51,29.4,0
2026-09-08T20:08:14.786217,7.09,7.09,51,29.4,0
2026-09-08T20:08:29.840177,7.09,7.09,51,29.4,0
2026-09-08T20:08:44.675322,7.09,7.09,51,29.4,0
2026-09-08T20:09:00.336466,7.09,7.09,51,29.4,0
2026-09-08T20:09:14.076987,7.09,7.09,51,29.4,0
2026-09-08T20:09:27.569597,7.09,7.09,51,29.4,0
2026-09-08T20:09:42.328586,7.09,7.09,51,29.4,0
2026-09-08T20:09:56.916465,7.09,7.09,51,29.4,0
2026-09-08T20:10:12.402843,7.09,7.09,51,29.4,0
2026-09-08T20:10:25.577746,7.09,7.09,51,29.4,0
2026-09-08T20:10:39.072743,7.09,7.09,51,29.4,0
2026-09-08T20:10:54.201380,7.09,7.09,51,29.4,0
2026-09-08T20:11:08.764938,7.09,7.09,51,29.4,0
2026-09-08T20:11:24.082310,7.09,7.09,51,29.4,0
2026-09-08T20:11:37.314193,7.09,7.09,51,29.4,0
2026-09-08T20:11:50.634359,7.09,7.09,51,29.4,0
2026-09-08T20:12:06.328376,7.09,7.09,51,29.4,0
2026-09-08T20:12:21.028787,7.09,7.09,51,29.4,0
2026-09-08T20:12:36.383113,7.09,7.09,51,29.4,0
2026-09-08T20:12:49.942773,7.09,7.09,51,29.4,0
2026-09-08T20:13:03.142900,7.09,7.09,51,29.4,0
2026-09-08T20:13:18.784965,7.09,7.09,51,29.4,0
2026-09-08T20:13:33.602051,7.09,7.09,51,29.4,0
2026-09-08T20:13:49.410334,7.09,7.09,51,29.4,0
2026-09-08T20:14:02.736953,7.09,7.09,51,29.4,0
2026-09-08T20:14:16.248962,7.09,7.09,51,29.4,0
2026-09-08T20:14:31.497569,7.09,7.09,51,29.4,0
2026-09-08T20:14:46.246365,7.09,7.09,51,29.4,0
2026-09-08T20:15:02.940866,7.09,7.09,51,29.4,0
2026-09-08T20:15:16.600756,7.09,7.09,51,29.4,0
2026-09-08T20:15:29.871418,7.09,7.09,51,29.4,0
2026-09-08T20:15:45.456509,7.09,7.09,51,29.4,0
2026-09-08T20:16:00.267158,7.09,7.09,51,29.4,0
2026-09-08T20:16:16.748978,7.09,7.09,51,29.4,0
2026-09-08T20:16:30.010093,7.09,7.09,51,29.4,0
2026-09-08T20:16:43.297134,7.09,7.09,51,29.4,0
2026-09-08T20:16:58.965285,7.09,7.09,51,29.4,0
2026-09-08T20:17:13.831923,7.09,7.09,51,29.4,0
2026-09-08T20:17:30.213300,7.09,7.09,51,29.4,0
2026-09-08T20:17:43.825095,7.09,7.09,51,29.4,0
2026-09-08T20:17:57.200036,7.09,7.09,51,29.4,0
2026-09-08T20:18:11.989741,7.09,7.09,51,29.4,0
2026-09-08T20:18:27.068105,7.09,7.09,51,29.4,0
2026-09-08T20:18:42.402425,7.09,7.09,51,29.4,0
2026-09-08T20:18:55.600526,7.09,7.09,51,29.4,0
2026-09-08T20:19:08.604732,7.09,7.09,51,29.4,0
2026-09-08T20:19:23.145833,7.09,7.09,51,29.4,0
2026-09-08T20:19:38.001442,7.09,7.09,51,29.4,0
2026-09-08T20:20:02.859875,7.09,7.09,51,29.4,0
2026-09-08T20:20:16.017105,7.09,7.09,51,29.4,0
2026-09-08T20:20:29.289463,7.09,7.09,51,29.4,0
2026-09-08T20:20:45.374956,7.09,7.09,51,29.4,0
2026-09-08T20:20:58.486845,7.09,7.09,51,29.4,0
2026-09-08T20:21:12.701746,7.09,7.09,51,29.4,0
2026-09-08T20:21:28.691957,7.09,7.09,51,29.4,0
2026-09-08T20:21:41.988133,7.09,7.09,51,29.4,0
2026-09-08T20:21:58.692472,7.09,7.09,51,29.4,0
2026-09-08T20:22:12.235051,7.09,7.09,51,29.4,0
2026-09-08T20:22:28.477565,7.09,7.09,51,29.4,0
2026-09-08T20:22:41.661784,7.09,7.09,51,29.4,0
2026-09-08T20:22:54.914466,7.09,7.09,51,29.4,0
2026-09-08T20:23:11.308674,7.09,7.09,51,29.4,0
2026-09-08T20:23:24.852207,7.09,7.09,51,29.4,0
2026-09-08T20:23:38.736536,7.09,7.09,51,29.4,0
2026-09-08T20:23:53.757080,7.09,7.09,51,29.4,0
2026-09-08T20:24:06.904846,7.09,7.09,51,29.4,0
2026-09-08T20:24:23.307210,7.09,7.09,51,29.4,0
2026-09-08T20:24:36.496643,7.09,7.09,51,29.4,0
2026-09-08T20:24:50.659509,7.09,7.09,51,29.4,0
2026-09-08T20:25:05.778874,7.09,7.09,51,29.4,0
2026-09-08T20:25:19.299725,7.09,7.09,51,29.4,0
2026-09-08T20:25:36.695302,7.09,7.09,51,29.4,0
2026-09-08T20:25:50.097934,7.09,7.09,51,29.4,0
2026-09-08T20:26:06.018473,7.09,7.09,51,29.4,0
2026-09-08T20:26:19.602635,7.09,7.09,51,29.4,0
2026-09-08T20:26:33.323773,7.09,7.09,51,29.4,0
2026-09-08T20:26:50.246786,7.09,7.09,51,29.4,0
2026-09-08T20:27:03.541420,7.09,7.09,51,29.4,0
2026-09-08T20:27:17.401651,7.09,7.09,51,29.4,0
2026-09-08T20:27:33.031506,7.09,7.09,51,29.4,0
2026-09-08T20:27:46.358416,7.09,7.09,51,29.4,0
2026-09-08T20:28:03.066768,7.09,7.09,51,29.4,0
2026-09-08T20:28:16.557240,7.09,7.09,51,29.4,0
2026-09-08T20:28:32.756325,7.09,7.09,51,29.4,0
2026-09-08T20:28:45.895547,7.09,7.09,51,29.4,0
2026-09-08T20:28:59.269377,7.09,7.09,51,29.4,0
2026-09-08T20:29:15.654764,7.09,7.09,51,29.4,0
2026-09-08T20:29:28.822211,7.09,7.09,51,29.4,0
2026-09-08T20:29:42.816849,7.09,7.09,51,29.4,0
2026-09-08T20:29:58.240806,7.09,7.09,51,29.4,0
2026-09-08T20:30:11.574711,7.09,7.09,51,29.4,0
2026-09-08T20:30:28.050610,7.09,7.09,51,29.4,0
2026-09-08T20:30:41.462571,7.09,7.09,51,29.4,0
2026-09-08T20:30:55.422479,7.09,7.09,51,29.4,0
2026-09-08T20:31:10.951463,7.09,7.09,51,29.4,0
2026-09-08T20:31:24.676266,7.09,7.09,51,29.4,0
2026-09-08T20:31:41.867916,7.09,7.09,51,29.4,0
2026-09-08T20:31:55.719675,7.09,7.09,51,29.4,0
2026-09-08T20:32:12.167890,7.09,7.09,51,29.4,0
2026-09-08T20:32:25.407333,7.09,7.09,51,29.4,0
2026-09-08T20:32:38.702165,7.09,7.09,51,29.4,0
2026-09-08T20:32:54.462621,7.09,7.09,51,29.4,0
2026-09-08T20:33:08.105524,7.09,7.09,51,29.4,0
2026-09-08T20:33:23.986607,7.09,7.09,51,29.4,0
2026-09-08T20:33:37.511228,7.09,7.09,51,29.4,0
2026-09-08T20:33:50.898904,7.09,7.09,51,29.4,0
2026-09-08T20:34:07.659437,7.09,7.09,51,29.4,0
2026-09-08T20:34:21.213113,7.09,7.09,51,29.4,0
2026-09-08T20:34:46.403829,7.09,7.09,51,29.4,0
2026-09-08T20:34:59.818100,7.09,7.09,51,29.4,0
2026-09-08T20:35:16.520816,7.09,7.09,51,29.4,0
2026-09-08T20:35:30.211598,7.09,7.09,51,29.4,0
2026-09-08T20:35:43.765960,7.09,7.09,51,29.4,0
2026-09-08T20:35:58.880675,7.09,7.09,51,29.4,0
2026-09-08T20:36:12.240409,7.09,7.09,51,29.4,0
2026-09-08T20:36:26.977422,7.09,7.09,51,29.4,0
2026-09-08T20:36:42.002224,7.09,7.09,51,29.4,0
2026-09-08T20:36:55.228318,7.09,7.09,51,29.4,0
2026-09-08T20:37:09.128952,7.09,7.09,51,29.4,0
2026-09-08T20:37:25.122513,7.09,7.09,51,29.4,0
2026-09-08T20:37:41.194147,7.09,7.09,51,29.4,0
2026-09-08T20:37:56.875722,7.09,7.09,51,29.4,0
2026-09-08T20:38:10.829678,7.09,7.09,51,29.4,0
2026-09-08T20:38:23.990670,7.09,7.09,51,29.4,0
2026-09-08T20:38:39.651527,7.09,7.09,51,29.4,0
2026-09-08T20:38:54.387364,7.09,7.09,51,29.4,0
2026-09-08T20:39:09.366793,7.09,7.09,51,29.4,0
2026-09-08T20:39:23.496891,7.09,7.09,51,29.4,0
2026-09-08T20:39:36.898876,7.09,7.09,51,29.4,0
2026-09-08T20:39:52.366746,7.09,7.09,51,29.4,0
2026-09-08T20:40:07.113901,7.09,7.09,51,29.4,0
2026-09-08T20:40:23.896580,7.09,7.09,51,29.4,0
2026-09-08T20:40:38.500991,7.09,7.09,51,29.4,0
2026-09-08T20:40:53.285521,7.09,7.09,51,29.4,0
2026-09-08T20:41:06.970636,7.09,7.09,51,29.4,0
2026-09-08T20:41:21.362061,7.09,7.09,51,29.4,0
2026-09-08T20:41:36.311748,7.09,7.09,51,29.4,0
2026-09-08T20:41:50.628223,7.09,7.09,51,29.4,0
2026-09-08T20:42:03.774118,7.09,7.09,51,29.4,0
2026-09-08T20:42:18.630532,7.09,7.09,51,29.4,0
2026-09-08T20:42:33.129696,7.09,7.09,51,29.4,0
2026-09-08T20:42:46.366284,7.09,7.09,51,29.4,0
2026-09-08T20:43:02.636814,7.09,7.09,51,29.4,0
2026-09-08T20:43:15.834823,7.09,7.09,51,29.4,0
2026-09-08T20:43:29.174105,7.09,7.09,51,29.4,0
2026-09-08T20:43:46.391326,7.09,7.09,51,29.4,0
2026-09-08T20:43:59.671440,7.09,7.09,51,29.4,0
2026-09-08T20:44:15.304882,7.09,7.09,51,29.4,0
2026-09-08T20:44:28.620531,7.09,7.09,51,29.4,0
2026-09-08T20:44:41.963753,7.09,7.09,51,29.4,0
2026-09-08T20:44:57.952353,7.09,7.09,51,29.4,0
2026-09-08T20:45:11.250782,7.09,7.09,51,29.4,0
2026-09-08T20:45:25.903941,7.09,7.09,51,29.4,0
2026-09-08T20:45:40.403856,7.09,7.09,51,29.4,0
2026-09-08T20:45:53.855107,7.09,7.09,51,29.4,0
2026-09-08T20:46:10.640523,7.09,7.09,51,29.4,0
2026-09-08T20:46:23.844596,7.09,7.09,51,29.4,0
2026-09-08T20:46:38.212734,7.09,7.09,51,29.4,0
2026-09-08T20:46:53.448413,7.09,7.09,51,29.4,0
2026-09-08T20:47:06.656612,7.09,7.09,51,29.4,0
2026-09-08T20:47:21.874264,7.09,7.09,51,29.4,0
2026-09-08T20:47:35.713395,7.09,7.09,51,29.4,0
2026-09-08T20:47:49.567599,7.09,7.09,51,29.4,0
2026-09-08T20:48:03.967758,7.09,7.09,51,29.4,0
2026-09-08T20:48:17.799077,7.09,7.09,51,29.4,0
2026-09-08T20:48:32.572226,7.09,7.09,51,29.4,0
2026-09-08T20:48:47.707901,7.09,7.09,51,29.4,0
2026-09-08T20:49:01.687788,7.09,7.09,51,29.4,0
2026-09-08T20:49:24.267809,7.09,7.09,51,29.4,0
2026-09-08T20:49:39.164046,7.09,7.09,51,29.4,0
2026-09-08T20:49:52.355143,7.09,7.09,51,29.4,0
2026-09-08T20:50:08.180508,7.09,7.09,51,29.4,0
2026-09-08T20:50:21.648257,7.09,7.09,51,29.4,0
2026-09-08T20:50:35.137688,7.09,7.09,51,29.4,0
2026-09-08T20:50:51.407134,7.09,7.09,51,29.4,0
2026-09-08T20:51:04.777429,7.09,7.09,51,29.4,0
2026-09-08T20:51:18.682441,7.09,7.09,51,29.4,0
2026-09-08T20:51:34.036152,7.09,7.09,51,29.4,0
2026-09-08T20:51:47.749604,7.09,7.09,51,29.4,0
2026-09-08T20:52:03.762061,7.09,7.09,51,29.4,0
2026-09-08T20:52:17.087973,7.09,7.09,51,29.4,0
2026-09-08T20:52:31.346173,7.09,7.09,51,29.4,0
2026-09-08T20:52:46.732694,7.09,7.09,51,29.4,0
2026-09-08T20:52:59.853367,7.09,7.09,51,29.4,0
2026-09-08T20:53:16.092994,7.09,7.09,51,29.4,0
2026-09-08T20:53:29.453836,7.09,7.09,51,29.4,0
2026-09-08T20:53:43.306278,7.09,7.09,51,29.4,0
2026-09-08T20:53:57.980616,7.09,7.09,51,29.4,0
2026-09-08T20:54:11.288881,7.09,7.09,51,29.4,0
2026-09-08T20:54:26.086158,7.09,7.09,51,29.4,0
2026-09-08T20:54:41.197393,7.09,7.09,51,29.4,0
2026-09-08T20:54:55.634669,7.09,7.09,51,29.4,0
2026-09-08T20:55:08.780909,7.09,7.09,51,29.4,0
2026-09-08T20:55:24.428585,7.09,7.09,51,29.4,0
2026-09-08T20:55:39.203210,7.09,7.09,51,29.4,0
2026-09-08T20:55:54.907432,7.09,7.09,51,29.4,0
2026-09-08T20:56:08.706510,7.09,7.09,51,29.4,0
2026-09-08T20:56:22.095682,7.09,7.09,51,29.4,0
2026-09-08T20:56:36.832121,7.09,7.09,51,29.4,0
2026-09-08T20:56:51.482370,7.09,7.09,51,29.4,0
2026-09-08T20:57:05.408362,7.09,7.09,51,29.4,0
2026-09-08T20:57:20.109946,7.09,7.09,51,29.4,0
2026-09-08T20:57:33.735327,7.09,7.09,51,29.4,0
2026-09-08T20:57:47.805965,7.09,7.09,51,29.4,0
2026-09-08T20:58:03.568574,7.09,7.09,51,29.4,0
2026-09-08T20:58:17.572760,7.09,7.09,51,29.4,0
2026-09-08T20:58:32.700338,7.09,7.09,51,29.4,0
2026-09-08T20:58:46.045208,7.09,7.09,51,29.4,0
2026-09-08T20:59:00.102941,7.09,7.09,51,29.4,0
2026-09-08T20:59:15.479426,7.09,7.09,51,29.4,0
2026-09-08T20:59:29.757564,7.09,7.09,51,29.4,0
2026-09-08T20:59:43.840868,7.09,7.09,51,29.4,0
2026-09-08T20:59:58.840222,7.09,7.09,51,29.4,0
2026-09-08T21:00:13.035733,7.09,7.09,51,29.4,0
2026-09-08T21:00:29.380029,7.09,7.09,51,29.4,0
2026-09-08T21:00:43.425031,7.09,7.09,51,29.4,0
2026-09-08T21:00:59.262809,7.09,7.09,51,29.4,0
2026-09-08T21:01:13.554532,7.09,7.09,51,29.4,0
2026-09-08T21:01:27.030738,7.09,7.09,51,29.4,0
2026-09-08T21:01:42.263144,7.09,7.09,51,29.4,0
2026-09-08T21:01:56.525673,7.09,7.09,51,29.4,0
2026-09-08T21:02:10.564251,7.09,7.09,51,29.4,0
2026-09-08T21:02:24.888131,7.09,7.09,51,29.4,0
2026-09-08T21:02:39.017057,7.09,7.09,51,29.4,0
2026-09-08T21:02:53.492652,7.09,7.09,51,29.4,0
2026-09-08T21:03:09.083475,7.09,7.09,51,29.4,0
2026-09-08T21:03:23.765495,7.09,7.09,51,29.4,0
2026-09-08T21:03:37.687532,7.09,7.09,51,29.4,0
2026-09-08T21:04:01.146080,7.09,7.09,51,29.4,0
2026-09-08T21:04:15.522124,7.09,7.09,51,29.4,0
2026-09-08T21:04:29.457643,7.09,7.09,51,29.4,0
2026-09-08T21:04:43.766382,7.09,7.09,51,29.4,0
2026-09-08T21:04:58.511565,7.09,7.09,51,29.4,0
2026-09-08T21:05:14.259699,7.09,7.09,51,29.4,0
2026-09-08T21:05:28.359118,7.09,7.09,51,29.4,0
2026-09-08T21:05:42.364759,7.09,7.09,51,29.4,0
2026-09-08T21:05:56.543489,7.09,7.09,51,29.4,0
2026-09-08T21:06:10.579030,7.09,7.09,51,29.4,0
2026-09-08T21:06:24.928415,7.09,7.09,51,29.4,0
2026-09-08T21:06:39.018441,7.09,7.09,51,29.4,0
2026-09-08T21:06:53.794575,7.09,7.09,51,29.4,0
2026-09-08T21:07:07.215280,7.09,7.09,51,29.4,0
2026-09-08T21:07:21.476561,7.09,7.09,51,29.4,0
2026-09-08T21:07:36.599174,7.09,7.09,51,29.4,0
2026-09-08T21:07:49.954731,7.09,7.09,51,29.4,0
2026-09-08T21:08:04.741844,7.09,7.09,51,29.4,0
2026-09-08T21:08:19.411220,7.09,7.09,51,29.4,0
2026-09-08T21:08:32.741166,7.09,7.09,51,29.4,0
2026-09-08T21:08:49.360160,7.09,7.09,51,29.4,0
2026-09-08T21:09:02.827233,7.09,7.09,51,29.4,0
2026-09-08T21:09:18.243521,7.09,7.09,51,29.4,0
2026-09-08T21:09:31.594070,7.09,7.09,51,29.4,0
2026-09-08T21:09:44.830837,7.09,7.09,51,29.4,0
2026-09-08T21:10:00.650616,7.09,7.09,51,29.4,0
2026-09-08T21:10:14.092576,7.09,7.09,51,29.4,0
2026-09-08T21:10:28.405805,7.09,7.09,51,29.4,0
2026-09-08T21:10:43.688481,7.09,7.09,51,29.4,0
2026-09-08T21:10:57.008397,7.09,7.09,51,29.4,0
2026-09-08T21:11:12.374266,7.09,7.09,51,29.4,0
2026-09-08T21:11:26.792345,7.09,7.09,51,29.4,0
2026-09-08T21:11:40.858872,7.09,7.09,51,29.4,0
2026-09-08T21:11:54.852201,7.09,7.09,51,29.4,0
2026-09-08T21:12:08.735159,7.09,7.09,51,29.4,0
2026-09-08T21:12:23.642909,7.09,7.09,51,29.4,0
2026-09-08T21:12:39.384313,7.09,7.09,51,29.4,0
2026-09-08T21:12:53.411086,7.09,7.09,51,29.4,0
2026-09-08T21:13:06.745659,7.09,7.09,51,29.4,0
2026-09-08T21:13:21.864512,7.09,7.09,51,29.4,0
2026-09-08T21:13:36.277286,7.09,7.09,51,29.4,0
2026-09-08T21:13:49.416647,7.09,7.09,51,29.4,0
2026-09-08T21:14:05.323181,7.09,7.09,51,29.4,0
2026-09-08T21:14:18.757277,7.09,7.09,51,29.4,0
2026-09-08T21:14:31.955806,7.09,7.09,51,29.4,0
2026-09-08T21:14:48.705188,7.09,7.09,51,29.4,0
2026-09-08T21:15:02.076200,7.09,7.09,51,29.4,0
2026-09-08T21:15:17.527622,7.09,7.09,51,29.4,0
2026-09-08T21:15:30.827690,7.09,7.09,51,29.4,0
2026-09-08T21:15:44.168660,7.09,7.09,51,29.4,0
2026-09-08T21:16:01.019578,7.09,7.09,51,29.4,0
2026-09-08T21:16:15.681582,7.09,7.09,51,29.4,0
2026-09-08T21:16:31.778917,7.09,7.09,51,29.4,0
2026-09-08T21:16:44.986332,7.09,7.09,51,29.4,0
2026-09-08T21:16:58.574286,7.09,7.09,51,29.4,0
2026-09-08T21:17:14.424583,7.09,7.09,51,29.4,0
2026-09-08T21:17:27.990449,7.09,7.09,51,29.4,0
2026-09-08T21:17:44.709962,7.09,7.09,51,29.4,0
2026-09-08T21:17:58.083345,7.09,7.09,51,29.4,0
2026-09-08T21:18:11.190635,7.09,7.09,51,29.4,0
2026-09-08T21:18:36.667653,7.09,7.09,51,29.4,0
2026-09-08T21:18:50.713555,7.09,7.09,51,29.4,0
2026-09-08T21:19:04.332839,7.09,7.09,51,29.4,0
2026-09-08T21:19:18.876106,7.09,7.09,51,29.4,0
2026-09-08T21:19:32.001829,7.09,7.09,51,29.4,0
2026-09-08T21:19:46.740977,7.09,7.09,51,29.4,0
2026-09-08T21:20:02.869270,7.09,7.09,51,29.4,0
2026-09-08T21:20:16.291770,7.09,7.09,51,29.4,0
2026-09-08T21:20:29.583962,7.09,7.09,51,29.4,0
2026-09-08T21:20:44.075355,7.09,7.09,51,29.4,0
2026-09-08T21:20:58.719663,7.09,7.09,51,29.4,0
2026-09-08T21:21:14.567601,7.09,7.09,51,29.4,0
2026-09-08T21:21:27.711388,7.09,7.09,51,29.4,0
2026-09-08T21:21:40.996423,7.09,7.09,51,29.4,0
2026-09-08T21:21:55.644102,7.09,7.09,51,29.4,0
2026-09-08T21:22:10.436403,7.09,7.09,51,29.4,0
2026-09-08T21:22:27.011417,7.09,7.09,51,29.4,0
2026-09-08T21:22:40.388152,7.09,7.09,51,29.4,0
2026-09-08T21:22:53.615069,7.09,7.09,51,29.4,0
2026-09-08T21:23:08.209198,7.09,7.09,51,29.4,0
2026-09-08T21:23:22.921000,7.09,7.09,51,29.4,0
2026-09-08T21:23:38.388666,7.09,7.09,51,29.4,0
2026-09-08T21:23:51.727381,7.09,7.09,51,29.4,0
2026-09-08T21:24:05.263103,7.09,7.09,51,29.4,0
2026-09-08T21:24:20.349265,7.09,7.09,51,29.4,0
2026-09-08T21:24:34.815722,7.09,7.09,51,29.4,0
2026-09-08T21:24:50.367200,7.09,7.09,51,29.4,0
2026-09-08T21:25:03.790759,7.09,7.09,51,29.4,0
2026-09-08T21:25:17.174654,7.09,7.09,51,29.4,0
2026-09-08T21:25:31.797679,7.09,7.09,51,29.4,0
2026-09-08T21:25:46.986657,7.09,7.09,51,29.4,0
2026-09-08T21:26:03.964906,7.09,7.09,51,29.4,0
2026-09-08T21:26:17.392777,7.09,7.09,51,29.4,0
2026-09-08T21:26:30.824127,7.09,7.09,51,29.4,0
2026-09-08T21:26:46.349931,7.09,7.09,51,29.4,0
2026-09-08T21:27:00.938740,7.09,7.09,51,29.4,0
2026-09-08T21:27:16.494104,7.09,7.09,51,29.4,0
2026-09-08T21:27:29.899245,7.09,7.09,51,29.4,0
2026-09-08T21:27:43.207672,7.09,7.09,51,29.4,0
2026-09-08T21:27:57.819184,7.09,7.09,51,29.4,0
2026-09-08T21:28:12.578113,7.09,7.09,51,29.4,0
2026-09-08T21:28:28.496930,7.09,7.09,51,29.4,0
2026-09-08T21:28:41.771568,7.09,7.09,51,29.4,0
2026-09-08T21:28:55.397410,7.09,7.09,51,29.4,0
2026-09-08T21:29:10.768394,7.09,7.09,51,29.4,0
2026-09-08T21:29:25.559937,7.09,7.09,51,29.4,0
2026-09-08T21:29:41.264571,7.09,7.09,51,29.4,0
2026-09-08T21:29:54.590549,7.09,7.09,51,29.4,0
2026-09-08T21:30:08.004896,7.09,7.09,51,29.4,0
2026-09-08T21:30:23.486437,7.09,7.09,51,29.4,0
2026-09-08T21:30:38.433498,7.09,7.09,51,29.4,0
2026-09-08T21:30:53.989614,7.09,7.09,51,29.4,0
2026-09-08T21:31:07.336776,7.09,7.09,51,29.4,0
2026-09-08T21:31:20.673704,7.09,7.09,51,29.4,0
2026-09-08T21:31:36.364000,7.09,7.09,51,29.4,0
2026-09-08T21:31:51.119398,7.09,7.09,51,29.4,0
2026-09-08T21:32:06.562821,7.09,7.09,51,29.4,0
2026-09-08T21:32:19.915926,7.09,7.09,51,29.4,0
2026-09-08T21:32:33.320406,7.09,7.09,51,29.4,0
2026-09-08T21:32:48.242936,7.09,7.09,51,29.4,0
2026-09-08T21:33:12.213280,7.09,7.09,51,29.4,0
2026-09-08T21:33:26.518471,7.09,7.09,51,29.4,0
2026-09-08T21:33:39.847173,7.09,7.09,51,29.4,0
2026-09-08T21:33:53.260939,7.09,7.09,51,29.4,0
2026-09-08T21:34:08.028946,7.09,7.09,51,29.4,0
2026-09-08T21:34:23.935241,7.09,7.09,51,29.4,0
2026-09-08T21:34:38.393179,7.09,7.09,51,29.4,0
2026-09-08T21:34:51.671316,7.09,7.09,51,29.4,0
2026-09-08T21:35:05.181354,7.09,7.09,51,29.4,0
2026-09-08T21:35:20.839921,7.09,7.09,51,29.4,0
2026-09-08T21:35:36.942178,7.09,7.09,51,29.4,0
2026-09-08T21:35:51.338141,7.09,7.09,51,29.4,0
2026-09-08T21:36:04.453987,7.09,7.09,51,29.4,0
2026-09-08T21:36:17.573437,7.09,7.09,51,29.4,0
2026-09-08T21:36:32.086082,7.09,7.09,51,29.4,0
2026-09-08T21:36:48.317675,7.09,7.09,51,29.4,0
2026-09-08T21:37:03.651799,7.09,7.09,51,29.4,0
2026-09-08T21:37:16.971569,7.09,7.09,51,29.4,0
2026-09-08T21:37:30.578715,7.09,7.09,51,29.4,0
2026-09-08T21:37:46.242724,7.09,7.09,51,29.4,0
2026-09-08T21:38:02.886050,7.09,7.09,51,29.4,0
2026-09-08T21:38:18.215295,7.09,7.09,51,29.4,0
2026-09-08T21:38:31.615951,7.09,7.09,51,29.4,0
2026-09-08T21:38:44.985749,7.09,7.09,51,29.4,0
2026-09-08T21:39:00.183557,7.09,7.09,51,29.4,0
2026-09-08T21:39:15.951650,7.09,7.09,51,29.4,0
2026-09-08T21:39:31.303360,7.09,7.09,51,29.4,0
2026-09-08T21:39:44.421945,7.09,7.09,51,29.4,0
2026-09-08T21:39:58.020064,7.09,7.09,51,29.4,0
2026-09-08T21:40:13.492487,7.09,7.09,51,29.4,0
2026-09-08T21:40:29.824973,7.09,7.09,51,29.4,0
2026-09-08T21:40:45.441127,7.09,7.09,51,29.4,0
2026-09-08T21:40:58.678496,7.09,7.09,51,29.4,0
2026-09-08T21:41:11.973470,7.09,7.09,51,29.4,0
2026-09-08T21:41:27.227176,7.09,7.09,51,29.4,0
2026-09-08T21:41:42.803488,7.09,7.09,51,29.4,0
2026-09-08T21:41:58.574509,7.09,7.09,51,29.4,0
2026-09-08T21:42:12.084590,7.09,7.09,51,29.4,0
2026-09-08T21:42:25.790692,7.09,7.09,51,29.4,0
2026-09-08T21:42:41.358388,7.09,7.09,51,29.4,0
2026-09-08T21:42:56.961559,7.09,7.09,51,29.4,0
2026-09-08T21:43:12.689457,7.09,7.09,51,29.4,0
2026-09-08T21:43:26.051859,7.09,7.09,51,29.4,0
2026-09-08T21:43:39.409482,7.09,7.09,51,29.4,0
2026-09-08T21:43:55.275220,7.09,7.09,51,29.4,0
2026-09-08T21:44:11.376873,7.09,7.09,51,29.4,0
2026-09-08T21:44:27.415452,7.09,7.09,51,29.4,0
2026-09-08T21:44:40.524895,7.09,7.09,51,29.4,0
2026-09-08T21:44:53.761282,7.09,7.09,51,29.4,0
2026-09-08T21:45:08.331732,7.09,7.09,51,29.4,0
2026-09-08T21:45:24.512409,7.09,7.09,51,29.4,0
2026-09-08T21:45:39.247167,7.09,7.09,51,29.4,0
2026-09-08T21:45:52.660499,7.09,7.09,51,29.4,0
2026-09-08T21:46:06.007626,7.09,7.09,51,29.4,0
2026-09-08T21:46:20.819442,7.09,7.09,51,29.4,0
2026-09-08T21:46:36.609086,7.09,7.09,51,29.4,0
2026-09-08T21:46:51.604808,7.09,7.09,51,29.4,0
2026-09-08T21:47:04.862664,7.09,7.09,51,29.4,0
2026-09-08T21:47:18.248709,7.09,7.09,51,29.4,0
2026-09-08T21:47:33.594351,7.09,7.09,51,29.4,0
2026-09-08T21:47:57.253800,7.09,7.09,51,29.4,0
2026-09-08T21:48:12.933285,7.09,7.09,51,29.4,0
2026-09-08T21:48:26.533986,7.09,7.09,51,29.4,0
2026-09-08T21:48:39.899304,7.09,7.09,51,29.4,0
2026-09-08T21:48:55.095777,7.09,7.09,51,29.4,0
2026-09-08T21:49:10.908703,7.09,7.09,51,29.4,0
2026-09-08T21:49:25.441813,7.09,7.09,51,29.4,0
2026-09-08T21:49:38.958136,7.09,7.09,51,29.4,0
2026-09-08T21:49:52.173457,7.09,7.09,51,29.4,0
2026-09-08T21:50:08.049264,7.09,7.09,51,29.4,0
2026-09-08T21:50:23.932751,7.09,7.09,51,29.4,0
2026-09-08T21:50:39.797384,7.09,7.09,51,29.4,0
2026-09-08T21:50:53.524142,7.09,7.09,51,29.4,0
2026-09-08T21:51:08.685982,7.09,7.09,51,29.4,0
2026-09-08T21:51:22.208626,7.09,7.09,51,29.4,0
2026-09-08T21:51:39.882288,7.09,7.09,51,29.4,0
2026-09-08T21:51:53.499596,7.09,7.09,51,29.4,0
2026-09-08T21:52:06.916909,7.09,7.09,51,29.4,0
2026-09-08T21:52:21.985061,7.09,7.09,51,29.4,0
2026-09-08T21:52:35.290240,7.09,7.09,51,29.4,0
2026-09-08T21:52:53.299078,7.09,7.09,51,29.4,0
2026-09-08T21:53:06.790686,7.09,7.09,51,29.4,0
2026-09-08T21:53:20.045896,7.09,7.09,51,29.4,0
2026-09-08T21:53:35.309922,7.09,7.09,51,29.4,0
2026-09-08T21:53:48.617983,7.09,7.09,51,29.4,0
2026-09-08T21:54:06.636296,7.09,7.09,51,29.4,0
2026-09-08T21:54:20.107674,7.09,7.09,51,29.4,0
2026-09-08T21:54:33.333791,7.09,7.09,51,29.4,0
2026-09-08T21:54:48.739237,7.09,7.09,51,29.4,0
2026-09-08T21:55:02.169747,7.09,7.09,51,29.4,0
2026-09-08T21:55:20.358911,7.09,7.09,51,29.4,0
2026-09-08T21:55:33.579800,7.09,7.09,51,29.4,0
2026-09-08T21:55:46.784120,7.09,7.09,51,29.4,0
2026-09-08T21:56:01.504830,7.09,7.09,51,29.4,0
2026-09-08T21:56:15.097809,7.09,7.09,51,29.4,0
2026-09-08T21:56:33.469930,7.09,7.09,51,29.4,0
2026-09-08T21:56:47.014359,7.09,7.09,51,29.4,0
2026-09-08T21:57:00.292564,7.09,7.09,51,29.4,0
2026-09-08T21:57:15.875312,7.09,7.09,51,29.4,0
2026-09-08T21:57:28.983660,7.09,7.09,51,29.4,0
2026-09-08T21:57:47.580850,7.09,7.09,51,29.4,0
2026-09-08T21:58:01.149284,7.09,7.09,51,29.4,0
2026-09-08T21:58:14.921955,7.09,7.09,51,29.4,0
2026-09-08T21:58:30.788203,7.09,7.09,51,29.4,0
2026-09-08T21:58:43.962643,7.09,7.09,51,29.4,0
2026-09-08T21:59:01.055448,7.09,7.09,51,29.4,0
2026-09-08T21:59:14.250902,7.09,7.09,51,29.4,0
2026-09-08T21:59:27.876727,7.09,7.09,51,29.4,0
2026-09-08T21:59:42.489652,7.09,7.09,51,29.4,0
2026-09-08T21:59:55.732695,7.09,7.09,51,29.4,0
2026-09-08T22:00:12.976164,7.09,7.09,51,29.4,0
2026-09-08T22:00:26.454293,7.09,7.09,51,29.4,0
2026-09-08T22:00:40.368084,7.09,7.09,51,29.4,0
2026-09-08T22:00:54.912435,7.09,7.09,51,29.4,0
2026-09-08T22:01:08.771256,7.09,7.09,51,29.4,0
2026-09-08T22:01:26.536408,7.09,7.09,51,29.4,0
2026-09-08T22:01:39.667775,7.09,7.09,51,29.4,0
2026-09-08T22:01:53.190320,7.09,7.09,51,29.4,0
2026-09-08T22:02:08.309306,7.09,7.09,51,29.4,0
2026-09-08T22:02:21.982121,7.09,7.09,51,29.4,0
2026-09-08T22:02:47.961865,7.09,7.09,51,29.4,0
2026-09-08T22:03:01.178172,7.09,7.09,51,29.4,0
2026-09-08T22:03:14.708511,7.09,7.09,51,29.4,0
2026-09-08T22:03:30.248283,7.09,7.09,51,29.4,0
2026-09-08T22:03:43.667360,7.09,7.09,51,29.4,0
2026-09-08T22:04:02.403086,7.09,7.09,51,29.4,0
2026-09-08T22:04:16.084090,7.09,7.09,51,29.4,0
2026-09-08T22:04:29.416832,7.09,7.09,51,29.4,0
2026-09-08T22:04:44.350926,7.09,7.09,51,29.4,0
2026-09-08T22:04:57.793765,7.09,7.09,51,29.4,0
2026-09-08T22:05:15.581890,7.09,7.09,51,29.4,0
2026-09-08T22:05:28.838364,7.09,7.09,51,29.4,0
2026-09-08T22:05:42.467895,7.09,7.09,51,29.4,0
2026-09-08T22:05:57.707688,7.09,7.09,51,29.4,0
2026-09-08T22:06:11.075843,7.09,7.09,51,29.4,0
2026-09-08T22:06:28.628720,7.09,7.09,51,29.4,0
2026-09-08T22:06:41.952269,7.09,7.09,51,29.4,0
2026-09-08T22:06:55.371860,7.09,7.09,51,29.4,0
2026-09-08T22:07:10.830221,7.09,7.09,51,29.4,0
2026-09-08T22:07:24.119244,7.09,7.09,51,29.4,0
2026-09-08T22:07:41.841460,7.09,7.09,51,29.4,0
2026-09-08T22:07:55.067354,7.09,7.09,51,29.4,0
2026-09-08T22:08:08.758862,7.09,7.09,51,29.4,0
2026-09-08T22:08:24.395892,7.09,7.09,51,29.4,0
2026-09-08T22:08:37.666337,7.09,7.09,51,29.4,0
2026-09-08T22:08:55.881051,7.09,7.09,51,29.4,0
2026-09-08T22:09:09.111281,7.09,7.09,51,29.4,0
2026-09-08T22:09:22.399083,7.09,7.09,51,29.4,0
2026-09-08T22:09:37.052618,7.09,7.09,51,29.4,0
2026-09-08T22:09:50.592210,7.09,7.09,51,29.4,0
2026-09-08T22:10:07.988643,7.09,7.09,51,29.4,0
2026-09-08T22:10:21.409095,7.09,7.09,51,29.4,0
2026-09-08T22:10:35.041949,7.09,7.09,51,29.4,0
2026-09-08T22:10:50.354604,7.09,7.09,51,29.4,0
2026-09-08T22:11:03.909227,7.09,7.09,51,29.4,0
2026-09-08T22:11:22.312970,7.09,7.09,51,29.4,0
2026-09-08T22:11:35.534791,7.09,7.09,51,29.4,0
2026-09-08T22:11:48.531975,7.09,7.09,51,29.4,0
2026-09-08T22:12:03.485313,7.09,7.09,51,29.4,0
2026-09-08T22:12:16.784515,7.09,7.09,51,29.4,0
2026-09-08T22:12:34.412900,7.09,7.09,51,29.4,0
2026-09-08T22:12:47.683764,7.09,7.09,51,29.4,0
2026-09-08T22:13:00.931853,7.09,7.09,51,29.4,0
2026-09-08T22:13:16.298080,7.09,7.09,51,29.4,0
2026-09-08T22:13:29.488792,7.09,7.09,51,29.4,0
2026-09-08T22:13:47.286915,7.09,7.09,51,29.4,0
2026-09-08T22:14:00.719585,7.09,7.09,51,29.4,0
2026-09-08T22:14:14.058154,7.09,7.09,51,29.4,0
2026-09-08T22:14:29.476249,7.09,7.09,51,29.4,0
2026-09-08T22:14:43.053701,7.09,7.09,51,29.4,0
2026-09-08T22:15:01.028502,7.09,7.09,51,29.4,0
2026-09-08T22:15:14.455771,7.09,7.09,51,29.4,0
2026-09-08T22:15:27.756081,7.09,7.09,51,29.4,0
2026-09-08T22:15:42.429263,7.09,7.09,51,29.4,0
2026-09-08T22:15:55.891393,7.09,7.09,51,29.4,0
2026-09-08T22:16:13.752817,7.09,7.09,51,29.4,0
2026-09-08T22:16:26.951132,7.09,7.09,51,29.4,0
2026-09-08T22:16:40.360321,7.09,7.09,51,29.4,0
2026-09-08T22:16:55.008561,7.09,7.09,51,29.4,0
2026-09-08T22:17:08.209986,7.09,7.09,51,29.4,0
2026-09-08T22:17:34.121656,7.09,7.09,51,29.4,0
2026-09-08T22:17:47.480430,7.09,7.09,51,29.4,0
2026-09-08T22:18:00.835460,7.09,7.09,51,29.4,0
2026-09-08T22:18:15.420507,7.09,7.09,51,29.4,0
2026-09-08T22:18:28.856400,7.09,7.09,51,29.4,0
2026-09-08T22:18:45.828636,7.09,7.09,51,29.4,0
2026-09-08T22:18:59.052549,7.09,7.09,51,29.4,0
2026-09-08T22:19:12.276718,7.09,7.09,51,29.4,0
2026-09-08T22:19:27.614369,7.09,7.09,51,29.4,0
2026-09-08T22:19:41.062100,7.09,7.09,51,29.4,0
2026-09-08T22:19:58.044944,7.09,7.09,51,29.4,0
2026-09-08T22:20:11.667623,7.09,7.09,51,29.4,0
2026-09-08T22:20:25.050261,7.09,7.09,51,29.4,0
2026-09-08T22:20:40.191859,7.09,7.09,51,29.4,0
2026-09-08T22:20:53.453683,7.09,7.09,51,29.4,0
2026-09-08T22:21:10.896700,7.09,7.09,51,29.4,0
2026-09-08T22:21:24.033186,7.09,7.09,51,29.4,0
2026-09-08T22:21:37.748463,7.09,7.09,51,29.4,0
2026-09-08T22:21:52.682041,7.09,7.09,51,29.4,0
2026-09-08T22:22:05.902892,7.09,7.09,51,29.4,0
2026-09-08T22:22:23.222264,7.09,7.09,51,29.4,0
2026-09-08T22:22:36.431138,7.09,7.09,51,29.4,0
2026-09-08T22:22:49.658839,7.09,7.09,51,29.4,0
2026-09-08T22:23:04.585747,7.09,7.09,51,29.4,0
2026-09-08T22:23:17.780675,7.09,7.09,51,29.4,0
2026-09-08T22:23:34.898708,7.09,7.09,51,29.4,0
2026-09-08T22:23:48.217870,7.09,7.09,51,29.4,0
2026-09-08T22:24:01.649723,7.09,7.09,51,29.4,0
2026-09-08T22:24:16.372952,7.09,7.09,51,29.4,0
2026-09-08T22:24:29.919327,7.09,7.09,51,29.4,0
2026-09-08T22:24:46.695102,7.09,7.09,51,29.4,0
2026-09-08T22:25:00.116406,7.09,7.09,51,29.4,0
2026-09-08T22:25:13.303581,7.09,7.09,51,29.4,0
2026-09-08T22:25:28.949317,7.09,7.09,51,29.4,0
2026-09-08T22:25:42.605814,7.09,7.09,51,29.4,0
2026-09-08T22:26:00.711363,7.09,7.09,51,29.4,0
2026-09-08T22:26:14.256442,7.09,7.09,51,29.4,0
2026-09-08T22:26:27.460730,7.09,7.09,51,29.4,0
2026-09-08T22:26:42.696562,7.09,7.09,51,29.4,0
2026-09-08T22:26:56.240459,7.09,7.09,51,29.4,0
2026-09-08T22:27:13.433514,7.09,7.09,51,29.4,0
2026-09-08T22:27:26.664545,7.09,7.09,51,29.4,0
2026-09-08T22:27:39.839631,7.09,7.09,51,29.4,0
2026-09-08T22:27:54.289788,7.09,7.09,51,29.4,0
2026-09-08T22:28:07.485678,7.09,7.09,51,29.4,0
2026-09-08T22:28:24.686325,7.09,7.09,51,29.4,0
2026-09-08T22:28:38.127094,7.09,7.09,51,29.4,0
2026-09-08T22:28:51.418172,7.09,7.09,51,29.4,0
2026-09-08T22:29:06.066615,7.09,7.09,51,29.4,0
2026-09-08T22:29:19.252970,7.09,7.09,51,29.4,0
2026-09-08T22:29:36.577756,7.09,7.09,51,29.4,0
2026-09-08T22:29:49.900696,7.09,7.09,51,29.4,0
2026-09-08T22:30:03.183823,7.09,7.09,51,29.4,0
2026-09-08T22:30:18.963607,7.09,7.09,51,29.4,0
2026-09-08T22:30:32.675372,7.09,7.09,51,29.4,0
2026-09-08T22:30:49.670563,7.09,7.09,51,29.4,0
2026-09-08T22:31:03.261983,7.09,7.09,51,29.4,0
2026-09-08T22:31:16.524755,7.09,7.09,51,29.4,0
2026-09-08T22:31:31.054073,7.09,7.09,51,29.4,0
2026-09-08T22:31:44.272030,7.09,7.09,51,29.4,0
2026-09-08T22:32:09.943512,7.09,7.09,51,29.4,0
2026-09-08T22:32:23.270945,7.09,7.09,51,29.4,0
2026-09-08T22:32:36.699962,7.09,7.09,51,29.4,0
2026-09-08T22:32:51.527628,7.09,7.09,51,29.4,0
2026-09-08T22:33:04.980747,7.09,7.09,51,29.4,0
2026-09-08T22:33:22.366388,7.09,7.09,51,29.4,0
2026-09-08T22:33:35.715708,7.09,7.09,51,29.4,0
2026-09-08T22:33:49.272974,7.09,7.09,51,29.4,0
2026-09-08T22:34:03.959483,7.09,7.09,51,29.4,0
2026-09-08T22:34:17.237176,7.09,7.09,51,29.4,0
2026-09-08T22:34:35.107683,7.09,7.09,51,29.4,0
2026-09-08T22:34:48.291806,7.09,7.09,51,29.4,0
2026-09-08T22:35:02.119641,7.09,7.09,51,29.4,0
2026-09-08T22:35:16.644846,7.09,7.09,51,29.4,0
2026-09-08T22:35:29.875165,7.09,7.09,51,29.4,0
2026-09-08T22:35:48.268703,7.09,7.09,51,29.4,0
2026-09-08T22:36:01.617649,7.09,7.09,51,29.4,0
2026-09-08T22:36:15.113275,7.09,7.09,51,29.4,0
2026-09-08T22:36:29.737385,7.09,7.09,51,29.4,0
2026-09-08T22:36:43.146980,7.09,7.09,51,29.4,0
2026-09-08T22:37:01.105505,7.09,7.09,51,29.4,0
2026-09-08T22:37:14.419391,7.09,7.09,51,29.4,0
2026-09-08T22:37:27.704361,7.09,7.09,51,29.4,0
2026-09-08T22:37:42.797680,7.09,7.09,51,29.4,0
2026-09-08T22:37:56.003932,7.09,7.09,51,29.4,0
2026-09-08T22:38:13.914905,7.09,7.09,51,29.4,0
2026-09-08T22:38:27.311678,7.09,7.09,51,29.4,0
2026-09-08T22:38:40.978630,7.09,7.09,51,29.4,0
2026-09-08T22:38:55.701462,7.09,7.09,51,29.4,0
2026-09-08T22:39:09.271452,7.09,7.09,51,29.4,0
2026-09-08T22:39:26.207254,7.09,7.09,51,29.4,0
2026-09-08T22:39:39.306959,7.09,7.09,51,29.4,0
2026-09-08T22:39:52.546552,7.09,7.09,51,29.4,0
2026-09-08T22:40:06.966757,7.09,7.09,51,29.4,0
2026-09-08T22:40:20.592071,7.09,7.09,51,29.4,0
2026-09-08T22:40:38.094074,7.09,7.09,51,29.4,0
2026-09-08T22:40:51.383487,7.09,7.09,51,29.4,0
2026-09-08T22:41:04.819257,7.09,7.09,51,29.4,0
2026-09-08T22:41:20.290304,7.09,7.09,51,29.4,0
2026-09-08T22:41:33.689148,7.09,7.09,51,29.4,0
2026-09-08T22:41:51.175827,7.09,7.09,51,29.4,0
2026-09-08T22:42:04.644230,7.09,7.09,51,29.4,0
2026-09-08T22:42:17.701582,7.09,7.09,51,29.4,0
2026-09-08T22:42:33.180137,7.09,7.09,51,29.4,0
2026-09-08T22:42:46.312638,7.09,7.09,51,29.4,0
2026-09-08T22:43:04.325138,7.09,7.09,51,29.4,0
2026-09-08T22:43:17.905375,7.09,7.09,51,29.4,0
2026-09-08T22:43:31.053927,7.09,7.09,51,29.4,0
2026-09-08T22:43:45.676444,7.09,7.09,51,29.4,0
2026-09-08T22:43:58.999351,7.09,7.09,51,29.4,0
2026-09-08T22:44:16.103893,7.09,7.09,51,29.4,0
2026-09-08T22:44:29.738770,7.09,7.09,51,29.4,0
2026-09-08T22:44:43.237100,7.09,7.09,51,29.4,0
2026-09-08T22:44:58.167846,7.09,7.09,51,29.4,0
2026-09-08T22:45:11.309141,7.09,7.09,51,29.4,0
2026-09-08T22:45:29.325211,7.09,7.09,51,29.4,0
2026-09-08T22:45:42.778886,7.09,7.09,51,29.4,0
2026-09-08T22:45:56.164226,7.09,7.09,51,29.4,0
2026-09-08T22:46:11.960454,7.09,7.09,51,29.4,0
2026-09-08T22:46:25.218407,7.09,7.09,51,29.4,0
2026-09-08T22:46:52.596897,7.09,7.09,51,29.4,0
2026-09-08T22:47:06.264868,7.09,7.09,51,29.4,0
2026-09-08T22:47:19.384731,7.09,7.09,51,29.4,0
2026-09-08T22:47:35.024421,7.09,7.09,51,29.4,0
2026-09-08T22:47:48.187892,7.09,7.09,51,29.4,0
2026-09-08T22:48:05.992085,7.09,7.09,51,29.4,0
2026-09-08T22:48:19.518320,7.09,7.09,51,29.4,0
2026-09-08T22:48:33.042830,7.09,7.09,51,29.4,0
2026-09-08T22:48:48.770706,7.09,7.09,51,29.4,0
2026-09-08T22:49:02.530519,7.09,7.09,51,29.4,0
2026-09-08T22:49:19.835068,7.09,7.09,51,29.4,0
2026-09-08T22:49:33.054409,7.09,7.09,51,29.4,0
2026-09-08T22:49:46.479869,7.09,7.09,51,29.4,0
2026-09-08T22:50:01.993940,7.09,7.09,51,29.4,0
2026-09-08T22:50:15.114359,7.09,7.09,51,29.4,0
2026-09-08T22:50:33.237675,7.09,7.09,51,29.4,0
2026-09-08T22:50:46.186156,7.09,7.09,51,29.4,0
2026-09-08T22:50:59.350514,7.09,7.09,51,29.4,0
2026-09-08T22:51:15.047367,7.09,7.09,51,29.4,0
2026-09-08T22:51:28.234465,7.09,7.09,51,29.4,0
2026-09-08T22:51:46.155382,7.09,7.09,51,29.4,0
2026-09-08T22:51:59.750640,7.09,7.09,51,29.4,0
2026-09-08T22:52:13.073288,7.09,7.09,51,29.4,0
2026-09-08T22:52:28.547623,7.09,7.09,51,29.4,0
2026-09-08T22:52:41.947812,7.09,7.09,51,29.4,0
2026-09-08T22:52:59.972255,7.09,7.09,51,29.4,0
2026-09-08T22:53:13.173388,7.09,7.09,51,29.4,0
2026-09-08T22:53:26.527428,7.09,7.09,51,29.4,0
2026-09-08T22:53:42.467759,7.09,7.09,51,29.4,0
2026-09-08T22:53:55.792042,7.09,7.09,51,29.4,0
2026-09-08T22:54:13.816267,7.09,7.09,51,29.4,0
2026-09-08T22:54:27.229499,7.09,7.09,51,29.4,0
2026-09-08T22:54:40.439067,7.09,7.09,51,29.4,0
2026-09-08T22:54:56.410381,7.09,7.09,51,29.4,0
2026-09-08T22:55:09.637423,7.09,7.09,51,29.4,0
2026-09-08T22:55:27.553481,7.09,7.09,51,29.4,0
2026-09-08T22:55:40.964156,7.09,7.09,51,29.4,0
2026-09-08T22:55:54.363232,7.09,7.09,51,29.4,0
2026-09-08T22:56:09.928850,7.09,7.09,51,29.4,0
2026-09-08T22:56:23.167240,7.09,7.09,51,29.4,0
2026-09-08T22:56:41.690495,7.09,7.09,51,29.4,0
2026-09-08T22:56:55.196024,7.09,7.09,51,29.4,0
2026-09-08T22:57:08.727647,7.09,7.09,51,29.4,0
2026-09-08T22:57:23.247415,7.09,7.09,51,29.4,0
2026-09-08T22:57:36.600509,7.09,7.09,51,29.4,0
2026-09-08T22:57:54.382714,7.09,7.09,51,29.4,0
2026-09-08T22:58:07.588977,7.09,7.09,51,29.4,0
2026-09-08T22:58:21.079159,7.09,7.09,51,29.4,0
2026-09-08T22:58:36.389980,7.09,7.09,51,29.4,0
2026-09-08T22:58:49.913750,7.09,7.09,51,29.4,0
2026-09-08T22:59:07.309056,7.09,7.09,51,29.4,0
2026-09-08T22:59:20.648779,7.09,7.09,51,29.4,0
2026-09-08T22:59:34.029089,7.09,7.09,51,29.4,0
2026-09-08T22:59:48.666587,7.09,7.09,51,29.4,0
2026-09-08T23:00:02.280422,7.09,7.09,51,29.4,0
2026-09-08T23:00:19.999141,7.09,7.09,51,29.4,0
2026-09-08T23:00:33.547259,7.09,7.09,51,29.4,0
2026-09-08T23:00:47.041896,7.09,7.09,51,29.4,0
2026-09-08T23:01:02.005081,7.09,7.09,51,29.4,0
2026-09-08T23:01:15.297998,7.09,7.09,51,29.4,0
2026-09-08T23:01:42.540505,7.09,7.09,51,29.4,0
2026-09-08T23:01:56.039940,7.09,7.09,51,29.4,0
2026-09-08T23:02:09.380325,7.09,7.09,51,29.4,0
2026-09-08T23:02:24.399499,7.09,7.09,51,29.4,0
2026-09-08T23:02:37.818619,7.09,7.09,51,29.4,0
2026-09-08T23:02:55.418585,7.09,7.09,51,29.4,0
2026-09-08T23:03:08.888509,7.09,7.09,51,29.4,0
2026-09-08T23:03:22.203590,7.09,7.09,51,29.4,0
2026-09-08T23:03:36.702682,7.09,7.09,51,29.4,0
2026-09-08T23:03:49.929699,7.09,7.09,51,29.4,0
2026-09-08T23:04:08.113530,7.09,7.09,51,29.4,0
2026-09-08T23:04:21.383086,7.09,7.09,51,29.4,0
2026-09-08T23:04:34.552678,7.09,7.09,51,29.4,0
2026-09-08T23:04:49.116890,7.09,7.09,51,29.4,0
2026-09-08T23:05:02.426063,7.09,7.09,51,29.4,0
2026-09-08T23:05:19.913912,7.09,7.09,51,29.4,0
2026-09-08T23:05:33.049499,7.09,7.09,51,29.4,0
2026-09-08T23:05:46.169497,7.09,7.09,51,29.4,0
2026-09-08T23:06:01.997062,7.09,7.09,51,29.4,0
2026-09-08T23:06:15.231613,7.09,7.09,51,29.4,0
2026-09-08T23:06:32.364147,7.09,7.09,51,29.4,0
2026-09-08T23:06:45.394579,7.09,7.09,51,29.4,0
2026-09-08T23:06:58.588623,7.09,7.09,51,29.4,0
2026-09-08T23:07:13.601701,7.09,7.09,51,29.4,0
2026-09-08T23:07:26.732631,7.09,7.09,51,29.4,0
2026-09-08T23:07:45.050829,7.09,7.09,51,29.4,0
2026-09-08T23:07:58.337985,7.09,7.09,51,29.4,0
2026-09-08T23:08:11.883177,7.09,7.09,51,29.4,0
2026-09-08T23:08:27.209074,7.09,7.09,51,29.4,0
2026-09-08T23:08:40.643206,7.09,7.09,51,29.4,0
2026-09-08T23:08:57.923427,7.09,7.09,51,29.4,0
2026-09-08T23:09:11.285507,7.09,7.09,51,29.4,0
2026-09-08T23:09:25.040732,7.09,7.09,51,29.4,0
2026-09-08T23:09:39.845388,7.09,7.09,51,29.4,0
2026-09-08T23:09:53.359179,7.09,7.09,51,29.4,0
2026-09-08T23:10:10.446478,7.09,7.09,51,29.4,0
2026-09-08T23:10:23.921528,7.09,7.09,51,29.4,0
2026-09-08T23:10:37.195401,7.09,7.09,51,29.4,0
2026-09-08T23:10:52.245778,7.09,7.09,51,29.4,0
2026-09-08T23:11:05.845067,7.09,7.09,51,29.4,0
2026-09-08T23:11:23.240338,7.09,7.09,51,29.4,0
2026-09-08T23:11:36.365092,7.09,7.09,51,29.4,0
2026-09-08T23:11:49.545295,7.09,7.09,51,29.4,0
2026-09-08T23:12:05.122370,7.09,7.09,51,29.4,0
2026-09-08T23:12:18.652577,7.09,7.09,51,29.4,0
2026-09-08T23:12:36.693539,7.09,7.09,51,29.4,0
2026-09-08T23:12:50.123627,7.09,7.09,51,29.4,0
2026-09-08T23:13:03.515505,7.09,7.09,51,29.4,0
2026-09-08T23:13:18.859225,7.09,7.09,51,29.4,0
2026-09-08T23:13:32.064463,7.09,7.09,51,29.4,0
2026-09-08T23:13:50.607569,7.09,7.09,51,29.4,0
2026-09-08T23:14:04.024216,7.09,7.09,51,29.4,0
2026-09-08T23:14:17.675088,7.09,7.09,51,29.4,0
2026-09-08T23:14:32.173751,7.09,7.09,51,29.4,0
2026-09-08T23:14:45.747676,7.09,7.09,51,29.4,0
2026-09-08T23:15:03.532339,7.09,7.09,51,29.4,0
2026-09-08T23:15:16.930754,7.09,7.09,51,29.4,0
2026-09-08T23:15:29.965543,7.09,7.09,51,29.4,0
2026-09-08T23:15:45.085198,7.09,7.09,51,29.4,0
2026-09-08T23:15:58.428839,7.09,7.09,51,29.4,0
2026-09-08T23:16:26.265657,7.09,7.09,51,29.4,0
2026-09-08T23:16:39.593948,7.09,7.09,51,29.4,0
2026-09-08T23:16:52.798079,7.09,7.09,51,29.4,0
2026-09-08T23:17:08.431906,7.09,7.09,51,29.4,0
2026-09-08T23:17:21.667032,7.09,7.09,51,29.4,0
2026-09-08T23:17:39.583419,7.09,7.09,51,29.4,0
2026-09-08T23:17:53.006055,7.09,7.09,51,29.4,0
2026-09-08T23:18:06.317110,7.09,7.09,51,29.4,0
2026-09-08T23:18:21.959811,7.09,7.09,51,29.4,0
2026-09-08T23:18:35.090733,7.09,7.09,51,29.4,0
2026-09-08T23:18:52.885669,7.09,7.09,51,29.4,0
2026-09-08T23:19:06.344214,7.09,7.09,51,29.4,0
2026-09-08T23:19:19.627997,7.09,7.09,51,29.4,0
2026-09-08T23:19:34.473328,7.09,7.09,51,29.4,0
2026-09-08T23:19:47.901460,7.09,7.09,51,29.4,0
2026-09-08T23:20:05.920359,7.09,7.09,51,29.4,0
2026-09-08T23:20:19.138392,7.09,7.09,51,29.4,0
2026-09-08T23:20:32.667380,7.09,7.09,51,29.4,0
2026-09-08T23:20:48.665434,7.09,7.09,51,29.4,0
2026-09-08T23:21:01.836462,7.09,7.09,51,29.4,0
2026-09-08T23:21:19.764710,7.09,7.09,51,29.4,0
2026-09-08T23:21:33.105591,7.09,7.09,51,29.4,0
2026-09-08T23:21:46.614860,7.09,7.09,51,29.4,0
2026-09-08T23:22:01.733709,7.09,7.09,51,29.4,0
2026-09-08T23:22:15.068968,7.09,7.09,51,29.4,0
2026-09-08T23:22:32.649369,7.09,7.09,51,29.4,0
2026-09-08T23:22:46.348756,7.09,7.09,51,29.4,0
2026-09-08T23:22:59.888582,7.09,7.09,51,29.4,0
2026-09-08T23:23:14.445274,7.09,7.09,51,29.4,0
2026-09-08T23:23:27.637856,7.09,7.09,51,29.4,0
2026-09-08T23:23:45.951782,7.09,7.09,51,29.4,0
2026-09-08T23:23:59.093650,7.09,7.09,51,29.4,0
2026-09-08T23:24:12.624996,7.09,7.09,51,29.4,0
2026-09-08T23:24:27.926765,7.09,7.09,51,29.4,0
2026-09-08T23:24:41.389585,7.09,7.09,51,29.4,0
2026-09-08T23:24:58.899346,7.09,7.09,51,29.4,0
2026-09-08T23:25:12.069424,7.09,7.09,51,29.4,0
2026-09-08T23:25:25.190506,7.09,7.09,51,29.4,0
2026-09-08T23:25:40.224897,7.09,7.09,51,29.4,0
2026-09-08T23:25:53.592381,7.09,7.09,51,29.4,0
2026-09-08T23:26:11.337078,7.09,7.09,51,29.4,0
2026-09-08T23:26:24.555296,7.09,7.09,51,29.4,0
2026-09-08T23:26:38.121310,7.09,7.09,51,29.4,0
2026-09-08T23:26:53.367441,7.09,7.09,51,29.4,0
2026-09-08T23:27:06.462074,7.09,7.09,51,29.4,0
2026-09-08T23:27:24.494526,7.09,7.09,51,29.4,0
2026-09-08T23:27:37.516797,7.09,7.09,51,29.4,0
2026-09-08T23:27:51.046885,7.09,7.09,51,29.4,0
2026-09-08T23:28:06.496258,7.09,7.09,51,29.4,0
2026-09-08T23:28:19.700772,7.09,7.09,51,29.4,0
2026-09-08T23:28:36.892597,7.09,7.09,51,29.4,0
2026-09-08T23:28:50.300103,7.09,7.09,51,29.4,0
2026-09-08T23:29:03.526788,7.09,7.09,51,29.4,0
2026-09-08T23:29:17.981810,7.09,7.09,51,29.4,0
2026-09-08T23:29:31.382334,7.09,7.09,51,29.4,0
2026-09-08T23:29:49.102152,7.09,7.09,51,29.4,0
2026-09-08T23:30:02.347556,7.09,7.09,51,29.4,0
2026-09-08T23:30:15.545223,7.09,7.09,51,29.4,0
2026-09-08T23:30:30.656535,7.09,7.09,51,29.4,0
2026-09-08T23:30:44.196673,7.09,7.09,51,29.4,0
2026-09-08T23:31:10.896972,7.09,7.09,51,29.4,0
2026-09-08T23:31:24.547915,7.09,7.09,51,29.4,0
2026-09-08T23:31:38.257709,7.09,7.09,51,29.4,0
2026-09-08T23:31:54.038171,7.09,7.09,51,29.4,0
2026-09-08T23:32:07.129603,7.09,7.09,51,29.4,0
2026-09-08T23:32:25.571341,7.09,7.09,51,29.4,0
2026-09-08T23:32:39.072442,7.09,7.09,51,29.4,0
2026-09-08T23:32:52.701563,7.09,7.09,51,29.4,0
2026-09-08T23:33:08.365449,7.09,7.09,51,29.4,0
2026-09-08T23:33:21.900416,7.09,7.09,51,29.4,0
2026-09-08T23:33:38.991479,7.09,7.09,51,29.4,0
2026-09-08T23:33:52.476311,7.09,7.09,51,29.4,0
2026-09-08T23:34:06.037680,7.09,7.09,51,29.4,0
2026-09-08T23:34:21.071620,7.09,7.09,51,29.4,0
2026-09-08T23:34:34.311240,7.09,7.09,51,29.4,0
2026-09-08T23:34:51.974912,7.09,7.09,51,29.4,0
2026-09-08T23:35:05.337881,7.09,7.09,51,29.4,0
2026-09-08T23:35:18.635999,7.09,7.09,51,29.4,0
2026-09-08T23:35:34.408708,7.09,7.09,51,29.4,0
2026-09-08T23:35:47.943720,7.09,7.09,51,29.4,0
2026-09-08T23:36:06.123285,7.09,7.09,51,29.4,0
2026-09-08T23:36:19.870769,7.09,7.09,51,29.4,0
2026-09-08T23:36:33.165814,7.09,7.09,51,29.4,0
2026-09-08T23:36:48.509228,7.09,7.09,51,29.4,0
2026-09-08T23:37:01.847236,7.09,7.09,51,29.4,0
2026-09-08T23:37:18.947262,7.09,7.09,51,29.4,0
2026-09-08T23:37:32.074783,7.09,7.09,51,29.4,0
2026-09-08T23:37:45.382528,7.09,7.09,51,29.4,0
2026-09-08T23:38:01.038601,7.09,7.09,51,29.4,0
2026-09-08T23:38:14.639608,7.09,7.09,51,29.4,0
2026-09-08T23:38:32.340928,7.09,7.09,51,29.4,0
2026-09-08T23:38:45.587382,7.09,7.09,51,29.4,0
2026-09-08T23:38:58.810940,7.09,7.09,51,29.4,0
2026-09-08T23:39:14.102289,7.09,7.09,51,29.4,0
2026-09-08T23:39:27.366981,7.09,7.09,51,29.4,0
2026-09-08T23:39:45.247826,7.09,7.09,51,29.4,0
2026-09-08T23:39:58.382254,7.09,7.09,51,29.4,0
2026-09-08T23:40:11.708544,7.09,7.09,51,29.4,0
2026-09-08T23:40:26.652483,7.09,7.09,51,29.4,0
2026-09-08T23:40:40.049132,7.09,7.09,51,29.4,0
2026-09-08T23:40:57.537623,7.09,7.09,51,29.4,0
2026-09-08T23:41:10.821635,7.09,7.09,51,29.4,0
2026-09-08T23:41:24.070137,7.09,7.09,51,29.4,0
2026-09-08T23:41:38.708331,7.09,7.09,51,29.4,0
2026-09-08T23:41:52.176016,7.09,7.09,51,29.4,0
2026-09-08T23:42:09.611761,7.09,7.09,51,29.4,0
2026-09-08T23:42:23.201825,7.09,7.09,51,29.4,0
2026-09-08T23:42:36.912927,7.09,7.09,51,29.4,0
2026-09-08T23:42:52.471409,7.09,7.09,51,29.4,0
2026-09-08T23:43:05.832734,7.09,7.09,51,29.4,0
2026-09-08T23:43:23.777739,7.09,7.09,51,29.4,0
2026-09-08T23:43:36.928511,7.09,7.09,51,29.4,0
2026-09-08T23:43:50.423602,7.09,7.09,51,29.4,0
2026-09-08T23:44:05.984612,7.09,7.09,51,29.4,0
2026-09-08T23:44:19.393225,7.09,7.09,51,29.4,0
2026-09-08T23:44:37.124185,7.09,7.09,51,29.4,0
2026-09-08T23:44:50.661897,7.09,7.09,51,29.4,0
2026-09-08T23:45:03.891986,7.09,7.09,51,29.4,0
2026-09-08T23:45:18.409370,7.09,7.09,51,29.4,0
2026-09-08T23:45:31.603581,7.09,7.09,51,29.4,0
2026-09-08T23:45:58.217648,7.09,7.09,51,29.4,0
2026-09-08T23:46:11.423584,7.09,7.09,51,29.4,0
2026-09-08T23:46:24.866607,7.09,7.09,51,29.4,0
2026-09-08T23:46:40.411664,7.09,7.09,51,29.4,0
2026-09-08T23:46:53.627837,7.09,7.09,51,29.4,0
2026-09-08T23:47:11.752689,7.09,7.09,51,29.4,0
2026-09-08T23:47:24.950522,7.09,7.09,51,29.4,0
2026-09-08T23:47:38.082903,7.09,7.09,51,29.4,0
2026-09-08T23:47:53.542120,7.09,7.09,51,29.4,0
2026-09-08T23:48:06.765893,7.09,7.09,51,29.4,0
2026-09-08T23:48:25.429701,7.09,7.09,51,29.4,0
2026-09-08T23:48:38.710900,7.09,7.09,51,29.4,0
2026-09-08T23:48:51.986894,7.09,7.09,51,29.4,0
2026-09-08T23:49:07.448974,7.09,7.09,51,29.4,0
2026-09-08T23:49:20.948755,7.09,7.09,51,29.4,0
2026-09-08T23:49:38.168649,7.09,7.09,51,29.4,0
2026-09-08T23:49:51.598148,7.09,7.09,51,29.4,0
2026-09-08T23:50:04.998731,7.09,7.09,51,29.4,0
2026-09-08T23:50:19.875880,7.09,7.09,51,29.4,0
2026-09-08T23:50:33.558907,7.09,7.09,51,29.4,0
2026-09-08T23:50:50.584859,7.09,7.09,51,29.4,0
2026-09-08T23:51:03.804565,7.09,7.09,51,29.4,0
2026-09-08T23:51:16.984518,7.09,7.09,51,29.4,0
2026-09-08T23:51:32.673640,7.09,7.09,51,29.4,0
2026-09-08T23:51:45.959919,7.09,7.09,51,29.4,0
2026-09-08T23:52:03.561175,7.09,7.09,51,29.4,0
2026-09-08T23:52:16.784137,7.09,7.09,51,29.4,0
2026-09-08T23:52:29.988683,7.09,7.09,51,29.4,0
2026-09-08T23:52:45.991315,7.09,7.09,51,29.4,0
2026-09-08T23:52:59.293267,7.09,7.09,51,29.4,0
2026-09-08T23:53:17.115015,7.09,7.09,51,29.4,0
2026-09-08T23:53:30.640684,7.09,7.09,51,29.4,0
2026-09-08T23:53:43.948893,7.09,7.09,51,29.4,0
2026-09-08T23:53:59.280235,7.09,7.09,51,29.4,0
2026-09-08T23:54:12.433338,7.09,7.09,51,29.4,0
2026-09-08T23:54:29.320242,7.09,7.09,51,29.4,0
2026-09-08T23:54:43.004961,7.09,7.09,51,29.4,0
2026-09-08T23:54:56.425283,7.09,7.09,51,29.4,0
2026-09-08T23:55:10.945884,7.09,7.09,51,29.4,0
2026-09-08T23:55:24.203968,7.09,7.09,51,29.4,0
2026-09-08T23:55:41.674900,7.09,7.09,51,29.4,0
2026-09-08T23:55:54.906641,7.09,7.09,51,29.4,0
2026-09-08T23:56:08.331512,7.09,7.09,51,29.4,0
2026-09-08T23:56:23.859128,7.09,7.09,51,29.4,0
2026-09-08T23:56:37.277239,7.09,7.09,51,29.4,0
2026-09-08T23:56:54.379121,7.09,7.09,51,29.4,0
2026-09-08T23:57:07.828454,7.09,7.09,51,29.4,0
2026-09-08T23:57:21.245516,7.09,7.09,51,29.4,0
2026-09-08T23:57:36.581077,7.09,7.09,51,29.4,0
2026-09-08T23:57:49.699584,7.09,7.09,51,29.4,0
2026-09-08T23:58:07.726628,7.09,7.09,51,29.4,0
2026-09-08T23:58:20.855620,7.09,7.09,51,29.4,0
2026-09-08T23:58:34.360455,7.09,7.09,51,29.4,0
2026-09-08T23:58:49.694121,7.09,7.09,51,29.4,0
2026-09-08T23:59:03.220963,7.09,7.09,51,29.4,0
2026-09-08T23:59:21.042506,7.09,7.09,51,29.4,0
2026-09-08T23:59:34.337247,7.09,7.09,51,29.4,0
2026-09-08T23:59:47.742436,7.09,7.09,51,29.4,0
2026-09-09T00:00:02.497168,7.09,7.09,51,29.4,0
2026-09-09T00:00:15.831166,7.09,7.09,51,29.4,0
2026-09-09T00:00:42.150805,7.09,7.09,51,29.4,0
2026-09-09T00:00:55.657202,7.09,7.09,51,29.4,0
2026-09-09T00:01:09.080931,7.09,7.09,51,29.4,0
2026-09-09T00:01:23.783684,7.09,7.09,51,29.4,0
2026-09-09T00:01:37.020514,7.09,7.09,51,29.4,0
2026-09-09T00:01:54.629543,7.09,7.09,51,29.4,0
2026-09-09T00:02:07.791617,7.09,7.09,51,29.4,0
2026-09-09T00:02:21.078055,7.09,7.09,51,29.4,0
2026-09-09T00:02:35.598304,7.09,7.09,51,29.4,0
2026-09-09T00:02:48.893448,7.09,7.09,51,29.4,0
2026-09-09T00:03:06.822442,7.09,7.09,51,29.4,0
2026-09-09T00:03:20.158148,7.09,7.09,51,29.4,0
2026-09-09T00:03:33.422967,7.09,7.09,51,29.4,0
2026-09-09T00:03:48.924949,7.09,7.09,51,29.4,0
2026-09-09T00:04:02.457545,7.09,7.09,51,29.4,0
2026-09-09T00:04:20.585560,7.09,7.09,51,29.4,0
2026-09-09T00:04:33.788068,7.09,7.09,51,29.4,0
2026-09-09T00:04:47.008907,7.09,7.09,51,29.4,0
2026-09-09T00:05:01.392408,7.09,7.09,51,29.4,0
2026-09-09T00:05:14.944692,7.09,7.09,51,29.4,0
2026-09-09T00:05:32.741955,7.09,7.09,51,29.4,0
2026-09-09T00:05:46.333402,7.09,7.09,51,29.4,0
2026-09-09T00:05:59.768629,7.09,7.09,51,29.4,0
2026-09-09T00:06:15.173742,7.09,7.09,51,29.4,0
2026-09-09T00:06:28.678094,7.09,7.09,51,29.4,0
2026-09-09T00:06:46.670636,7.09,7.09,51,29.4,0
2026-09-09T00:07:00.010461,7.09,7.09,51,29.4,0
2026-09-09T00:07:13.632182,7.09,7.09,51,29.4,0
2026-09-09T00:07:28.316856,7.09,7.09,51,29.4,0
2026-09-09T00:07:41.953480,7.09,7.09,51,29.4,0
2026-09-09T00:07:59.260687,7.09,7.09,51,29.4,0
2026-09-09T00:08:12.716480,7.09,7.09,51,29.4,0
2026-09-09T00:08:26.036507,7.09,7.09,51,29.4,0
2026-09-09T00:08:41.576552,7.09,7.09,51,29.4,0
2026-09-09T00:08:54.907276,7.09,7.09,51,29.4,0
2026-09-09T00:09:12.898559,7.09,7.09,51,29.4,0
2026-09-09T00:09:26.226247,7.09,7.09,51,29.4,0
2026-09-09T00:09:39.629759,7.09,7.09,51,29.4,0
2026-09-09T00:09:55.286755,7.09,7.09,51,29.4,0
2026-09-09T00:10:08.523291,7.09,7.09,51,29.4,0
2026-09-09T00:10:25.427686,7.09,7.09,51,29.4,0
2026-09-09T00:10:38.558065,7.09,7.09,51,29.4,0
2026-09-09T00:10:51.741372,7.09,7.09,51,29.4,0
2026-09-09T00:11:07.416728,7.09,7.09,51,29.4,0
2026-09-09T00:11:20.920358,7.09,7.09,51,29.4,0
2026-09-09T00:11:38.546532,7.09,7.09,51,29.4,0
2026-09-09T00:11:52.063541,7.09,7.09,51,29.4,0
2026-09-09T00:12:05.550709,7.09,7.09,51,29.4,0
2026-09-09T00:12:20.916530,7.09,7.09,51,29.4,0
2026-09-09T00:12:34.059148,7.09,7.09,51,29.4,0
2026-09-09T00:12:51.048795,7.09,7.09,51,29.4,0
2026-09-09T00:13:04.472757,7.09,7.09,51,29.4,0
2026-09-09T00:13:17.768148,7.09,7.09,51,29.4,0
2026-09-09T00:13:32.193286,7.09,7.09,51,29.4,0
2026-09-09T00:13:45.401532,7.09,7.09,51,29.4,0
2026-09-09T00:14:03.136951,7.09,7.09,51,29.4,0
2026-09-09T00:14:16.449725,7.09,7.09,51,29.4,0
2026-09-09T00:14:29.537430,7.09,7.09,51,29.4,0
2026-09-09T00:14:45.129437,7.09,7.09,51,29.4,0
2026-09-09T00:14:58.333437,7.09,7.09,51,29.4,0
2026-09-09T00:15:26.905838,7.09,7.09,51,29.4,0
2026-09-09T00:15:39.973950,7.09,7.09,51,29.4,0
2026-09-09T00:15:53.184479,7.09,7.09,51,29.4,0
2026-09-09T00:16:07.830633,7.09,7.09,51,29.4,0
2026-09-09T00:16:21.175684,7.09,7.09,51,29.4,0
2026-09-09T00:16:39.420478,7.09,7.09,51,29.4,0
2026-09-09T00:16:52.608402,7.09,7.09,51,29.4,0
2026-09-09T00:17:06.011192,7.09,7.09,51,29.4,0
2026-09-09T00:17:21.392373,7.09,7.09,51,29.4,0
2026-09-09T00:17:34.692948,7.09,7.09,51,29.4,0
2026-09-09T00:17:52.711722,7.09,7.09,51,29.4,0
2026-09-09T00:18:06.233510,7.09,7.09,51,29.4,0
2026-09-09T00:18:19.333925,7.09,7.09,51,29.4,0
2026-09-09T00:18:34.924041,7.09,7.09,51,29.4,0
2026-09-09T00:18:48.410300,7.09,7.09,51,29.4,0
2026-09-09T00:19:06.566040,7.09,7.09,51,29.4,0
2026-09-09T00:19:19.643067,7.09,7.09,51,29.4,0
2026-09-09T00:19:33.483172,7.09,7.09,51,29.4,0
2026-09-09T00:19:48.003601,7.09,7.09,51,29.4,0
2026-09-09T00:20:01.320870,7.09,7.09,51,29.4,0
2026-09-09T00:20:18.846730,7.09,7.09,51,29.4,0
2026-09-09T00:20:32.181906,7.09,7.09,51,29.4,0
2026-09-09T00:20:45.871939,7.09,7.09,51,29.4,0
2026-09-09T00:21:01.699584,7.09,7.09,51,29.4,0
2026-09-09T00:21:14.989615,7.09,7.09,51,29.4,0
2026-09-09T00:21:32.955043,7.09,7.09,51,29.4,0
2026-09-09T00:21:46.193035,7.09,7.09,51,29.4,0
2026-09-09T00:21:59.323862,7.09,7.09,51,29.4,0
2026-09-09T00:22:14.847635,7.09,7.09,51,29.4,0
2026-09-09T00:22:27.986816,7.09,7.09,51,29.4,0
2026-09-09T00:22:44.867241,7.09,7.09,51,29.4,0
2026-09-09T00:22:58.083385,7.09,7.09,51,29.4,0
2026-09-09T00:23:11.382676,7.09,7.09,51,29.4,0
2026-09-09T00:23:26.741572,7.09,7.09,51,29.4,0
2026-09-09T00:23:40.018182,7.09,7.09,51,29.4,0
2026-09-09T00:23:57.054851,7.09,7.09,51,29.4,0
2026-09-09T00:24:10.543722,7.09,7.09,51,29.4,0
2026-09-09T00:24:23.909159,7.09,7.09,51,29.4,0
2026-09-09T00:24:39.465592,7.09,7.09,51,29.4,0
2026-09-09T00:24:52.666433,7.09,7.09,51,29.4,0
2026-09-09T00:25:09.472122,7.09,7.09,51,29.4,0
2026-09-09T00:25:22.693386,7.09,7.09,51,29.4,0
2026-09-09T00:25:36.305440,7.09,7.09,51,29.4,0
2026-09-09T00:25:50.702673,7.09,7.09,51,29.4,0
2026-09-09T00:26:04.136550,7.09,7.09,51,29.4,0
2026-09-09T00:26:21.225988,7.09,7.09,51,29.4,0
2026-09-09T00:26:34.743204,7.09,7.09,51,29.4,0
2026-09-09T00:26:48.052339,7.09,7.09,51,29.4,0
2026-09-09T00:27:03.314124,7.09,7.09,51,29.4,0
2026-09-09T00:27:16.747357,7.09,7.09,51,29.4,0
2026-09-09T00:27:34.750145,7.09,7.09,51,29.4,0
2026-09-09T00:27:48.156804,7.09,7.09,51,29.4,0
2026-09-09T00:28:01.632669,7.09,7.09,51,29.4,0
2026-09-09T00:28:17.150329,7.09,7.09,51,29.4,0
2026-09-09T00:28:30.554634,7.09,7.09,51,29.4,0
2026-09-09T00:28:47.869397,7.09,7.09,51,29.4,0
2026-09-09T00:29:01.519371,7.09,7.09,51,29.4,0
2026-09-09T00:29:15.047862,7.09,7.09,51,29.4,0
2026-09-09T00:29:30.302074,7.09,7.09,51,29.4,0
2026-09-09T00:29:44.298621,7.09,7.09,51,29.4,0
2026-09-09T00:30:10.397309,7.09,7.09,51,29.4,0
2026-09-09T00:30:23.555609,7.09,7.09,51,29.4,0
2026-09-09T00:30:36.766774,7.09,7.09,51,29.4,0
2026-09-09T00:30:51.368984,7.09,7.09,51,29.4,0
2026-09-09T00:31:04.587740,7.09,7.09,51,29.4,0
2026-09-09T00:31:22.670625,7.09,7.09,51,29.4,0
2026-09-09T00:31:36.032563,7.09,7.09,51,29.4,0
2026-09-09T00:31:49.132944,7.09,7.09,51,29.4,0
2026-09-09T00:32:04.873842,7.09,7.09,51,29.4,0
2026-09-09T00:32:18.433026,7.09,7.09,51,29.4,0
2026-09-09T00:32:35.835662,7.09,7.09,51,29.4,0
2026-09-09T00:32:48.930376,7.09,7.09,51,29.4,0
2026-09-09T00:33:02.364508,7.09,7.09,51,29.4,0
2026-09-09T00:33:17.168287,7.09,7.09,51,29.4,0
2026-09-09T00:33:30.717900,7.09,7.09,51,29.4,0
2026-09-09T00:33:49.339321,7.09,7.09,51,29.4,0
2026-09-09T00:34:02.879156,7.09,7.09,51,29.4,0
2026-09-09T00:34:18.636705,7.09,7.09,51,29.4,0
2026-09-09T00:34:31.842649,7.09,7.09,51,29.4,0
2026-09-09T00:34:45.166161,7.09,7.09,51,29.4,0
2026-09-09T00:35:03.189451,7.09,7.09,51,29.4,0
2026-09-09T00:35:16.676890,7.09,7.09,51,29.4,0
2026-09-09T00:35:29.807362,7.09,7.09,51,29.4,0
2026-09-09T00:35:44.917955,7.09,7.09,51,29.4,0
2026-09-09T00:35:58.192234,7.09,7.09,51,29.4,0
2026-09-09T00:36:15.615210,7.09,7.09,51,29.4,0
2026-09-09T00:36:28.783198,7.09,7.09,51,29.4,0
2026-09-09T00:36:42.227893,7.09,7.09,51,29.4,0
2026-09-09T00:36:57.755666,7.09,7.09,51,29.4,0
2026-09-09T00:37:10.884947,7.09,7.09,51,29.4,0
2026-09-09T00:37:28.704345,7.09,7.09,51,29.4,0
2026-09-09T00:37:41.788185,7.09,7.09,51,29.4,0
2026-09-09T00:37:55.306694,7.09,7.09,51,29.4,0
2026-09-09T00:38:10.248204,7.09,7.09,51,29.4,0
2026-09-09T00:38:23.803181,7.09,7.09,51,29.4,0
2026-09-09T00:38:40.669646,7.09,7.09,51,29.4,0
2026-09-09T00:38:53.863415,7.09,7.09,51,29.4,0
2026-09-09T00:39:07.315959,7.09,7.09,51,29.4,0
2026-09-09T00:39:22.161119,7.09,7.09,51,29.4,0
2026-09-09T00:39:35.624782,7.09,7.09,51,29.4,0
2026-09-09T00:39:53.695518,7.09,7.09,51,29.4,0
2026-09-09T00:40:07.002127,7.09,7.09,51,29.4,0
2026-09-09T00:40:20.418246,7.09,7.09,51,29.4,0
2026-09-09T00:40:35.359798,7.09,7.09,51,29.4,0
2026-09-09T00:40:48.885579,7.09,7.09,51,29.4,0
2026-09-09T00:41:06.564968,7.09,7.09,51,29.4,0
2026-09-09T00:41:20.198743,7.09,7.09,51,29.4,0
2026-09-09T00:41:33.954768,7.09,7.09,51,29.4,0
2026-09-09T00:41:49.663737,7.09,7.09,51,29.4,0
2026-09-09T00:42:03.340675,7.09,7.09,51,29.4,0
2026-09-09T00:42:21.049696,7.09,7.09,51,29.4,0
2026-09-09T00:42:34.382395,7.09,7.09,51,29.4,0
2026-09-09T00:42:47.655883,7.09,7.09,51,29.4,0
2026-09-09T00:43:02.923439,7.09,7.09,51,29.4,0
2026-09-09T00:43:16.278914,7.09,7.09,51,29.4,0
2026-09-09T00:43:34.068569,7.09,7.09,51,29.4,0
2026-09-09T00:43:47.238271,7.09,7.09,51,29.4,0
2026-09-09T00:44:00.516973,7.09,7.09,51,29.4,0
2026-09-09T00:44:15.200703,7.09,7.09,51,29.4,0
2026-09-09T00:44:28.932271,7.09,7.09,51,29.4,0
2026-09-09T00:44:53.927204,7.09,7.09,51,29.4,0
2026-09-09T00:45:07.177702,7.09,7.09,51,29.4,0
2026-09-09T00:45:20.325473,7.09,7.09,51,29.4,0
2026-09-09T00:45:35.722912,7.09,7.09,51,29.4,0
2026-09-09T00:45:49.125915,7.09,7.09,51,29.4,0
2026-09-09T00:46:06.801909,7.09,7.09,51,29.4,0
2026-09-09T00:46:19.985392,7.09,7.09,51,29.4,0
2026-09-09T00:46:33.157708,7.09,7.09,51,29.4,0
2026-09-09T00:46:48.607312,7.09,7.09,51,29.4,0
2026-09-09T00:47:02.041757,7.09,7.09,51,29.4,0
2026-09-09T00:47:19.698622,7.09,7.09,51,29.4,0
2026-09-09T00:47:32.869752,7.09,7.09,51,29.4,0
2026-09-09T00:47:46.166326,7.09,7.09,51,29.4,0
2026-09-09T00:48:00.705990,7.09,7.09,51,29.4,0
2026-09-09T00:48:13.849473,7.09,7.09,51,29.4,0
2026-09-09T00:48:31.205584,7.09,7.09,51,29.4,0
2026-09-09T00:48:44.339689,7.09,7.09,51,29.4,0
2026-09-09T00:48:57.840353,7.09,7.09,51,29.4,0
2026-09-09T00:49:13.598584,7.09,7.09,51,29.4,0
2026-09-09T00:49:27.053607,7.09,7.09,51,29.4,0
2026-09-09T00:49:44.330978,7.09,7.09,51,29.4,0
2026-09-09T00:49:57.557543,7.09,7.09,51,29.4,0
2026-09-09T00:50:11.078439,7.09,7.09,51,29.4,0
2026-09-09T00:50:26.339691,7.09,7.09,51,29.4,0
2026-09-09T00:50:39.781390,7.09,7.09,51,29.4,0
2026-09-09T00:50:57.162614,7.09,7.09,51,29.4,0
2026-09-09T00:51:11.034238,7.09,7.09,51,29.4,0
2026-09-09T00:51:24.469719,7.09,7.09,51,29.4,0
2026-09-09T00:51:39.999820,7.09,7.09,51,29.4,0
2026-09-09T00:51:53.266421,7.09,7.09,51,29.4,0
2026-09-09T00:52:11.413803,7.09,7.09,51,29.4,0
2026-09-09T00:52:24.995645,7.09,7.09,51,29.4,0
2026-09-09T00:52:38.131421,7.09,7.09,51,29.4,0
2026-09-09T00:52:53.804180,7.09,7.09,51,29.4,0
2026-09-09T00:53:07.202768,7.09,7.09,51,29.4,0
2026-09-09T00:53:24.406702,7.09,7.09,51,29.4,0
2026-09-09T00:53:37.784592,7.09,7.09,51,29.4,0
2026-09-09T00:53:51.170942,7.09,7.09,51,29.4,0
2026-09-09T00:54:06.110280,7.09,7.09,51,29.4,0
2026-09-09T00:54:19.573540,7.09,7.09,51,29.4,0
2026-09-09T00:54:37.428767,7.09,7.09,51,29.4,0
2026-09-09T00:54:50.675373,7.09,7.09,51,29.4,0
2026-09-09T00:55:04.236228,7.09,7.09,51,29.4,0
2026-09-09T00:55:21.027483,7.09,7.09,51,29.4,0
2026-09-09T00:55:34.105070,7.09,7.09,51,29.4,0
2026-09-09T00:55:51.755337,7.09,7.09,51,29.4,0
2026-09-09T00:56:05.311255,7.09,7.09,51,29.4,0
2026-09-09T00:56:18.694589,7.09,7.09,51,29.4,0
2026-09-09T00:56:34.108992,7.09,7.09,51,29.4,0
2026-09-09T00:56:47.471414,7.09,7.09,51,29.4,0
2026-09-09T00:57:05.496072,7.09,7.09,51,29.4,0
2026-09-09T00:57:19.101464,7.09,7.09,51,29.4,0
2026-09-09T00:57:32.369270,7.09,7.09,51,29.4,0
2026-09-09T00:57:47.700252,7.09,7.09,51,29.4,0
2026-09-09T00:58:00.759276,7.09,7.09,51,29.4,0
2026-09-09T00:58:18.102710,7.09,7.09,51,29.4,0
2026-09-09T00:58:31.317063,7.09,7.09,51,29.4,0
2026-09-09T00:58:44.565228,7.09,7.09,51,29.4,0
2026-09-09T00:58:59.241802,7.09,7.09,51,29.4,0
2026-09-09T00:59:12.471895,7.09,7.09,51,29.4,0
2026-09-09T00:59:36.934239,7.09,7.09,51,29.4,0
2026-09-09T00:59:50.077149,7.09,7.09,51,29.4,0
2026-09-09T01:00:03.292972,7.09,7.09,51,29.4,0
2026-09-09T01:00:18.584622,7.09,7.09,51,29.4,0
2026-09-09T01:00:31.835466,7.09,7.09,51,29.4,0
2026-09-09T01:00:49.970906,7.09,7.09,51,29.4,0
2026-09-09T01:01:03.375489,7.09,7.09,51,29.4,0
2026-09-09T01:01:16.566605,7.09,7.09,51,29.4,0
2026-09-09T01:01:31.709120,7.09,7.09,51,29.4,0
2026-09-09T01:01:45.010052,7.09,7.09,51,29.4,0
2026-09-09T01:02:02.437606,7.09,7.09,51,29.4,0
2026-09-09T01:02:15.814143,7.09,7.09,51,29.4,0
2026-09-09T01:02:29.473819,7.09,7.09,51,29.4,0
2026-09-09T01:02:44.112371,7.09,7.09,51,29.4,0
2026-09-09T01:02:57.579228,7.09,7.09,51,29.4,0
2026-09-09T01:03:15.158543,7.09,7.09,51,29.4,0
2026-09-09T01:03:28.275781,7.09,7.09,51,29.4,0
2026-09-09T01:03:41.605584,7.09,7.09,51,29.4,0
2026-09-09T01:03:56.275988,7.09,7.09,51,29.4,0
2026-09-09T01:04:09.533502,7.09,7.09,51,29.4,0
2026-09-09T01:04:27.434521,7.09,7.09,51,29.4,0
2026-09-09T01:04:40.561875,7.09,7.09,51,29.4,0
2026-09-09T01:04:53.665640,7.09,7.09,51,29.4,0
2026-09-09T01:05:08.518846,7.09,7.09,51,29.4,0
2026-09-09T01:05:21.837096,7.09,7.09,51,29.4,0
2026-09-09T01:05:39.334126,7.09,7.09,51,29.4,0
2026-09-09T01:05:52.665234,7.09,7.09,51,29.4,0
2026-09-09T01:06:05.874166,7.09,7.09,51,29.4,0
2026-09-09T01:06:21.113522,7.09,7.09,51,29.4,0
2026-09-09T01:06:34.643588,7.09,7.09,51,29.4,0
2026-09-09T01:06:51.395745,7.09,7.09,51,29.4,0
2026-09-09T01:07:04.667693,7.09,7.09,51,29.4,0
2026-09-09T01:07:17.973488,7.09,7.09,51,29.4,0
2026-09-09T01:07:33.764837,7.09,7.09,51,29.4,0
2026-09-09T01:07:47.125250,7.09,7.09,51,29.4,0
2026-09-09T01:08:05.139727,7.09,7.09,51,29.4,0
2026-09-09T01:08:18.533973,7.09,7.09,51,29.4,0
2026-09-09T01:08:31.776123,7.09,7.09,51,29.4,0
2026-09-09T01:08:46.547275,7.09,7.09,51,29.4,0
2026-09-09T01:08:59.950225,7.09,7.09,51,29.4,0
2026-09-09T01:09:17.259902,7.09,7.09,51,29.4,0
2026-09-09T01:09:30.365746,7.09,7.09,51,29.4,0
2026-09-09T01:09:43.583637,7.09,7.09,51,29.4,0
2026-09-09T01:09:58.996825,7.09,7.09,51,29.4,0
2026-09-09T01:10:12.434537,7.09,7.09,51,29.4,0
2026-09-09T01:10:29.974966,7.09,7.09,51,29.4,0
2026-09-09T01:10:43.187494,7.09,7.09,51,29.4,0
2026-09-09T01:10:56.505699,7.09,7.09,51,29.4,0
2026-09-09T01:11:12.732612,7.09,7.09,51,29.4,0
2026-09-09T01:11:26.060046,7.09,7.09,51,29.4,0
2026-09-09T01:11:43.661171,7.09,7.09,51,29.4,0
2026-09-09T01:11:56.935078,7.09,7.09,51,29.4,0
2026-09-09T01:12:10.103571,7.09,7.09,51,29.4,0
2026-09-09T01:12:25.857050,7.09,7.09,51,29.4,0
2026-09-09T01:12:39.505057,7.09,7.09,51,29.4,0
2026-09-09T01:12:56.610783,7.09,7.09,51,29.4,0
2026-09-09T01:13:09.824821,7.09,7.09,51,29.4,0
2026-09-09T01:13:23.334649,7.09,7.09,51,29.4,0
2026-09-09T01:13:38.790686,7.09,7.09,51,29.4,0
2026-09-09T01:13:52.227781,7.09,7.09,51,29.4,0
2026-09-09T01:14:17.886404,7.09,7.09,51,29.4,0
2026-09-09T01:14:31.010576,7.09,7.09,51,29.4,0
2026-09-09T01:14:44.115499,7.09,7.09,51,29.4,0
2026-09-09T01:14:58.843104,7.09,7.09,51,29.4,0
2026-09-09T01:15:12.372495,7.09,7.09,51,29.4,0
2026-09-09T01:15:30.393435,7.09,7.09,51,29.4,0
2026-09-09T01:15:43.899137,7.09,7.09,51,29.4,0
2026-09-09T01:15:57.003165,7.09,7.09,51,29.4,0
2026-09-09T01:16:11.671430,7.09,7.09,51,29.4,0
2026-09-09T01:16:24.994821,7.09,7.09,51,29.4,0
2026-09-09T01:16:42.885793,7.09,7.09,51,29.4,0
2026-09-09T01:16:56.112396,7.09,7.09,51,29.4,0
2026-09-09T01:17:09.435410,7.09,7.09,51,29.4,0
2026-09-09T01:17:25.485300,7.09,7.09,51,29.4,0
2026-09-09T01:17:38.564850,7.09,7.09,51,29.4,0
2026-09-09T01:17:55.824651,7.09,7.09,51,29.4,0
2026-09-09T01:18:09.278516,7.09,7.09,51,29.4,0
2026-09-09T01:18:22.357669,7.09,7.09,51,29.4,0
2026-09-09T01:18:36.999375,7.09,7.09,51,29.4,0
2026-09-09T01:18:50.491452,7.09,7.09,51,29.4,0
2026-09-09T01:19:08.043521,7.09,7.09,51,29.4,0
2026-09-09T01:19:21.301198,7.09,7.09,51,29.4,0
2026-09-09T01:19:34.528565,7.09,7.09,51,29.4,0
2026-09-09T01:19:49.281768,7.09,7.09,51,29.4,0
2026-09-09T01:20:02.999238,7.09,7.09,51,29.4,0
2026-09-09T01:20:20.805037,7.09,7.09,51,29.4,0
2026-09-09T01:20:34.232898,7.09,7.09,51,29.4,0
2026-09-09T01:20:47.449841,7.09,7.09,51,29.4,0
2026-09-09T01:21:02.998204,7.09,7.09,51,29.4,0
2026-09-09T01:21:16.116578,7.09,7.09,51,29.4,0
2026-09-09T01:21:34.111188,7.09,7.09,51,29.4,0
2026-09-09T01:21:47.565935,7.09,7.09,51,29.4,0
2026-09-09T01:22:00.778500,7.09,7.09,51,29.4,0
2026-09-09T01:22:15.912983,7.09,7.09,51,29.4,0
2026-09-09T01:22:29.211161,7.09,7.09,51,29.4,0
2026-09-09T01:22:46.616899,7.09,7.09,51,29.4,0
2026-09-09T01:22:59.830689,7.09,7.09,51,29.4,0
2026-09-09T01:23:13.049875,7.09,7.09,51,29.4,0
2026-09-09T01:23:28.621451,7.09,7.09,51,29.4,0
2026-09-09T01:23:41.929445,7.09,7.09,51,29.4,0
2026-09-09T01:23:59.770171,7.09,7.09,51,29.4,0
2026-09-09T01:24:12.997840,7.09,7.09,51,29.4,0
2026-09-09T01:24:26.602579,7.09,7.09,51,29.4,0
2026-09-09T01:24:41.033560,7.09,7.09,51,29.4,0
2026-09-09T01:24:54.213615,7.09,7.09,51,29.4,0
2026-09-09T01:25:11.617939,7.09,7.09,51,29.4,0
2026-09-09T01:25:24.866950,7.09,7.09,51,29.4,0
2026-09-09T01:25:38.230793,7.09,7.09,51,29.4,0
2026-09-09T01:25:53.395812,7.09,7.09,51,29.4,0
2026-09-09T01:26:06.835604,7.09,7.09,51,29.4,0
2026-09-09T01:26:24.315752,7.09,7.09,51,29.4,0
2026-09-09T01:26:37.558616,7.09,7.09,51,29.4,0
2026-09-09T01:26:51.754508,7.09,7.09,51,29.4,0
2026-09-09T01:27:06.651246,7.09,7.09,51,29.4,0
2026-09-09T01:27:19.911817,7.09,7.09,51,29.4,0
2026-09-09T01:27:37.259566,7.09,7.09,51,29.4,0
2026-09-09T01:27:50.805849,7.09,7.09,51,29.4,0
2026-09-09T01:28:03.994644,7.09,7.09,51,29.4,0
2026-09-09T01:28:18.824284,7.09,7.09,51,29.4,0
2026-09-09T01:28:32.443984,7.09,7.09,51,29.4,0
2026-09-09T01:28:57.520669,7.09,7.09,51,29.4,0
2026-09-09T01:29:11.067628,7.09,7.09,51,29.4,0
2026-09-09T01:29:24.775712,7.09,7.09,51,29.4,0
2026-09-09T01:29:39.524533,7.09,7.09,51,29.4,0
2026-09-09T01:29:52.927764,7.09,7.09,51,29.4,0
2026-09-09T01:30:10.009986,7.09,7.09,51,29.4,0
2026-09-09T01:30:23.279646,7.09,7.09,51,29.4,0
2026-09-09T01:30:36.631871,7.09,7.09,51,29.4,0
2026-09-09T01:30:52.004606,7.09,7.09,51,29.4,0
2026-09-09T01:31:05.521862,7.09,7.09,51,29.4,0
2026-09-09T01:31:23.542202,7.09,7.09,51,29.4,0
2026-09-09T01:31:37.489192,7.09,7.09,51,29.4,0
2026-09-09T01:31:50.670304,7.09,7.09,51,29.4,0
2026-09-09T01:32:06.164659,7.09,7.09,51,29.4,0
2026-09-09T01:32:19.368613,7.09,7.09,51,29.4,0
2026-09-09T01:32:37.063642,7.09,7.09,51,29.4,0
2026-09-09T01:32:50.318846,7.09,7.09,51,29.4,0
2026-09-09T01:33:03.891989,7.09,7.09,51,29.4,0
2026-09-09T01:33:19.878495,7.09,7.09,51,29.4,0
2026-09-09T01:33:35.254302,7.09,7.09,51,29.4,0
2026-09-09T01:33:53.154813,7.09,7.09,51,29.4,0
2026-09-09T01:34:06.374452,7.09,7.09,51,29.4,0
2026-09-09T01:34:19.584880,7.09,7.09,51,29.4,0
2026-09-09T01:34:34.404790,7.09,7.09,51,29.4,0
2026-09-09T01:34:48.745702,7.09,7.09,51,29.4,0
2026-09-09T01:35:05.763959,7.09,7.09,51,29.4,0
2026-09-09T01:35:19.169481,7.09,7.09,51,29.4,0
2026-09-09T01:35:32.266124,7.09,7.09,51,29.4,0
2026-09-09T01:35:47.965552,7.09,7.09,51,29.4,0
2026-09-09T01:36:01.963465,7.09,7.09,51,29.4,0
2026-09-09T01:36:19.891669,7.09,7.09,51,29.4,0
2026-09-09T01:36:33.020914,7.09,7.09,51,29.4,0
2026-09-09T01:36:46.402932,7.09,7.09,51,29.4,0
2026-09-09T01:37:02.058955,7.09,7.09,51,29.4,0
2026-09-09T01:37:16.595918,7.09,7.09,51,29.4,0
2026-09-09T01:37:34.570718,7.09,7.09,51,29.4,0
2026-09-09T01:37:47.750849,7.09,7.09,51,29.4,0
2026-09-09T01:38:01.093654,7.09,7.09,51,29.4,0
2026-09-09T01:38:16.454396,7.09,7.09,51,29.4,0
2026-09-09T01:38:30.853361,7.09,7.09,51,29.4,0
2026-09-09T01:38:48.803478,7.09,7.09,51,29.4,0
2026-09-09T01:39:01.904480,7.09,7.09,51,29.4,0
2026-09-09T01:39:15.231475,7.09,7.09,51,29.4,0
2026-09-09T01:39:30.803802,7.09,7.09,51,29.4,0
2026-09-09T01:39:44.792174,7.09,7.09,51,29.4,0
2026-09-09T01:40:02.609465,7.09,7.09,51,29.4,0
2026-09-09T01:40:16.193784,7.09,7.09,51,29.4,0
2026-09-09T01:40:29.854283,7.09,7.09,51,29.4,0
2026-09-09T01:40:44.851856,7.09,7.09,51,29.4,0
2026-09-09T01:40:58.846434,7.09,7.09,51,29.4,0
2026-09-09T01:41:15.629488,7.09,7.09,51,29.4,0
2026-09-09T01:41:29.362056,7.09,7.09,51,29.4,0
2026-09-09T01:41:42.446846,7.09,7.09,51,29.4,0
2026-09-09T01:41:57.344794,7.09,7.09,51,29.4,0
2026-09-09T01:42:11.359929,7.09,7.09,51,29.4,0
2026-09-09T01:42:29.183955,7.09,7.09,51,29.4,0
2026-09-09T01:42:42.274093,7.09,7.09,51,29.4,0
2026-09-09T01:42:55.703403,7.09,7.09,51,29.4,0
2026-09-09T01:43:10.823166,7.09,7.09,51,29.4,0
2026-09-09T01:43:24.666480,7.09,7.09,51,29.4,0
2026-09-09T01:43:50.877164,7.09,7.09,51,29.4,0
2026-09-09T01:44:04.419862,7.09,7.09,51,29.4,0
2026-09-09T01:44:17.608987,7.09,7.09,51,29.4,0
2026-09-09T01:44:33.486579,7.09,7.09,51,29.4,0
2026-09-09T01:44:46.715415,7.09,7.09,51,29.4,0
2026-09-09T01:45:05.216764,7.09,7.09,51,29.4,0
2026-09-09T01:45:18.432866,7.09,7.09,51,29.4,0
2026-09-09T01:45:31.731176,7.09,7.09,51,29.4,0
2026-09-09T01:45:47.448351,7.09,7.09,51,29.4,0
2026-09-09T01:46:00.655424,7.09,7.09,51,29.4,0
2026-09-09T01:46:17.719840,7.09,7.09,51,29.4,0
2026-09-09T01:46:31.022792,7.09,7.09,51,29.4,0
2026-09-09T01:46:44.538319,7.09,7.09,51,29.4,0
2026-09-09T01:47:00.113988,7.09,7.09,51,29.4,0
2026-09-09T01:47:13.244809,7.09,7.09,51,29.4,0
2026-09-09T01:47:31.019054,7.09,7.09,51,29.4,0
2026-09-09T01:47:44.575980,7.09,7.09,51,29.4,0
2026-09-09T01:47:57.893887,7.09,7.09,51,29.4,0
2026-09-09T01:48:13.429404,7.09,7.09,51,29.4,0
2026-09-09T01:48:26.750331,7.09,7.09,51,29.4,0
2026-09-09T01:48:44.976485,7.09,7.09,51,29.4,0
2026-09-09T01:48:58.486114,7.09,7.09,51,29.4,0
2026-09-09T01:49:11.604132,7.09,7.09,51,29.4,0
2026-09-09T01:49:27.749959,7.09,7.09,51,29.4,0
2026-09-09T01:49:40.997461,7.09,7.09,51,29.4,0
2026-09-09T01:49:58.611412,7.09,7.09,51,29.4,0
2026-09-09T01:50:11.944485,7.09,7.09,51,29.4,0
2026-09-09T01:50:25.558249,7.09,7.09,51,29.4,0
2026-09-09T01:50:41.918645,7.09,7.09,51,29.4,0
2026-09-09T01:50:55.089932,7.09,7.09,51,29.4,0
2026-09-09T01:51:12.156587,7.09,7.09,51,29.4,0
2026-09-09T01:51:25.347223,7.09,7.09,51,29.4,0
2026-09-09T01:51:38.646539,7.09,7.09,51,29.4,0
2026-09-09T01:51:53.491352,7.09,7.09,51,29.4,0
2026-09-09T01:52:06.700660,7.09,7.09,51,29.4,0
2026-09-09T01:52:23.913942,7.09,7.09,51,29.4,0
2026-09-09T01:52:37.425573,7.09,7.09,51,29.4,0
2026-09-09T01:52:50.665063,7.09,7.09,51,29.4,0
2026-09-09T01:53:06.175895,7.09,7.09,51,29.4,0
2026-09-09T01:53:19.715322,7.09,7.09,51,29.4,0
2026-09-09T01:53:37.443620,7.09,7.09,51,29.4,0
2026-09-09T01:53:50.677096,7.09,7.09,51,29.4,0
2026-09-09T01:54:04.162241,7.09,7.09,51,29.4,0
2026-09-09T01:54:19.347556,7.09,7.09,51,29.4,0
2026-09-09T01:54:32.819244,7.09,7.09,51,29.4,0
2026-09-09T01:54:50.346514,7.09,7.09,51,29.4,0
2026-09-09T01:55:03.666777,7.09,7.09,51,29.4,0
2026-09-09T01:55:16.785533,7.09,7.09,51,29.4,0
2026-09-09T01:55:32.321731,7.09,7.09,51,29.4,0
2026-09-09T01:55:45.630134,7.09,7.09,51,29.4,0
2026-09-09T01:56:03.874277,7.09,7.09,51,29.4,0
2026-09-09T01:56:17.184857,7.09,7.09,51,29.4,0
2026-09-09T01:56:30.404876,7.09,7.09,51,29.4,0
2026-09-09T01:56:45.624467,7.09,7.09,51,29.4,0
2026-09-09T01:56:58.766109,7.09,7.09,51,29.4,0
2026-09-09T01:57:16.362421,7.09,7.09,51,29.4,0
2026-09-09T01:57:29.680836,7.09,7.09,51,29.4,0
2026-09-09T01:57:43.091225,7.09,7.09,51,29.4,0
2026-09-09T01:57:59.579093,7.09,7.09,51,29.4,0
2026-09-09T01:58:12.780986,7.09,7.09,51,29.4,0
2026-09-09T01:58:40.842089,7.09,7.09,51,29.4,0
2026-09-09T01:58:53.977515,7.09,7.09,51,29.4,0
2026-09-09T01:59:07.807522,7.09,7.09,51,29.4,0
2026-09-09T01:59:22.325572,7.09,7.09,51,29.4,0
2026-09-09T01:59:35.727683,7.09,7.09,51,29.4,0
2026-09-09T01:59:52.632259,7.09,7.09,51,29.4,0
2026-09-09T02:00:05.799964,7.09,7.09,51,29.4,0
2026-09-09T02:00:19.703375,7.09,7.09,51,29.4,0
2026-09-09T02:00:34.978746,7.09,7.09,51,29.4,0
2026-09-09T02:00:48.464306,7.09,7.09,51,29.4,0
2026-09-09T02:01:06.146815,7.09,7.09,51,29.4,0
2026-09-09T02:01:19.249465,7.09,7.09,51,29.4,0
2026-09-09T02:01:32.889209,7.09,7.09,51,29.4,0
2026-09-09T02:01:47.524664,7.09,7.09,51,29.4,0
2026-09-09T02:02:00.845479,7.09,7.09,51,29.4,0
2026-09-09T02:02:19.112092,7.09,7.09,51,29.4,0
2026-09-09T02:02:32.463182,7.09,7.09,51,29.4,0
2026-09-09T02:02:46.281373,7.09,7.09,51,29.4,0
2026-09-09T02:03:01.641776,7.09,7.09,51,29.4,0
2026-09-09T02:03:14.774894,7.09,7.09,51,29.4,0
2026-09-09T02:03:32.091915,7.09,7.09,51,29.4,0
2026-09-09T02:03:45.194563,7.09,7.09,51,29.4,0
2026-09-09T02:03:59.730318,7.09,7.09,51,29.4,0
2026-09-09T02:04:14.172021,7.09,7.09,51,29.4,0
2026-09-09T02:04:27.504584,7.09,7.09,51,29.4,0
2026-09-09T02:04:44.666595,7.09,7.09,51,29.4,0
2026-09-09T02:04:58.209322,7.09,7.09,51,29.4,0
2026-09-09T02:05:11.942689,7.09,7.09,51,29.4,0
2026-09-09T02:05:26.667668,7.09,7.09,51,29.4,0
2026-09-09T02:05:40.080427,7.09,7.09,51,29.4,0
2026-09-09T02:05:56.949699,7.09,7.09,51,29.4,0
2026-09-09T02:06:10.411389,7.09,7.09,51,29.4,0
2026-09-09T02:06:24.327059,7.09,7.09,51,29.4,0
2026-09-09T02:06:38.848172,7.09,7.09,51,29.4,0
2026-09-09T02:06:52.040692,7.09,7.09,51,29.4,0
2026-09-09T02:07:10.288386,7.09,7.09,51,29.4,0
2026-09-09T02:07:23.855377,7.09,7.09,51,29.4,0
2026-09-09T02:07:37.671947,7.09,7.09,51,29.4,0
2026-09-09T02:07:52.195628,7.09,7.09,51,29.4,0
2026-09-09T02:08:05.412366,7.09,7.09,51,29.4,0
2026-09-09T02:08:22.601687,7.09,7.09,51,29.4,0
2026-09-09T02:08:35.841073,7.09,7.09,51,29.4,0
2026-09-09T02:08:49.660320,7.09,7.09,51,29.4,0
2026-09-09T02:09:05.570629,7.09,7.09,51,29.4,0
2026-09-09T02:09:18.891132,7.09,7.09,51,29.4,0
2026-09-09T02:09:37.536772,7.09,7.09,51,29.4,0
2026-09-09T02:09:51.500506,7.09,7.09,51,29.4,0
2026-09-09T02:10:07.238652,7.09,7.09,51,29.4,0
2026-09-09T02:10:20.459893,7.09,7.09,51,29.4,0
2026-09-09T02:10:34.486463,7.09,7.09,51,29.4,0
2026-09-09T02:10:52.284940,7.09,7.09,51,29.4,0
2026-09-09T02:11:06.121244,7.09,7.09,51,29.4,0
2026-09-09T02:11:19.534747,7.09,7.09,51,29.4,0
2026-09-09T02:11:34.486739,7.09,7.09,51,29.4,0
2026-09-09T02:11:48.403444,7.09,7.09,51,29.4,0
2026-09-09T02:12:05.329836,7.09,7.09,51,29.4,0
2026-09-09T02:12:19.610831,7.09,7.09,51,29.4,0
2026-09-09T02:12:33.386785,7.09,7.09,51,29.4,0
2026-09-09T02:12:49.025834,7.09,7.09,51,29.4,0
2026-09-09T02:13:02.953452,7.09,7.09,51,29.4,0
2026-09-09T02:13:32.005086,7.09,7.09,51,29.4,0
2026-09-09T02:13:45.196099,7.09,7.09,51,29.4,0
2026-09-09T02:13:58.419722,7.09,7.09,51,29.4,0
2026-09-09T02:14:14.838665,7.09,7.09,51,29.4,0
2026-09-09T02:14:28.212891,7.09,7.09,51,29.4,0
2026-09-09T02:14:46.404391,7.09,7.09,51,29.4,0
2026-09-09T02:14:59.743152,7.09,7.09,51,29.4,0
2026-09-09T02:15:13.035661,7.09,7.09,51,29.4,0
2026-09-09T02:15:29.006373,7.09,7.09,51,29.4,0
2026-09-09T02:15:42.695293,7.09,7.09,51,29.4,0
2026-09-09T02:16:00.347263,7.09,7.09,51,29.4,0
2026-09-09T02:16:13.525957,7.09,7.09,51,29.4,0
2026-09-09T02:16:27.077083,7.09,7.09,51,29.4,0
2026-09-09T02:16:42.921451,7.09,7.09,51,29.4,0
2026-09-09T02:16:56.437570,7.09,7.09,51,29.4,0
2026-09-09T02:17:14.269475,7.09,7.09,51,29.4,0
2026-09-09T02:17:27.328784,7.09,7.09,51,29.4,0
2026-09-09T02:17:40.485425,7.09,7.09,51,29.4,0
2026-09-09T02:17:56.449420,7.09,7.09,51,29.4,0
2026-09-09T02:18:09.780554,7.09,7.09,51,29.4,0
2026-09-09T02:18:26.872347,7.09,7.09,51,29.4,0
2026-09-09T02:18:40.496472,7.09,7.09,51,29.4,0
2026-09-09T02:18:53.946244,7.09,7.09,51,29.4,0
2026-09-09T02:19:09.156456,7.09,7.09,51,29.4,0
2026-09-09T02:19:22.173092,7.09,7.09,51,29.4,0
2026-09-09T02:19:39.462276,7.09,7.09,51,29.4,0
2026-09-09T02:19:52.911509,7.09,7.09,51,29.4,0
2026-09-09T02:20:06.193034,7.09,7.09,51,29.4,0
2026-09-09T02:20:21.667718,7.09,7.09,51,29.4,0
2026-09-09T02:20:34.769963,7.09,7.09,51,29.4,0
2026-09-09T02:20:52.558669,7.09,7.09,51,29.4,0
2026-09-09T02:21:05.755692,7.09,7.09,51,29.4,0
2026-09-09T02:21:19.222172,7.09,7.09,51,29.4,0
2026-09-09T02:21:34.560368,7.09,7.09,51,29.4,0
2026-09-09T02:21:48.075468,7.09,7.09,51,29.4,0
2026-09-09T02:22:05.062209,7.09,7.09,51,29.4,0
2026-09-09T02:22:18.314771,7.09,7.09,51,29.4,0
2026-09-09T02:22:32.152101,7.09,7.09,51,29.4,0
2026-09-09T02:22:47.907682,7.09,7.09,51,29.4,0
2026-09-09T02:23:01.191373,7.09,7.09,51,29.4,0
2026-09-09T02:23:18.622194,7.09,7.09,51,29.4,0
2026-09-09T02:23:32.030486,7.09,7.09,51,29.4,0
2026-09-09T02:23:45.639982,7.09,7.09,51,29.4,0
2026-09-09T02:24:00.697460,7.09,7.09,51,29.4,0
2026-09-09T02:24:13.901095,7.09,7.09,51,29.4,0
2026-09-09T02:24:32.543664,7.09,7.09,51,29.4,0
2026-09-09T02:24:45.688930,7.09,7.09,51,29.4,0
2026-09-09T02:24:59.053731,7.09,7.09,51,29.4,0
2026-09-09T02:25:14.221915,7.09,7.09,51,29.4,0
2026-09-09T02:25:27.638374,7.09,7.09,51,29.4,0
2026-09-09T02:25:45.056604,7.09,7.09,51,29.4,0
2026-09-09T02:25:58.259942,7.09,7.09,51,29.4,0
2026-09-09T02:26:11.448940,7.09,7.09,51,29.4,0
2026-09-09T02:26:26.942810,7.09,7.09,51,29.4,0
2026-09-09T02:26:40.032521,7.09,7.09,51,29.4,0
2026-09-09T02:26:58.165175,7.09,7.09,51,29.4,0
2026-09-09T02:27:11.481816,7.09,7.09,51,29.4,0
2026-09-09T02:27:25.285217,7.09,7.09,51,29.4,0
2026-09-09T02:27:40.831180,7.09,7.09,51,29.4,0
2026-09-09T02:27:54.103696,7.09,7.09,51,29.4,0
2026-09-09T02:28:20.884990,7.09,7.09,51,29.4,0
2026-09-09T02:28:34.217054,7.09,7.09,51,29.4,0
2026-09-09T02:28:48.534890,7.09,7.09,51,29.4,0
2026-09-09T02:29:04.443185,7.09,7.09,51,29.4,0
2026-09-09T02:29:17.882125,7.09,7.09,51,29.4,0
2026-09-09T02:29:35.725413,7.09,7.09,51,29.4,0
2026-09-09T02:29:48.920329,7.09,7.09,51,29.4,0
2026-09-09T02:30:02.743297,7.09,7.09,51,29.4,0
2026-09-09T02:30:17.305453,7.09,7.09,51,29.4,0
2026-09-09T02:30:30.339299,7.09,7.09,51,29.4,0
2026-09-09T02:30:47.615949,7.09,7.09,51,29.4,0
2026-09-09T02:31:00.672975,7.09,7.09,51,29.4,0
2026-09-09T02:31:14.608976,7.09,7.09,51,29.4,0
2026-09-09T02:31:29.236302,7.09,7.09,51,29.4,0
2026-09-09T02:31:42.468515,7.09,7.09,51,29.4,0
2026-09-09T02:31:59.679746,7.09,7.09,51,29.4,0
2026-09-09T02:32:13.287346,7.09,7.09,51,29.4,0
2026-09-09T02:32:27.437209,7.09,7.09,51,29.4,0
2026-09-09T02:32:41.868726,7.09,7.09,51,29.4,0
2026-09-09T02:32:55.197496,7.09,7.09,51,29.4,0
2026-09-09T02:33:12.496782,7.09,7.09,51,29.4,0
2026-09-09T02:33:25.717699,7.09,7.09,51,29.4,0
2026-09-09T02:33:39.592161,7.09,7.09,51,29.4,0
2026-09-09T02:33:54.130530,7.09,7.09,51,29.4,0
2026-09-09T02:34:07.782723,7.09,7.09,51,29.4,0
2026-09-09T02:34:25.206369,7.09,7.09,51,29.4,0
2026-09-09T02:34:38.705902,7.09,7.09,51,29.4,0
2026-09-09T02:34:52.416771,7.09,7.09,51,29.4,0
2026-09-09T02:35:07.374671,7.09,7.09,51,29.4,0
2026-09-09T02:35:20.657373,7.09,7.09,51,29.4,0
2026-09-09T02:35:38.284955,7.09,7.09,51,29.4,0
2026-09-09T02:35:51.416592,7.09,7.09,51,29.4,0
2026-09-09T02:36:05.130127,7.09,7.09,51,29.4,0
2026-09-09T02:36:20.904092,7.09,7.09,51,29.4,0
2026-09-09T02:36:34.002488,7.09,7.09,51,29.4,0
2026-09-09T02:36:52.220507,7.09,7.09,51,29.4,0
2026-09-09T02:37:05.356535,7.09,7.09,51,29.4,0
2026-09-09T02:37:19.042248,7.09,7.09,51,29.4,0
2026-09-09T02:37:34.814888,7.09,7.09,51,29.4,0
2026-09-09T02:37:47.972117,7.09,7.09,51,29.4,0
2026-09-09T02:38:06.566078,7.09,7.09,51,29.4,0
2026-09-09T02:38:20.847798,7.09,7.09,51,29.4,0
2026-09-09T02:38:35.358922,7.09,7.09,51,29.4,0
2026-09-09T02:38:48.872997,7.09,7.09,51,29.4,0
2026-09-09T02:39:01.971805,7.09,7.09,51,29.4,0
2026-09-09T02:39:19.066971,7.09,7.09,51,29.4,0
2026-09-09T02:39:32.901554,7.09,7.09,51,29.4,0
2026-09-09T02:39:46.302333,7.09,7.09,51,29.4,0
2026-09-09T02:40:01.376311,7.09,7.09,51,29.4,0
2026-09-09T02:40:14.643127,7.09,7.09,51,29.4,0
2026-09-09T02:40:31.865327,7.09,7.09,51,29.4,0
2026-09-09T02:40:45.607673,7.09,7.09,51,29.4,0
2026-09-09T02:40:58.786346,7.09,7.09,51,29.4,0
2026-09-09T02:41:13.234392,7.09,7.09,51,29.4,0
2026-09-09T02:41:26.575683,7.09,7.09,51,29.4,0
2026-09-09T02:41:44.490193,7.09,7.09,51,29.4,0
2026-09-09T02:41:58.205425,7.09,7.09,51,29.4,0
2026-09-09T02:42:11.501245,7.09,7.09,51,29.4,0
2026-09-09T02:42:25.857398,7.09,7.09,51,29.4,0
2026-09-09T02:42:38.982566,7.09,7.09,51,29.4,0
2026-09-09T02:43:06.955917,7.09,7.09,51,29.4,0
2026-09-09T02:43:20.200195,7.09,7.09,51,29.4,0
2026-09-09T02:43:33.296163,7.09,7.09,51,29.4,0
2026-09-09T02:43:48.589539,7.09,7.09,51,29.4,0
2026-09-09T02:44:01.813694,7.09,7.09,51,29.4,0
2026-09-09T02:44:18.621549,7.09,7.09,51,29.4,0
2026-09-09T02:44:32.146545,7.09,7.09,51,29.4,0
2026-09-09T02:44:45.325731,7.09,7.09,51,29.4,0
2026-09-09T02:45:01.007654,7.09,7.09,51,29.4,0
2026-09-09T02:45:14.593432,7.09,7.09,51,29.4,0
2026-09-09T02:45:32.476602,7.09,7.09,51,29.4,0
2026-09-09T02:45:45.956431,7.09,7.09,51,29.4,0
2026-09-09T02:45:59.347862,7.09,7.09,51,29.4,0
2026-09-09T02:46:13.837389,7.09,7.09,51,29.4,0
2026-09-09T02:46:26.912247,7.09,7.09,51,29.4,0
2026-09-09T02:46:44.276841,7.09,7.09,51,29.4,0
2026-09-09T02:47:01.006698,7.09,7.09,51,29.4,0
2026-09-09T02:47:15.293967,7.09,7.09,51,29.4,0
2026-09-09T02:47:28.561130,7.09,7.09,51,29.4,0
2026-09-09T02:47:45.868890,7.09,7.09,51,29.4,0
2026-09-09T02:47:59.050649,7.09,7.09,51,29.4,0
2026-09-09T02:48:12.225488,7.09,7.09,51,29.4,0
2026-09-09T02:48:26.814796,7.09,7.09,51,29.4,0
2026-09-09T02:48:40.139581,7.09,7.09,51,29.4,0
2026-09-09T02:48:57.114257,7.09,7.09,51,29.4,0
2026-09-09T02:49:10.408872,7.09,7.09,51,29.4,0
2026-09-09T02:49:23.530377,7.09,7.09,51,29.4,0
2026-09-09T02:49:37.974194,7.09,7.09,51,29.4,0
2026-09-09T02:49:51.207220,7.09,7.09,51,29.4,0
2026-09-09T02:50:08.915112,7.09,7.09,51,29.4,0
2026-09-09T02:50:21.900083,7.09,7.09,51,29.4,0
2026-09-09T02:50:35.039753,7.09,7.09,51,29.4,0
2026-09-09T02:50:49.575142,7.09,7.09,51,29.4,0
2026-09-09T02:51:02.814515,7.09,7.09,51,29.4,0
2026-09-09T02:51:20.384258,7.09,7.09,51,29.4,0
2026-09-09T02:51:33.625998,7.09,7.09,51,29.4,0
2026-09-09T02:51:46.805323,7.09,7.09,51,29.4,0
2026-09-09T02:52:02.378586,7.09,7.09,51,29.4,0
2026-09-09T02:52:16.095726,7.09,7.09,51,29.4,0
2026-09-09T02:52:34.408910,7.09,7.09,51,29.4,0
2026-09-09T02:52:47.684641,7.09,7.09,51,29.4,0
2026-09-09T02:53:00.914907,7.09,7.09,51,29.4,0
2026-09-09T02:53:17.120815,7.09,7.09,51,29.4,0
2026-09-09T02:53:30.672476,7.09,7.09,51,29.4,0
2026-09-09T02:53:48.481398,7.09,7.09,51,29.4,0
2026-09-09T02:54:01.664373,7.09,7.09,51,29.4,0
2026-09-09T02:54:14.860521,7.09,7.09,51,29.4,0
2026-09-09T02:54:29.443167,7.09,7.09,51,29.4,0
2026-09-09T02:54:42.815116,7.09,7.09,51,29.4,0
2026-09-09T02:55:01.160559,7.09,7.09,51,29.4,0
2026-09-09T02:55:14.579975,7.09,7.09,51,29.4,0
2026-09-09T02:55:27.800116,7.09,7.09,51,29.4,0
2026-09-09T02:55:43.371267,7.09,7.09,51,29.4,0
2026-09-09T02:55:56.955830,7.09,7.09,51,29.4,0
2026-09-09T02:56:15.622441,7.09,7.09,51,29.4,0
2026-09-09T02:56:29.312857,7.09,7.09,51,29.4,0
2026-09-09T02:56:42.850533,7.09,7.09,51,29.4,0
2026-09-09T02:56:58.252915,7.09,7.09,51,29.4,0
2026-09-09T02:57:11.530491,7.09,7.09,51,29.4,0
2026-09-09T02:57:29.463656,7.09,7.09,51,29.4,0
2026-09-09T02:57:51.239434,7.09,7.09,51,29.4,0
2026-09-09T02:58:05.936167,7.09,7.09,51,29.4,0
2026-09-09T02:58:19.240959,7.09,7.09,51,29.4,0
2026-09-09T02:58:36.222644,7.09,7.09,51,29.4,0
2026-09-09T02:58:49.528072,7.09,7.09,51,29.4,0
2026-09-09T02:59:02.973750,7.09,7.09,51,29.4,0
2026-09-09T02:59:17.684576,7.09,7.09,51,29.4,0
2026-09-09T02:59:30.983310,7.09,7.09,51,29.4,0
2026-09-09T02:59:48.503288,7.09,7.09,51,29.4,0
2026-09-09T03:00:02.153128,7.09,7.09,51,29.4,0
2026-09-09T03:00:15.736837,7.09,7.09,51,29.4,0
2026-09-09T03:00:31.506508,7.09,7.09,51,29.4,0
2026-09-09T03:00:44.737485,7.09,7.09,51,29.4,0
2026-09-09T03:01:03.466853,7.09,7.09,51,29.4,0
2026-09-09T03:01:17.009262,7.09,7.09,51,29.4,0
2026-09-09T03:01:30.316451,7.09,7.09,51,29.4,0
2026-09-09T03:01:45.557629,7.09,7.09,51,29.4,0
2026-09-09T03:01:59.181507,7.09,7.09,51,29.4,0
2026-09-09T03:02:16.494370,7.09,7.09,51,29.4,0
2026-09-09T03:02:29.907955,7.09,7.09,51,29.4,0
2026-09-09T03:02:43.641981,7.09,7.09,51,29.4,0
2026-09-09T03:02:58.987722,7.09,7.09,51,29.4,0
2026-09-09T03:03:12.686440,7.09,7.09,51,29.4,0
2026-09-09T03:03:31.129436,7.09,7.09,51,29.4,0
2026-09-09T03:03:44.530692,7.09,7.09,51,29.4,0
2026-09-09T03:03:57.915959,7.09,7.09,51,29.4,0
2026-09-09T03:04:13.755857,7.09,7.09,51,29.4,0
2026-09-09T03:04:27.106937,7.09,7.09,51,29.4,0
2026-09-09T03:04:46.263455,7.09,7.09,51,29.4,0
2026-09-09T03:04:59.924519,7.09,7.09,51,29.4,0
2026-09-09T03:05:13.280457,7.09,7.09,51,29.4,0
2026-09-09T03:05:28.797600,7.09,7.09,51,29.4,0
2026-09-09T03:05:42.099467,7.09,7.09,51,29.4,0
2026-09-09T03:06:00.914214,7.09,7.09,51,29.4,0
2026-09-09T03:06:14.580692,7.09,7.09,51,29.4,0
2026-09-09T03:06:27.826803,7.09,7.09,51,29.4,0
2026-09-09T03:06:43.847608,7.09,7.09,51,29.4,0
2026-09-09T03:07:00.598686,7.09,7.09,51,29.4,0
2026-09-09T03:07:15.893832,7.09,7.09,51,29.4,0
2026-09-09T03:07:29.149777,7.09,7.09,51,29.4,0
2026-09-09T03:07:42.328172,7.09,7.09,51,29.4,0
2026-09-09T03:07:57.564957,7.09,7.09,51,29.4,0
2026-09-09T03:08:13.237226,7.09,7.09,51,29.4,0
2026-09-09T03:08:28.695334,7.09,7.09,51,29.4,0
2026-09-09T03:08:41.789451,7.09,7.09,51,29.4,0
2026-09-09T03:08:54.740254,7.09,7.09,51,29.4,0
2026-09-09T03:09:10.062364,7.09,7.09,51,29.4,0
2026-09-09T03:09:25.846693,7.09,7.09,51,29.4,0
2026-09-09T03:09:41.386822,7.09,7.09,51,29.4,0
2026-09-09T03:09:54.525182,7.09,7.09,51,29.4,0
2026-09-09T03:10:08.229494,7.09,7.09,51,29.4,0
2026-09-09T03:10:23.172689,7.09,7.09,51,29.4,0
2026-09-09T03:10:40.185895,7.09,7.09,51,29.4,0
2026-09-09T03:10:55.377644,7.09,7.09,51,29.4,0
2026-09-09T03:11:08.786284,7.09,7.09,51,29.4,0
2026-09-09T03:11:22.545028,7.09,7.09,51,29.4,0
2026-09-09T03:11:38.633641,7.09,7.09,51,29.4,0
2026-09-09T03:11:55.416412,7.09,7.09,51,29.4,0
2026-09-09T03:12:10.369410,7.09,7.09,51,29.4,0
2026-09-09T03:12:26.079653,7.09,7.09,51,29.4,0
2026-09-09T03:12:52.971761,7.09,7.09,51,29.4,0
2026-09-09T03:13:12.206439,7.09,7.09,51,29.4,0
2026-09-09T03:13:29.340066,7.09,7.09,51,29.4,0
2026-09-09T03:13:43.350523,7.09,7.09,51,29.4,0
2026-09-09T03:13:57.963329,7.09,7.09,51,29.4,0
2026-09-09T03:14:20.186249,7.09,7.09,51,29.4,0
2026-09-09T03:14:34.496701,7.09,7.09,51,29.4,0
2026-09-09T03:14:48.743682,7.09,7.09,51,29.4,0
2026-09-09T03:15:05.028581,7.09,7.09,51,29.4,0
2026-09-09T03:15:24.580351,7.09,7.09,51,29.4,0
2026-09-09T03:15:44.081536,7.09,7.09,51,29.4,0
2026-09-09T03:15:58.038594,7.09,7.09,51,29.4,0
2026-09-09T03:16:15.054254,7.09,7.09,51,29.4,0
2026-09-09T03:16:35.324984,7.09,7.09,51,29.4,0
2026-09-09T03:16:53.095663,7.09,7.09,51,29.4,0
2026-09-09T03:17:07.447257,7.09,7.09,51,29.4,0
2026-09-09T03:17:23.784533,7.09,7.09,51,29.4,0
2026-09-09T03:17:41.702821,7.09,7.09,51,29.4,0
2026-09-09T03:18:00.186626,7.09,7.09,51,29.4,0
2026-09-09T03:18:13.775308,7.09,7.09,51,29.4,0
2026-09-09T03:18:30.230267,7.09,7.09,51,29.4,0
2026-09-09T03:18:49.778847,7.09,7.09,51,29.4,0
2026-09-09T03:19:06.489839,7.09,7.09,51,29.4,0
2026-09-09T03:19:21.001725,7.09,7.09,51,29.4,0
2026-09-09T03:19:37.542065,7.09,7.09,51,29.4,0
2026-09-09T03:19:56.758550,7.09,7.09,51,29.4,0
2026-09-09T03:20:13.762833,7.09,7.09,51,29.4,0
2026-09-09T03:20:29.004988,7.09,7.09,51,29.4,0
2026-09-09T03:20:46.241947,7.09,7.09,51,29.4,0
2026-09-09T03:21:03.733098,7.09,7.09,51,29.4,0
2026-09-09T03:21:19.399993,7.09,7.09,51,29.4,0
2026-09-09T03:21:33.319374,7.09,7.09,51,29.4,0
2026-09-09T03:21:46.727610,7.09,7.09,51,29.4,0
2026-09-09T03:22:03.867745,7.09,7.09,51,29.4,0
2026-09-09T03:22:21.045831,7.09,7.09,51,29.4,0
2026-09-09T03:22:37.813752,7.09,7.09,51,29.4,0
2026-09-09T03:22:54.217537,7.09,7.09,51,29.4,0
2026-09-09T03:23:09.771244,7.09,7.09,51,29.4,0
2026-09-09T03:23:28.665975,7.09,7.09,51,29.4,0
2026-09-09T03:23:44.677545,7.09,7.09,51,29.4,0
2026-09-09T03:23:58.874594,7.09,7.09,51,29.4,0
2026-09-09T03:24:16.340405,7.09,7.09,51,29.4,0
2026-09-09T03:24:32.380428,7.09,7.09,51,29.4,0
2026-09-09T03:24:47.123446,7.09,7.09,51,29.4,0
2026-09-09T03:25:00.618387,7.09,7.09,51,29.4,0
2026-09-09T03:25:13.962052,7.09,7.09,51,29.4,0
2026-09-09T03:25:29.047466,7.09,7.09,51,29.4,0
2026-09-09T03:25:44.907230,7.09,7.09,51,29.4,0
2026-09-09T03:25:59.455192,7.09,7.09,51,29.4,0
2026-09-09T03:26:12.550243,7.09,7.09,51,29.4,0
2026-09-09T03:26:25.844560,7.09,7.09,51,29.4,0
2026-09-09T03:26:41.514750,7.09,7.09,51,29.4,0
2026-09-09T03:26:57.418964,7.09,7.09,51,29.4,0
2026-09-09T03:27:11.938744,7.09,7.09,51,29.4,0
2026-09-09T03:27:25.472757,7.09,7.09,51,29.4,0
2026-09-09T03:27:38.591763,7.09,7.09,51,29.4,0
2026-09-09T03:27:54.357848,7.09,7.09,51,29.4,0
2026-09-09T03:28:09.921890,7.09,7.09,51,29.4,0
2026-09-09T03:28:25.211228,7.09,7.09,51,29.4,0
2026-09-09T03:28:38.381624,7.09,7.09,51,29.4,0
2026-09-09T03:29:05.726480,7.09,7.09,51,29.4,0
2026-09-09T03:29:21.441583,7.09,7.09,51,29.4,0
2026-09-09T03:29:36.828445,7.09,7.09,51,29.4,0
2026-09-09T03:29:49.969445,7.09,7.09,51,29.4,0
2026-09-09T03:30:03.393522,7.09,7.09,51,29.4,0
2026-09-09T03:30:19.279529,7.09,7.09,51,29.4,0
2026-09-09T03:30:34.900203,7.09,7.09,51,29.4,0
2026-09-09T03:30:49.225563,7.09,7.09,51,29.4,0
2026-09-09T03:31:02.380692,7.09,7.09,51,29.4,0
2026-09-09T03:31:15.463059,7.09,7.09,51,29.4,0
2026-09-09T03:31:31.742585,7.09,7.09,51,29.4,0
2026-09-09T03:31:47.913128,7.09,7.09,51,29.4,0
2026-09-09T03:32:02.569040,7.09,7.09,51,29.4,0
2026-09-09T03:32:15.993518,7.09,7.09,51,29.4,0
2026-09-09T03:32:29.072941,7.09,7.09,51,29.4,0
2026-09-09T03:32:44.228470,7.09,7.09,51,29.4,0
2026-09-09T03:33:00.025880,7.09,7.09,51,29.4,0
2026-09-09T03:33:14.556618,7.09,7.09,51,29.4,0
2026-09-09T03:33:27.681797,7.09,7.09,51,29.4,0
2026-09-09T03:33:41.099334,7.09,7.09,51,29.4,0
2026-09-09T03:33:56.018530,7.09,7.09,51,29.4,0
2026-09-09T03:34:11.571456,7.09,7.09,51,29.4,0
2026-09-09T03:34:26.993536,7.09,7.09,51,29.4,0
2026-09-09T03:34:40.581943,7.09,7.09,51,29.4,0
2026-09-09T03:34:54.069856,7.09,7.09,51,29.4,0
2026-09-09T03:35:10.096889,7.09,7.09,51,29.4,0
2026-09-09T03:35:26.138194,7.09,7.09,51,29.4,0
2026-09-09T03:35:40.845935,7.09,7.09,51,29.4,0
2026-09-09T03:35:53.974201,7.09,7.09,51,29.4,0
2026-09-09T03:36:07.107767,7.09,7.09,51,29.4,0
2026-09-09T03:36:22.173404,7.09,7.09,51,29.4,0
2026-09-09T03:36:37.675786,7.09,7.09,51,29.4,0
2026-09-09T03:36:52.346297,7.09,7.09,51,29.4,0
2026-09-09T03:37:05.690499,7.09,7.09,51,29.4,0
2026-09-09T03:37:19.480594,7.09,7.09,51,29.4,0
2026-09-09T03:37:36.058216,7.09,7.09,51,29.4,0
2026-09-09T03:37:52.226993,7.09,7.09,51,29.4,0
2026-09-09T03:38:07.624409,7.09,7.09,51,29.4,0
2026-09-09T03:38:21.054172,7.09,7.09,51,29.4,0
2026-09-09T03:38:37.558595,7.09,7.09,51,29.4,0
2026-09-09T03:38:50.716964,7.09,7.09,51,29.4,0
2026-09-09T03:39:08.433124,7.09,7.09,51,29.4,0
2026-09-09T03:39:21.844937,7.09,7.09,51,29.4,0
2026-09-09T03:39:35.407694,7.09,7.09,51,29.4,0
2026-09-09T03:39:51.859115,7.09,7.09,51,29.4,0
2026-09-09T03:40:04.991061,7.09,7.09,51,29.4,0
2026-09-09T03:40:22.252770,7.09,7.09,51,29.4,0
2026-09-09T03:40:35.452865,7.09,7.09,51,29.4,0
2026-09-09T03:40:48.722105,7.09,7.09,51,29.4,0
2026-09-09T03:41:04.059627,7.09,7.09,51,29.4,0
2026-09-09T03:41:17.568442,7.09,7.09,51,29.4,0
2026-09-09T03:41:35.490219,7.09,7.09,51,29.4,0
2026-09-09T03:41:48.848711,7.09,7.09,51,29.4,0
2026-09-09T03:42:02.048592,7.09,7.09,51,29.4,0
2026-09-09T03:42:17.049501,7.09,7.09,51,29.4,0
2026-09-09T03:42:30.419198,7.09,7.09,51,29.4,0
2026-09-09T03:42:48.303076,7.09,7.09,51,29.4,0
2026-09-09T03:43:01.433521,7.09,7.09,51,29.4,0
2026-09-09T03:43:14.526537,7.09,7.09,51,29.4,0
2026-09-09T03:43:30.821955,7.09,7.09,51,29.4,0
2026-09-09T03:43:57.438292,7.09,7.09,51,29.4,0
2026-09-09T03:44:11.826642,7.09,7.09,51,29.4,0
2026-09-09T03:44:25.029592,7.09,7.09,51,29.4,0
2026-09-09T03:44:39.194506,7.09,7.09,51,29.4,0
2026-09-09T03:44:54.117557,7.09,7.09,51,29.4,0
2026-09-09T03:45:10.112155,7.09,7.09,51,29.4,0
2026-09-09T03:45:24.828260,7.09,7.09,51,29.4,0
2026-09-09T03:45:37.961305,7.09,7.09,51,29.4,0
2026-09-09T03:45:51.593727,7.09,7.09,51,29.4,0
2026-09-09T03:46:06.458478,7.09,7.09,51,29.4,0
2026-09-09T03:46:22.990522,7.09,7.09,51,29.4,0
2026-09-09T03:46:37.785234,7.09,7.09,51,29.4,0
2026-09-09T03:46:51.165945,7.09,7.09,51,29.4,0
2026-09-09T03:47:05.242994,7.09,7.09,51,29.4,0
2026-09-09T03:47:19.748586,7.09,7.09,51,29.4,0
2026-09-09T03:47:35.806836,7.09,7.09,51,29.4,0
2026-09-09T03:47:50.868914,7.09,7.09,51,29.4,0
2026-09-09T03:48:04.865795,7.09,7.09,51,29.4,0
2026-09-09T03:48:18.840653,7.09,7.09,51,29.4,0
2026-09-09T03:48:33.892166,7.09,7.09,51,29.4,0
2026-09-09T03:48:50.214427,7.09,7.09,51,29.4,0
2026-09-09T03:49:05.333283,7.09,7.09,51,29.4,0
2026-09-09T03:49:18.793809,7.09,7.09,51,29.4,0
2026-09-09T03:49:32.700395,7.09,7.09,51,29.4,0
2026-09-09T03:49:47.408420,7.09,7.09,51,29.4,0
2026-09-09T03:50:03.516352,7.09,7.09,51,29.4,0
2026-09-09T03:50:18.958972,7.09,7.09,51,29.4,0
2026-09-09T03:50:32.191023,7.09,7.09,51,29.4,0
2026-09-09T03:50:46.026204,7.09,7.09,51,29.4,0
2026-09-09T03:51:01.595244,7.09,7.09,51,29.4,0
2026-09-09T03:51:17.825212,7.09,7.09,51,29.4,0
2026-09-09T03:51:32.714905,7.09,7.09,51,29.4,0
2026-09-09T03:51:46.039261,7.09,7.09,51,29.4,0
2026-09-09T03:51:59.721136,7.09,7.09,51,29.4,0
2026-09-09T03:52:14.470515,7.09,7.09,51,29.4,0
2026-09-09T03:52:30.584566,7.09,7.09,51,29.4,0
2026-09-09T03:52:44.988933,7.09,7.09,51,29.4,0
2026-09-09T03:52:58.105394,7.09,7.09,51,29.4,0
2026-09-09T03:53:12.132774,7.09,7.09,51,29.4,0
2026-09-09T03:53:26.877521,7.09,7.09,51,29.4,0
2026-09-09T03:53:42.425077,7.09,7.09,51,29.4,0
2026-09-09T03:53:56.955566,7.09,7.09,51,29.4,0
2026-09-09T03:54:10.688813,7.09,7.09,51,29.4,0
2026-09-09T03:54:25.053879,7.09,7.09,51,29.4,0
2026-09-09T03:54:39.669159,7.09,7.09,51,29.4,0
2026-09-09T03:54:55.312574,7.09,7.09,51,29.4,0
2026-09-09T03:55:10.106832,7.09,7.09,51,29.4,0
2026-09-09T03:55:23.742059,7.09,7.09,51,29.4,0
2026-09-09T03:55:37.432406,7.09,7.09,51,29.4,0
2026-09-09T03:55:52.772591,7.09,7.09,51,29.4,0
2026-09-09T03:56:08.479542,7.09,7.09,51,29.4,0
2026-09-09T03:56:23.236177,7.09,7.09,51,29.4,0
2026-09-09T03:56:36.322471,7.09,7.09,51,29.4,0
2026-09-09T03:56:50.350876,7.09,7.09,51,29.4,0
2026-09-09T03:57:04.866113,7.09,7.09,51,29.4,0
2026-09-09T03:57:20.835573,7.09,7.09,51,29.4,0
2026-09-09T03:57:36.201712,7.09,7.09,51,29.4,0
2026-09-09T03:57:49.217999,7.09,7.09,51,29.4,0
2026-09-09T03:58:02.835001,7.09,7.09,51,29.4,0
2026-09-09T03:58:17.527623,7.09,7.09,51,29.4,0
2026-09-09T03:58:45.509940,7.09,7.09,51,29.4,0
2026-09-09T03:59:00.354136,7.09,7.07,51,29.4,0
2026-09-09T03:59:13.964663,7.09,7.07,51,29.4,0
2026-09-09T03:59:26.944309,7.09,7.09,51,29.4,0
2026-09-09T03:59:43.823917,7.09,7.07,51,29.4,0
2026-09-09T03:59:57.103632,7.09,7.11,51,29.4,0
2026-09-09T04:00:10.538882,7.09,7.12,51,29.4,0
2026-09-09T04:00:25.739175,7.09,7.07,51,29.4,0
2026-09-09T04:00:38.905780,7.09,7.04,51,29.4,0
2026-09-09T04:00:55.755196,7.09,7.05,51,29.4,0
2026-09-09T04:01:09.159431,7.09,7.06,51,29.4,0
2026-09-09T04:01:22.897323,7.09,7.06,51,29.4,0
2026-09-09T04:01:37.930251,7.09,7.08,51,29.4,0
2026-09-09T04:01:51.034525,7.09,7.06,51,29.4,0
2026-09-09T04:02:07.791902,7.09,7.06,51,29.4,0
2026-09-09T04:02:21.096367,7.09,7.02,51,29.4,0
2026-09-09T04:02:34.393654,7.09,6.99,51,29.4,0
2026-09-09T04:02:49.592208,7.09,7.00,51,29.4,0
2026-09-09T04:03:03.265842,7.09,7.01,51,29.4,0
2026-09-09T04:03:20.858393,7.09,6.98,51,29.4,0
2026-09-09T04:03:33.855479,7.09,6.99,51,29.4,0
2026-09-09T04:03:46.914525,7.09,6.99,51,29.4,0
2026-09-09T04:04:01.827221,7.09,7.00,51,29.4,0
2026-09-09T04:04:14.848367,7.09,7.01,51,29.4,0
2026-09-09T04:04:31.685810,7.09,7.00,51,29.4,0
2026-09-09T04:04:52.669722,6.90,6.90,52,28.8,0
2026-09-09T04:05:07.960631,6.90,6.90,52,28.8,0
2026-09-09T04:05:21.326610,6.90,6.90,52,28.8,0
2026-09-09T04:05:38.438453,6.90,6.90,52,28.8,0
2026-09-09T04:05:51.665094,6.90,6.90,52,28.8,0
2026-09-09T04:06:04.990044,6.90,6.90,52,28.8,0
2026-09-09T04:06:20.019226,6.90,6.90,52,28.8,0
2026-09-09T04:06:33.613722,6.90,6.90,52,28.8,0
2026-09-09T04:06:50.387669,6.90,6.90,52,28.8,0
2026-09-09T04:07:03.531302,6.90,6.90,52,28.8,0
2026-09-09T04:07:17.054214,6.90,6.90,52,28.8,0
2026-09-09T04:07:31.963559,6.90,6.90,52,28.8,0
2026-09-09T04:07:45.303473,6.90,6.90,52,28.8,0
2026-09-09T04:08:03.342902,6.90,6.90,52,28.8,0
2026-09-09T04:08:16.421660,6.90,6.90,52,28.8,0
2026-09-09T04:08:29.610303,6.90,6.90,52,28.8,0
2026-09-09T04:08:44.835044,6.90,6.90,52,28.8,0
2026-09-09T04:08:57.897881,6.90,6.90,52,28.8,0
2026-09-09T04:09:15.245584,6.90,6.90,52,28.8,0
2026-09-09T04:09:28.434546,6.90,6.90,52,28.8,0
2026-09-09T04:09:41.616982,6.90,6.90,52,28.8,0
2026-09-09T04:09:57.809877,6.90,6.90,52,28.8,0
2026-09-09T04:10:10.845022,6.90,6.90,52,28.8,0
2026-09-09T04:10:28.422168,6.90,6.90,52,28.8,0
2026-09-09T04:10:41.569554,6.90,6.90,52,28.8,0
2026-09-09T04:10:54.653821,6.90,6.90,52,28.8,0
2026-09-09T04:11:09.682966,6.90,6.90,52,28.8,0
2026-09-09T04:11:22.805671,6.90,6.90,52,28.8,0
2026-09-09T04:11:40.001232,6.90,6.90,52,28.8,0
2026-09-09T04:11:53.232261,6.90,6.90,52,28.8,0
2026-09-09T04:12:06.348874,6.90,6.90,52,28.8,0
2026-09-09T04:12:21.691790,6.90,6.90,52,28.8,0
2026-09-09T04:12:35.254799,6.90,6.90,52,28.8,0
2026-09-09T04:12:52.912434,6.90,6.90,52,28.8,0
2026-09-09T04:13:06.442348,6.90,6.90,52,28.8,0
2026-09-09T04:13:29.187921,6.90,6.90,52,28.8,0
2026-09-09T04:13:42.803572,6.90,6.90,52,28.8,0
2026-09-09T04:13:59.805794,6.90,6.90,52,28.8,0
2026-09-09T04:14:12.914770,6.90,6.90,52,28.8,0
2026-09-09T04:14:26.323514,6.90,6.90,52,28.8,0
2026-09-09T04:14:42.669375,6.90,6.90,52,28.8,0
2026-09-09T04:14:56.033382,6.90,6.90,52,28.8,0
2026-09-09T04:15:13.836899,6.90,6.90,52,28.8,0
2026-09-09T04:15:27.341741,6.90,6.90,52,28.8,0
2026-09-09T04:15:40.676298,6.90,6.90,52,28.8,0
2026-09-09T04:15:56.222615,6.90,6.90,52,28.8,0
2026-09-09T04:16:13.367983,6.90,6.90,52,28.8,0
2026-09-09T04:16:30.510834,6.90,6.98,52,28.8,0
2026-09-09T04:16:43.508972,6.90,6.86,52,28.8,0
2026-09-09T04:16:57.536760,6.90,6.86,52,28.8,0
2026-09-09T04:17:11.922521,6.90,6.91,52,28.8,0
2026-09-09T04:17:25.268179,6.90,6.91,52,28.8,0
2026-09-09T04:17:42.240077,6.90,6.93,52,28.8,0
2026-09-09T04:17:55.381924,6.90,6.96,52,28.8,0
2026-09-09T04:18:09.321386,6.90,6.96,52,28.8,0
2026-09-09T04:18:24.435841,6.90,7.08,52,28.8,0
2026-09-09T04:18:37.845243,6.90,7.13,52,28.8,0
2026-09-09T04:18:54.773334,6.90,7.17,52,28.8,0
2026-09-09T04:19:07.960233,6.90,7.19,52,28.8,0
2026-09-09T04:19:21.928120,6.90,7.25,52,28.8,0
2026-09-09T04:19:36.549269,6.90,7.19,52,28.8,0
2026-09-09T04:19:49.850252,6.90,7.22,52,28.8,0
2026-09-09T04:20:06.836171,6.90,7.30,52,28.8,0
2026-09-09T04:20:19.844597,6.90,7.48,52,28.8,0
2026-09-09T04:20:45.758771,7.48,7.48,53,30.2,0
2026-09-09T04:20:58.892903,7.48,7.35,53,30.2,0
2026-09-09T04:21:16.499426,7.48,7.49,53,30.2,0
2026-09-09T04:21:29.480939,7.48,7.47,53,30.2,0
2026-09-09T04:21:42.597429,7.48,7.56,53,30.2,0
2026-09-09T04:21:56.741266,7.48,7.57,53,30.2,0
2026-09-09T04:22:09.420398,7.48,7.52,53,30.2,0
2026-09-09T04:22:24.286267,7.48,7.43,53,30.2,0
2026-09-09T04:22:37.886066,7.48,7.53,53,30.2,0
2026-09-09T04:22:50.987273,7.48,7.54,53,30.2,0
2026-09-09T04:23:03.422605,7.48,7.55,53,30.2,0
2026-09-09T04:23:17.424297,7.48,7.54,53,30.2,0
2026-09-09T04:23:32.441429,7.48,7.49,53,30.2,0
2026-09-09T04:23:44.886794,7.48,7.36,53,30.2,0
2026-09-09T04:23:59.907235,7.48,7.37,53,30.2,0
2026-09-09T04:24:13.148570,7.48,7.40,53,30.2,0
2026-09-09T04:24:26.572918,7.48,7.36,53,30.2,0
2026-09-09T04:24:46.469211,7.48,7.44,53,30.2,0
2026-09-09T04:25:00.882476,7.48,7.47,53,30.2,0
2026-09-09T04:25:16.575027,7.48,7.58,53,30.2,0
2026-09-09T04:25:30.240637,7.48,7.52,53,30.2,0
2026-09-09T04:25:46.885385,7.48,7.57,53,30.2,0
2026-09-09T04:25:59.460369,7.48,7.64,53,30.2,0
2026-09-09T04:26:13.293710,7.48,7.62,53,30.2,0
2026-09-09T04:26:28.388229,7.48,7.66,53,30.2,0
2026-09-09T04:26:41.483640,7.48,7.61,53,30.2,0
2026-09-09T04:26:58.135137,7.48,7.61,53,30.2,0
2026-09-09T04:27:10.609926,7.48,7.69,53,30.2,0
2026-09-09T04:27:23.614582,7.48,7.65,53,30.2,0
2026-09-09T04:27:37.629204,7.48,7.60,53,30.2,0
2026-09-09T04:27:50.734652,7.48,7.68,53,30.2,0
2026-09-09T04:28:17.463606,7.48,7.82,53,30.2,0
2026-09-09T04:28:31.368112,7.48,7.91,53,30.2,0
2026-09-09T04:28:44.955103,7.48,7.91,53,30.2,0
2026-09-09T04:29:00.451542,7.48,7.97,53,30.2,0
2026-09-09T04:29:13.945309,7.48,7.92,53,30.2,0
2026-09-09T04:29:31.810387,7.48,8.04,53,30.2,0
2026-09-09T04:29:46.398795,7.48,8.06,53,30.2,0
2026-09-09T04:30:01.543535,7.48,8.07,53,30.2,0
2026-09-09T04:30:15.746597,7.48,8.12,53,30.2,0
2026-09-09T04:30:34.729823,7.48,8.10,53,30.2,0
2026-09-09T04:30:48.866646,7.48,7.76,53,30.2,0
2026-09-09T04:31:04.142265,7.48,7.74,53,30.2,0
2026-09-09T04:31:18.154445,7.48,7.72,53,30.2,0
2026-09-09T04:31:40.654313,7.48,7.77,53,30.2,0
2026-09-09T04:31:53.818156,7.48,7.81,53,30.2,0
2026-09-09T04:32:06.631641,7.48,7.87,53,30.2,0
2026-09-09T04:32:20.575428,7.48,7.81,53,30.2,0
2026-09-09T04:32:32.967059,7.48,7.73,53,30.2,0
2026-09-09T04:32:53.129858,7.48,7.52,53,30.2,0
2026-09-09T04:33:06.440271,7.48,7.36,53,30.2,0
2026-09-09T04:33:31.149418,7.12,7.12,54,29.6,0
2026-09-09T04:33:43.488444,7.12,7.06,54,29.6,0
2026-09-09T04:34:04.912049,7.12,7.04,54,29.6,0
2026-09-09T04:34:18.058482,7.12,6.89,54,29.6,0
2026-09-09T04:34:32.006666,7.12,6.94,54,29.6,0
2026-09-09T04:34:44.520609,7.12,6.84,54,29.6,0
2026-09-09T04:34:57.119517,7.12,6.91,54,29.6,0
2026-09-09T04:35:13.478487,7.12,6.80,54,29.6,0
2026-09-09T04:35:26.712101,7.12,6.72,54,29.6,0
2026-09-09T04:35:39.178708,7.12,6.69,54,29.6,0
2026-09-09T04:35:53.509203,7.12,6.68,54,29.6,0
2026-09-09T04:36:17.782393,6.67,6.60,55,29.1,0
2026-09-09T04:36:35.126140,6.67,6.56,55,29.1,0
2026-09-09T04:36:47.617361,6.67,6.61,55,29.1,0
2026-09-09T04:37:00.156660,6.67,6.66,55,29.1,0
2026-09-09T04:37:14.426735,6.67,6.60,55,29.1,0
2026-09-09T04:37:26.847724,6.67,6.63,55,29.1,0
2026-09-09T04:37:42.060471,6.67,6.61,55,29.1,0
2026-09-09T04:37:56.171395,6.67,6.61,55,29.1,0
2026-09-09T04:38:11.113229,6.67,6.50,55,29.1,0
2026-09-09T04:38:24.158497,6.67,6.42,55,29.1,0
2026-09-09T04:38:38.955125,6.67,6.50,55,29.1,0
2026-09-09T04:38:54.973747,6.67,6.50,55,29.1,0
2026-09-09T04:39:09.215921,6.67,6.54,55,29.1,0
2026-09-09T04:39:27.212178,6.67,6.61,55,29.1,0
2026-09-09T04:39:41.263554,6.67,6.62,55,29.1,0
2026-09-09T04:40:26.847608,6.67,6.66,55,29.1,0
2026-09-09T04:41:05.679665,6.67,6.58,55,29.1,0
2026-09-09T04:41:48.788980,6.67,6.71,55,29.1,0
2026-09-09T04:42:03.667003,6.67,6.73,55,29.1,0
2026-09-09T04:42:19.648305,6.67,6.73,55,29.1,0
2026-09-09T04:42:40.058871,6.67,6.39,55,29.1,0
2026-09-09T04:42:57.223239,6.67,6.72,55,29.1,0
2026-09-09T04:43:12.702707,6.67,6.67,55,29.1,0
2026-09-09T04:43:29.502623,6.67,6.68,55,29.1,0
2026-09-09T04:43:44.429868,6.67,6.76,55,29.1,0
2026-09-09T04:44:00.835176,6.67,6.77,55,29.1,0
2026-09-09T04:44:16.005327,6.67,6.72,55,29.1,0
2026-09-09T04:44:30.547763,6.67,6.67,55,29.1,0
2026-09-09T04:44:44.855943,6.67,6.75,55,29.1,0
2026-09-09T04:45:10.738713,6.67,6.83,55,29.1,0
2026-09-09T04:45:30.615129,6.67,6.79,55,29.1,0
2026-09-09T04:45:46.407911,6.67,6.73,55,29.1,0
2026-09-09T04:46:01.466652,6.67,6.56,55,29.1,0
2026-09-09T04:46:18.527593,6.67,6.53,55,29.1,0
2026-09-09T04:46:34.824924,6.67,6.71,55,29.1,0
2026-09-09T04:46:53.674130,6.67,6.78,55,29.1,0
2026-09-09T04:47:07.205851,6.67,6.79,55,29.1,0
2026-09-09T04:47:31.288552,6.67,6.84,55,29.1,0
2026-09-09T04:47:49.737569,6.67,6.91,55,29.1,0
2026-09-09T04:48:04.615740,6.67,6.90,55,29.1,0
2026-09-09T04:48:17.863362,6.67,7.04,55,29.1,0
2026-09-09T04:48:39.869699,6.67,7.01,55,29.1,0
2026-09-09T04:48:59.262844,6.67,7.08,55,29.1,0
2026-09-09T04:49:13.717700,6.67,7.13,55,29.1,0
2026-09-09T04:49:55.841171,7.15,7.39,56,30.4,0
2026-09-09T04:50:12.135225,7.15,7.38,56,30.4,0
2026-09-09T04:50:27.736164,7.15,7.30,56,30.4,0
2026-09-09T04:50:41.348607,7.15,7.19,56,30.4,0
2026-09-09T04:51:05.211512,7.24,7.30,57,31.6,0
2026-09-09T04:51:20.964836,7.24,7.18,57,31.6,0
2026-09-09T04:51:35.748951,7.24,7.22,57,31.6,0
2026-09-09T04:51:48.715443,7.24,7.20,57,31.6,0
2026-09-09T04:52:01.885316,7.24,7.19,57,31.6,0
2026-09-09T04:52:19.344801,7.24,7.23,57,31.6,0
2026-09-09T04:52:36.861040,7.24,7.19,57,31.6,0
2026-09-09T04:52:54.321497,7.24,7.14,57,31.6,0
2026-09-09T04:53:09.569142,7.24,7.17,57,31.6,0
2026-09-09T04:53:31.958922,7.24,7.28,57,31.6,0
2026-09-09T04:53:54.733546,7.24,7.32,57,31.6,0
2026-09-09T04:54:09.537889,7.24,7.34,57,31.6,0
2026-09-09T04:54:24.319894,7.24,7.52,57,31.6,0
2026-09-09T04:54:42.798671,7.24,7.61,57,31.6,0
2026-09-09T04:55:25.008973,7.24,7.55,57,31.6,0
2026-09-09T04:55:38.100096,7.24,7.54,57,31.6,0
2026-09-09T04:56:08.706287,7.24,7.88,57,31.6,0
2026-09-09T04:56:44.693388,7.36,7.46,58,32.8,0
2026-09-09T04:56:59.990869,7.36,7.56,58,32.8,0
2026-09-09T04:57:16.913320,7.36,7.53,58,32.8,0
2026-09-09T04:57:38.993444,7.36,7.52,58,32.8,0
2026-09-09T04:57:54.856164,7.36,7.56,58,32.8,0
2026-09-09T04:58:11.605907,7.36,7.67,58,32.8,0
2026-09-09T04:58:26.633840,7.36,7.70,58,32.8,0
2026-09-09T04:58:44.034916,7.36,7.62,58,32.8,0
2026-09-09T04:59:15.185128,7.09,7.57,59,32.2,0
2026-09-09T04:59:29.577270,7.09,7.66,59,32.2,0
2026-09-09T04:59:48.421854,7.09,7.66,59,32.2,0
2026-09-09T05:00:03.171790,7.09,7.66,59,32.2,0
2026-09-09T05:00:18.851249,7.09,7.52,59,32.2,0
2026-09-09T05:00:36.060463,7.09,7.43,59,32.2,0
2026-09-09T05:01:01.571446,7.09,7.47,59,32.2,0
2026-09-09T05:01:15.045780,7.09,7.10,59,32.2,0
2026-09-09T05:01:29.852183,7.09,7.19,59,32.2,0
2026-09-09T05:01:43.456340,7.09,7.15,59,32.2,0
2026-09-09T05:02:09.341887,7.09,7.10,59,32.2,0
2026-09-09T05:02:26.516854,7.09,7.04,59,32.2,0
2026-09-09T05:02:44.951682,7.09,7.04,59,32.2,0
2026-09-09T05:02:59.456438,7.09,7.08,59,32.2,0
2026-09-09T05:03:28.502488,7.09,7.07,59,32.2,0
2026-09-09T05:03:43.265414,7.09,7.12,59,32.2,0
2026-09-09T05:04:26.328710,7.09,7.25,59,32.2,0
2026-09-09T05:04:45.473248,7.09,7.24,59,32.2,0
2026-09-09T05:04:59.681880,7.09,7.14,59,32.2,0
2026-09-09T05:05:16.993997,7.09,7.05,59,32.2,0
2026-09-09T05:05:33.511749,7.09,7.04,59,32.2,0
2026-09-09T05:05:52.139061,7.09,7.04,59,32.2,0
2026-09-09T05:06:08.975360,7.09,6.98,59,32.2,0
2026-09-09T05:06:28.943574,7.09,6.96,59,32.2,0
2026-09-09T05:06:59.973643,7.09,7.02,59,32.2,0
2026-09-09T05:07:15.200539,7.09,6.77,59,32.2,0
2026-09-09T05:07:38.227196,6.74,6.69,60,31.7,0
2026-09-09T05:08:20.576987,6.67,6.66,61,31.1,49
2026-09-09T05:08:44.958512,6.67,6.66,61,31.1,48
2026-09-09T05:08:59.203821,6.67,6.66,61,31.1,47
2026-09-09T05:09:15.804812,6.67,6.63,61,31.1,46
2026-09-09T05:09:32.598245,6.67,6.64,61,31.1,45
2026-09-09T05:09:47.360887,6.67,6.64,61,31.1,44
2026-09-09T05:10:11.824277,6.67,6.63,61,31.1,43
2026-09-09T05:10:31.637931,6.67,6.63,61,31.1,42
2026-09-09T05:10:55.683657,6.67,6.67,61,31.1,41
2026-09-09T05:11:14.649375,6.67,6.59,61,31.1,40
2026-09-09T05:11:34.876723,6.67,6.63,61,31.1,39
2026-09-09T05:11:52.765643,6.67,6.63,61,31.1,38
2026-09-09T05:12:12.832400,6.67,6.63,61,31.1,37
2026-09-09T05:12:37.604100,6.67,6.62,61,31.1,36
2026-09-09T05:12:53.417210,6.67,6.62,61,31.1,35
2026-09-09T05:13:06.653343,6.67,6.62,61,31.1,34
2026-09-09T05:13:21.095898,6.67,6.61,61,31.1,33
2026-09-09T05:13:58.946044,6.59,6.59,62,30.6,32
2026-09-09T05:14:14.783238,6.59,6.59,62,30.6,31
2026-09-09T05:14:31.521066,6.59,6.59,62,30.6,30
2026-09-09T05:14:44.840983,6.59,6.59,62,30.6,29
2026-09-09T05:14:59.757142,6.59,6.59,62,30.6,28
2026-09-09T05:15:13.544299,6.59,6.59,62,30.6,27
2026-09-09T05:15:26.797024,6.59,6.59,62,30.6,26
2026-09-09T05:15:41.396060,6.59,6.59,62,30.6,25
2026-09-09T05:15:56.660679,6.59,6.59,62,30.6,24
2026-09-09T05:16:12.814631,6.59,6.59,62,30.6,23
2026-09-09T05:16:29.544201,6.59,6.59,62,30.6,22
2026-09-09T05:16:44.596398,6.59,6.59,62,30.6,21
2026-09-09T05:17:00.384547,6.59,6.59,62,30.6,20
2026-09-09T05:17:12.856954,6.59,6.59,62,30.6,19
2026-09-09T05:17:40.816199,6.59,6.59,62,30.6,18
2026-09-09T05:17:54.857653,6.59,6.59,62,30.6,17
2026-09-09T05:18:07.465435,6.59,6.59,62,30.6,16
2026-09-09T05:18:29.204999,6.59,6.59,62,30.6,15
2026-09-09T05:18:44.394595,6.59,6.59,62,30.6,14
2026-09-09T05:19:09.682946,6.59,6.59,62,30.6,13
2026-09-09T05:19:23.016866,6.59,6.59,62,30.6,12
2026-09-09T05:19:40.479416,6.59,6.59,62,30.6,11
2026-09-09T05:19:53.706585,6.59,6.59,62,30.6,10
2026-09-09T05:20:06.726149,6.59,6.59,62,30.6,9
2026-09-09T05:20:27.447652,6.59,6.59,62,30.6,8
2026-09-09T05:20:43.515537,6.59,6.59,62,30.6,7
2026-09-09T05:21:04.904155,6.59,6.59,62,30.6,6
2026-09-09T05:21:18.992327,6.59,6.59,62,30.6,5
2026-09-09T05:21:33.083428,6.59,6.59,62,30.6,4
2026-09-09T05:21:51.127337,6.59,6.59,62,30.6,3
2026-09-09T05:22:11.638588,6.59,6.59,62,30.6,2
2026-09-09T05:22:25.735566,6.59,6.59,62,30.6,1
2026-09-09T05:23:28.748607,6.59,6.59,62,30.6,0
2026-09-09T05:23:42.070573,6.59,6.65,62,30.6,0
2026-09-09T05:24:02.871865,6.59,6.64,62,30.6,0
2026-09-09T05:24:23.240796,6.59,6.49,62,30.6,0
2026-09-09T05:24:45.636943,6.59,6.49,62,30.6,0
2026-09-09T05:25:05.662475,6.59,6.52,62,30.6,0
2026-09-09T05:25:35.453761,6.59,6.54,62,30.6,0
2026-09-09T05:25:49.554613,6.59,6.44,62,30.6,0
2026-09-09T05:26:05.890685,6.59,6.41,62,30.6,0
2026-09-09T05:26:20.592058,6.59,6.49,62,30.6,0
2026-09-09T05:26:40.022781,6.59,6.47,62,30.6,0
2026-09-09T05:27:05.433083,6.59,6.42,62,30.6,0
2026-09-09T05:27:23.733311,6.59,6.46,62,30.6,0
2026-09-09T05:27:43.870565,6.59,6.46,62,30.6,0
2026-09-09T05:28:03.473751,6.59,6.45,62,30.6,0
2026-09-09T05:28:17.397731,6.59,6.49,62,30.6,0
2026-09-09T05:28:40.319479,6.59,6.45,62,30.6,0
2026-09-09T05:29:03.729817,6.59,6.45,62,30.6,0
2026-09-09T05:29:18.999851,6.59,6.43,62,30.6,0
2026-09-09T05:29:37.368306,6.59,6.41,62,30.6,0
2026-09-09T05:29:52.036769,6.59,6.43,62,30.6,0
2026-09-09T05:30:46.537800,6.59,6.47,62,30.6,0
2026-09-09T05:31:23.373505,6.59,6.50,62,30.6,0
2026-09-09T05:31:42.416935,6.59,6.23,62,30.6,0
2026-09-09T05:32:09.964549,6.59,6.28,62,30.6,0
2026-09-09T05:32:27.574699,6.59,6.25,62,30.6,0
2026-09-09T05:33:03.421569,6.59,6.28,62,30.6,0
2026-09-09T05:33:29.260534,6.59,6.24,62,30.6,0
2026-09-09T05:33:53.699705,6.59,6.26,62,30.6,0
2026-09-09T05:34:15.072127,6.59,6.22,62,30.6,0
2026-09-09T05:34:41.826054,6.59,6.26,62,30.6,0
2026-09-09T05:35:07.527233,6.59,6.20,62,30.6,0
2026-09-09T05:35:41.036649,6.19,6.12,63,30.2,0
2026-09-09T05:36:06.632193,6.19,6.12,63,30.2,0
2026-09-09T05:36:26.520180,6.19,6.09,63,30.2,0
2026-09-09T05:36:53.009975,6.19,6.12,63,30.2,0
2026-09-09T05:37:17.353506,6.19,6.11,63,30.2,0
2026-09-09T05:37:35.072785,6.19,6.11,63,30.2,0
2026-09-09T05:37:48.936921,6.19,6.12,63,30.2,0
2026-09-09T05:38:03.137313,6.19,6.12,63,30.2,0
2026-09-09T05:38:19.415409,6.19,6.11,63,30.2,0
2026-09-09T05:38:33.070574,6.19,6.12,63,30.2,0
2026-09-09T05:38:57.936990,6.19,6.14,63,30.2,0
2026-09-09T05:39:14.724170,6.19,5.98,63,30.2,0
2026-09-09T05:39:31.088876,6.19,5.98,63,30.2,0
2026-09-09T05:39:47.226431,6.19,5.98,63,30.2,0
2026-09-09T05:40:05.890131,6.19,5.96,63,30.2,0
2026-09-09T05:40:32.352673,5.94,5.94,64,29.7,49
2026-09-09T05:40:51.082081,5.94,5.94,64,29.7,48
2026-09-09T05:41:11.992630,5.94,5.94,64,29.7,47
2026-09-09T05:41:27.738668,5.94,5.94,64,29.7,46
2026-09-09T05:41:41.705283,5.94,5.94,64,29.7,45
2026-09-09T05:41:59.900651,5.94,5.94,64,29.7,44
2026-09-09T05:42:16.721759,5.94,5.94,64,29.7,43
2026-09-09T05:42:36.087567,5.94,5.94,64,29.7,42
2026-09-09T05:42:49.171963,5.94,5.94,64,29.7,41
2026-09-09T05:43:02.851770,5.94,5.94,64,29.7,40
2026-09-09T05:43:18.678935,5.94,5.94,64,29.7,39
2026-09-09T05:43:33.358920,5.94,5.94,64,29.7,38
2026-09-09T05:43:50.390300,5.94,5.94,64,29.7,37
2026-09-09T05:44:19.515279,5.94,5.94,64,29.7,36
2026-09-09T05:44:33.226053,5.94,5.94,64,29.7,35
2026-09-09T05:44:48.789089,5.94,5.94,64,29.7,34
2026-09-09T05:45:02.861326,5.94,5.94,64,29.7,33
2026-09-09T05:45:18.784157,5.94,5.94,64,29.7,32
2026-09-09T05:45:33.481433,5.94,5.94,64,29.7,31
2026-09-09T05:45:49.214791,5.94,5.94,64,29.7,30
2026-09-09T05:46:02.820961,5.94,5.94,64,29.7,29
2026-09-09T05:46:16.768352,5.94,5.94,64,29.7,28
2026-09-09T05:46:30.900152,5.94,5.94,64,29.7,27
2026-09-09T05:46:45.163391,5.94,5.94,64,29.7,26
2026-09-09T05:46:58.670939,5.94,5.94,64,29.7,25
2026-09-09T05:47:12.067792,5.94,5.94,64,29.7,24
2026-09-09T05:47:26.063336,5.94,5.94,64,29.7,23
2026-09-09T05:47:39.456653,5.94,5.94,64,29.7,22
2026-09-09T05:47:55.364676,5.94,5.94,64,29.7,21
2026-09-09T05:48:13.049221,5.94,5.94,64,29.7,20
2026-09-09T05:48:28.068310,5.94,5.94,64,29.7,19
2026-09-09T05:48:41.354940,5.94,5.94,64,29.7,18
2026-09-09T05:48:53.916160,5.94,5.94,64,29.7,17
2026-09-09T05:49:18.110330,5.94,5.94,64,29.7,16
2026-09-09T05:49:41.070533,5.94,5.94,64,29.7,15
2026-09-09T05:49:53.293465,5.94,5.94,64,29.7,14
2026-09-09T05:50:05.488368,5.94,5.94,64,29.7,13
2026-09-09T05:50:18.262244,5.94,5.94,64,29.7,12
2026-09-09T05:50:32.486556,5.94,5.94,64,29.7,11
2026-09-09T05:50:47.660816,5.94,5.94,64,29.7,10
2026-09-09T05:51:00.642077,5.94,5.94,64,29.7,9
2026-09-09T05:51:13.193632,5.94,5.94,64,29.7,8
2026-09-09T05:51:26.607112,5.94,5.94,64,29.7,7
2026-09-09T05:51:40.550479,5.94,5.94,64,29.7,6
2026-09-09T05:51:55.817684,5.94,5.94,64,29.7,5
2026-09-09T05:52:08.840436,5.94,5.94,64,29.7,4
2026-09-09T05:52:21.047188,5.94,5.94,64,29.7,3
2026-09-09T05:52:33.637755,5.94,5.94,64,29.7,2
2026-09-09T05:52:46.751159,5.94,5.94,64,29.7,1
2026-09-09T05:53:01.668162,5.94,5.94,64,29.7,0
2026-09-09T05:53:14.022929,5.94,5.94,64,29.7,0
2026-09-09T05:53:26.446376,5.94,5.94,64,29.7,0
2026-09-09T05:53:40.648156,5.94,5.94,64,29.7,0
2026-09-09T05:53:54.124123,5.94,5.94,64,29.7,0
2026-09-09T05:54:08.737147,5.94,5.94,64,29.7,0
2026-09-09T05:54:22.820244,5.94,5.94,64,29.7,0
2026-09-09T05:54:35.654261,5.94,5.94,64,29.7,0
2026-09-09T05:54:48.575909,5.94,5.94,64,29.7,0
2026-09-09T05:55:03.380406,5.94,5.94,64,29.7,0
2026-09-09T05:55:17.413609,5.94,5.94,64,29.7,0
2026-09-09T05:55:29.733070,5.94,5.94,64,29.7,0
2026-09-09T05:55:43.937787,5.94,5.94,64,29.7,0
2026-09-09T05:55:56.891642,5.94,5.94,64,29.7,0
2026-09-09T05:56:10.241989,5.94,5.94,64,29.7,0
2026-09-09T05:56:25.096551,5.94,5.94,64,29.7,0
2026-09-09T05:56:37.367489,5.94,5.94,64,29.7,0
2026-09-09T05:56:49.823142,5.94,5.94,64,29.7,0
2026-09-09T05:57:04.185265,5.94,5.94,64,29.7,0
2026-09-09T05:57:17.504864,5.94,5.94,64,29.7,0
2026-09-09T05:57:31.048377,5.94,5.94,64,29.7,0
2026-09-09T05:57:44.684706,5.94,5.94,64,29.7,0
2026-09-09T05:57:57.061124,5.94,5.94,64,29.7,0
2026-09-09T05:58:10.008767,5.94,5.94,64,29.7,0
2026-09-09T05:58:33.305321,5.94,5.94,64,29.7,0
2026-09-09T05:58:46.847467,5.94,5.94,64,29.7,0
2026-09-09T05:58:59.178696,5.94,5.94,64,29.7,0
2026-09-09T05:59:14.071423,5.94,5.94,64,29.7,0
2026-09-09T05:59:26.462584,5.94,5.94,64,29.7,0
2026-09-09T05:59:39.977668,5.94,5.94,64,29.7,0
2026-09-09T05:59:55.225169,5.94,5.94,64,29.7,0
2026-09-09T06:00:07.641798,5.94,5.94,64,29.7,0
2026-09-09T06:00:20.546722,5.94,5.94,64,29.7,0
2026-09-09T06:00:34.113084,5.94,5.94,64,29.7,0
2026-09-09T06:00:47.526923,5.94,5.94,64,29.7,0
2026-09-09T06:01:01.100246,5.94,5.94,64,29.7,0
2026-09-09T06:01:15.090127,5.94,5.94,64,29.7,0
2026-09-09T06:01:28.187405,5.94,5.94,64,29.7,0
2026-09-09T06:01:40.856819,5.94,5.94,64,29.7,0
2026-09-09T06:01:56.282462,5.94,5.94,64,29.7,0
2026-09-09T06:02:09.732671,5.94,5.94,64,29.7,0
2026-09-09T06:02:22.174600,5.94,5.94,64,29.7,0
2026-09-09T06:02:36.481248,5.94,5.94,64,29.7,0
2026-09-09T06:02:49.004880,5.94,5.94,64,29.7,0
2026-09-09T06:03:02.432058,5.94,5.94,64,29.7,0
2026-09-09T06:03:17.601918,5.94,5.94,64,29.7,0
2026-09-09T06:03:29.904405,5.94,5.94,64,29.7,0
2026-09-09T06:03:43.688350,5.94,5.94,64,29.7,0
2026-09-09T06:03:57.362224,5.94,5.94,64,29.7,0
2026-09-09T06:04:11.144155,5.94,5.94,64,29.7,0
2026-09-09T06:04:24.723422,5.94,5.94,64,29.7,0
2026-09-09T06:04:38.563986,5.94,5.94,64,29.7,0
2026-09-09T06:04:51.572748,5.94,5.94,64,29.7,0
2026-09-09T06:05:03.949659,5.94,5.94,64,29.7,0
2026-09-09T06:05:18.811501,5.94,5.94,64,29.7,0
2026-09-09T06:05:32.275811,5.94,5.94,64,29.7,0
2026-09-09T06:05:44.515361,5.94,5.94,64,29.7,0
2026-09-09T06:05:58.724914,5.94,5.94,64,29.7,0
2026-09-09T06:06:11.152226,5.94,5.94,64,29.7,0
2026-09-09T06:06:25.085066,5.94,5.94,64,29.7,0
2026-09-09T06:06:40.105792,5.94,5.94,64,29.7,0
2026-09-09T06:06:52.769529,5.94,5.94,64,29.7,0
2026-09-09T06:07:05.724430,5.94,5.94,64,29.7,0
2026-09-09T06:07:19.342102,5.94,5.94,64,29.7,0
2026-09-09T06:07:32.886760,5.94,5.94,64,29.7,0
2026-09-09T06:07:46.601377,5.94,5.94,64,29.7,0
2026-09-09T06:08:00.060534,5.94,5.94,64,29.7,0
2026-09-09T06:08:13.169133,5.94,5.94,64,29.7,0
2026-09-09T06:08:25.552063,5.94,5.94,64,29.7,0
2026-09-09T06:08:40.229502,5.94,5.94,64,29.7,0
2026-09-09T06:08:53.885507,5.94,5.94,64,29.7,0
2026-09-09T06:09:06.621486,5.94,5.94,64,29.7,0
2026-09-09T06:09:20.939403,5.94,5.94,64,29.7,0
2026-09-09T06:09:33.500787,5.94,5.94,64,29.7,0
2026-09-09T06:09:46.788411,5.94,5.94,64,29.7,0
2026-09-09T06:10:02.582317,5.94,5.94,64,29.7,0
2026-09-09T06:10:14.969279,5.94,5.94,64,29.7,0
2026-09-09T06:10:36.110811,5.94,5.94,64,29.7,0
2026-09-09T06:10:49.572594,5.94,5.94,64,29.7,0
2026-09-09T06:11:04.658364,5.94,5.97,64,29.7,0
2026-09-09T06:11:17.112730,5.94,5.91,64,29.7,0
2026-09-09T06:11:30.013438,5.94,5.84,64,29.7,0
2026-09-09T06:11:44.024902,5.94,5.83,64,29.7,0
2026-09-09T06:11:57.459622,5.94,5.74,64,29.7,0
2026-09-09T06:12:19.321317,5.94,5.84,64,29.7,0
2026-09-09T06:12:32.178549,5.94,5.77,64,29.7,0
2026-09-09T06:12:44.430718,5.94,5.81,64,29.7,0
2026-09-09T06:12:58.054591,5.94,5.80,64,29.7,0
2026-09-09T06:13:11.681619,5.94,5.82,64,29.7,0
2026-09-09T06:13:25.498975,5.94,5.81,64,29.7,0
2026-09-09T06:13:40.655831,5.94,5.78,64,29.7,0
2026-09-09T06:13:53.165783,5.94,5.72,64,29.7,0
2026-09-09T06:14:05.754543,5.94,5.74,64,29.7,0
2026-09-09T06:14:20.872572,5.94,5.73,64,29.7,0
2026-09-09T06:14:34.305448,5.94,5.72,64,29.7,0
2026-09-09T06:14:47.627981,5.94,5.73,64,29.7,0
2026-09-09T06:15:01.680854,5.94,5.73,64,29.7,0
2026-09-09T06:15:14.148439,5.94,5.68,64,29.7,0
2026-09-09T06:15:27.580495,5.94,5.68,64,29.7,0
2026-09-09T06:15:42.299228,5.94,5.67,64,29.7,0
2026-09-09T06:15:55.281742,5.94,5.68,64,29.7,0
2026-09-09T06:16:07.644868,5.94,5.68,64,29.7,0
2026-09-09T06:16:21.289435,5.94,5.67,64,29.7,0
2026-09-09T06:16:34.744059,5.94,5.62,64,29.7,0
2026-09-09T06:16:48.564063,5.94,5.60,64,29.7,0
2026-09-09T06:17:03.186628,5.94,5.60,64,29.7,0
2026-09-09T06:17:15.369257,5.94,5.62,64,29.7,0
2026-09-09T06:17:27.726029,5.94,5.61,64,29.7,0
2026-09-09T06:17:42.396684,5.94,5.62,64,29.7,0
2026-09-09T06:17:55.959919,5.94,5.64,64,29.7,0
2026-09-09T06:18:08.874502,5.94,5.61,64,29.7,0
2026-09-09T06:18:29.761451,5.57,5.57,65,29.2,0
2026-09-09T06:18:43.080305,5.57,5.57,65,29.2,0
2026-09-09T06:18:55.491001,5.57,5.57,65,29.2,0
2026-09-09T06:19:10.114936,5.57,5.57,65,29.2,0
2026-09-09T06:19:23.108672,5.57,5.57,65,29.2,0
2026-09-09T06:19:35.406246,5.57,5.57,65,29.2,0
2026-09-09T06:19:49.941849,5.57,5.57,65,29.2,0
2026-09-09T06:20:02.452862,5.57,5.57,65,29.2,0
2026-09-09T06:20:16.113582,5.57,5.57,65,29.2,0
2026-09-09T06:20:29.959531,5.57,5.57,65,29.2,0
2026-09-09T06:20:42.420755,5.57,5.57,65,29.2,0
2026-09-09T06:20:55.794828,5.57,5.57,65,29.2,0
2026-09-09T06:21:09.332759,5.57,5.57,65,29.2,0
2026-09-09T06:21:22.901498,5.57,5.57,65,29.2,0
2026-09-09T06:21:35.732342,5.57,5.57,65,29.2,0
2026-09-09T06:21:49.355749,5.57,5.57,65,29.2,0
2026-09-09T06:22:02.749443,5.57,5.57,65,29.2,0
2026-09-09T06:22:15.122604,5.57,5.57,65,29.2,0
2026-09-09T06:22:29.724313,5.57,5.57,65,29.2,0
2026-09-09T06:22:46.121373,5.57,5.57,65,29.2,0
2026-09-09T06:23:00.207329,5.57,5.58,65,29.2,0
2026-09-09T06:23:13.839436,5.57,5.55,65,29.2,0
2026-09-09T06:23:26.204418,5.57,5.57,65,29.2,0
2026-09-09T06:23:40.877280,5.57,5.57,65,29.2,0
2026-09-09T06:23:54.087154,5.57,5.55,65,29.2,0
2026-09-09T06:24:06.996735,5.57,5.57,65,29.2,0
2026-09-09T06:24:22.453714,5.57,5.58,65,29.2,0
2026-09-09T06:24:35.528817,5.57,5.58,65,29.2,0
2026-09-09T06:24:49.399426,5.57,5.58,65,29.2,0
2026-09-09T06:25:04.639440,5.57,5.59,65,29.2,0
2026-09-09T06:25:17.564988,5.57,5.57,65,29.2,0
2026-09-09T06:25:31.602720,5.57,5.57,65,29.2,0
2026-09-09T06:25:46.023154,5.57,5.58,65,29.2,0
2026-09-09T06:26:10.741915,5.57,5.60,65,29.2,0
2026-09-09T06:26:24.422881,5.57,5.61,65,29.2,0
2026-09-09T06:26:39.185985,5.57,5.59,65,29.2,0
2026-09-09T06:26:51.976150,5.57,5.60,65,29.2,0
2026-09-09T06:27:06.084285,5.57,5.61,65,29.2,0
2026-09-09T06:27:22.877387,5.57,5.57,65,29.2,0
2026-09-09T06:27:37.420763,5.57,5.56,65,29.2,0
2026-09-09T06:27:50.978374,5.57,5.62,65,29.2,0
2026-09-09T06:28:03.406522,5.57,5.61,65,29.2,0
2026-09-09T06:28:17.088215,5.57,5.64,65,29.2,0
2026-09-09T06:28:32.089509,5.57,5.65,65,29.2,0
2026-09-09T06:28:44.683467,5.57,5.68,65,29.2,0
2026-09-09T06:28:59.647582,5.57,5.68,65,29.2,0
2026-09-09T06:29:12.220435,5.57,5.67,65,29.2,0
2026-09-09T06:29:48.564799,5.57,5.60,65,29.2,0
2026-09-09T06:30:03.990480,5.57,5.63,65,29.2,0
2026-09-09T06:30:17.561853,5.57,5.62,65,29.2,0
2026-09-09T06:30:33.159281,5.57,5.63,65,29.2,0
2026-09-09T06:30:49.369062,5.57,5.60,65,29.2,0
2026-09-09T06:31:09.709468,5.57,5.63,65,29.2,0
2026-09-09T06:31:24.172078,5.57,5.38,65,29.2,0
2026-09-09T06:31:37.430351,5.57,5.46,65,29.2,0
2026-09-09T06:31:52.568830,5.57,5.42,65,29.2,0
2026-09-09T06:32:18.713418,5.57,5.58,65,29.2,0
2026-09-09T06:32:32.495621,5.57,5.40,65,29.2,0
2026-09-09T06:32:45.244308,5.57,5.45,65,29.2,0
2026-09-09T06:33:01.502164,5.57,5.43,65,29.2,0
2026-09-09T06:33:15.001108,5.57,5.44,65,29.2,0
2026-09-09T06:33:27.966022,5.57,5.43,65,29.2,0
2026-09-09T06:33:43.507626,5.57,5.43,65,29.2,0
2026-09-09T06:33:57.205687,5.57,5.46,65,29.2,0
2026-09-09T06:34:15.048141,5.57,5.39,65,29.2,0
2026-09-09T06:34:28.145267,5.57,5.45,65,29.2,0
2026-09-09T06:34:40.867354,5.57,5.48,65,29.2,0
2026-09-09T06:34:56.086504,5.57,5.43,65,29.2,0
2026-09-09T06:35:09.309587,5.57,5.45,65,29.2,0
2026-09-09T06:35:24.356596,5.57,5.57,65,29.2,0
2026-09-09T06:35:38.258559,5.57,5.63,65,29.2,0
2026-09-09T06:35:51.222366,5.57,5.76,65,29.2,0
2026-09-09T06:36:05.171422,5.57,5.70,65,29.2,0
2026-09-09T06:36:19.661063,5.57,5.65,65,29.2,0
2026-09-09T06:36:39.607731,5.57,5.67,65,29.2,0
2026-09-09T06:36:54.143672,5.57,5.63,65,29.2,0
2026-09-09T06:37:07.787858,5.57,5.58,65,29.2,0
2026-09-09T06:37:20.438849,5.57,5.53,65,29.2,0
2026-09-09T06:38:46.614378,5.57,5.55,65,29.2,0
2026-09-09T06:39:00.196410,5.57,5.70,65,29.2,0
2026-09-09T06:39:14.561920,5.57,5.74,65,29.2,0
2026-09-09T06:39:38.258973,5.75,5.70,66,30.3,0
2026-09-09T06:39:55.546642,5.75,5.68,66,30.3,0
2026-09-09T06:40:10.332827,5.75,5.68,66,30.3,0
2026-09-09T06:40:22.809899,5.75,5.68,66,30.3,0
2026-09-09T06:40:36.281617,5.75,5.76,66,30.3,0
2026-09-09T06:40:50.012089,5.75,5.74,66,30.3,0
2026-09-09T06:41:03.665633,5.75,5.61,66,30.3,0
2026-09-09T06:41:16.938298,5.75,5.58,66,30.3,0
2026-09-09T06:41:32.011617,5.75,5.63,66,30.3,0
2026-09-09T06:41:44.804580,5.75,5.58,66,30.3,0
2026-09-09T06:41:57.434524,5.75,5.62,66,30.3,0
2026-09-09T06:42:22.166533,5.75,5.74,66,30.3,0
2026-09-09T06:42:34.732319,5.75,5.71,66,30.3,0
2026-09-09T06:42:47.316677,5.75,5.73,66,30.3,0
2026-09-09T06:43:03.033736,5.75,5.68,66,30.3,0
2026-09-09T06:43:15.819031,5.75,5.67,66,30.3,0
2026-09-09T06:43:31.368966,5.75,5.68,66,30.3,0
2026-09-09T06:43:45.111530,5.75,5.69,66,30.3,0
2026-09-09T06:43:57.648215,5.75,5.67,66,30.3,0
2026-09-09T06:44:10.257436,5.75,5.68,66,30.3,0
2026-09-09T06:44:23.830552,5.75,5.61,66,30.3,0
2026-09-09T06:44:38.456639,5.75,5.64,66,30.3,0
2026-09-09T06:44:51.125249,5.75,5.62,66,30.3,0
2026-09-09T06:45:05.519976,5.75,5.61,66,30.3,0
2026-09-09T06:45:18.246517,5.75,5.73,66,30.3,0
2026-09-09T06:45:30.740357,5.75,5.79,66,30.3,0
2026-09-09T06:45:46.611407,5.75,5.80,66,30.3,0
2026-09-09T06:45:59.488152,5.75,5.74,66,30.3,0
2026-09-09T06:46:12.204593,5.75,5.67,66,30.3,0
2026-09-09T06:46:26.380777,5.75,5.65,66,30.3,0
2026-09-09T06:46:39.007184,5.75,5.65,66,30.3,0
2026-09-09T06:46:54.166469,5.75,5.59,66,30.3,0
2026-09-09T06:47:08.406852,5.75,5.59,66,30.3,0
2026-09-09T06:47:21.099469,5.75,5.56,66,30.3,0
2026-09-09T06:47:33.876911,5.75,5.60,66,30.3,0
2026-09-09T06:47:57.443231,6.07,6.19,67,31.3,0
2026-09-09T06:48:20.285433,6.07,6.06,67,31.3,0
2026-09-09T06:48:38.740423,6.07,6.03,67,31.3,0
2026-09-09T06:48:57.065161,6.07,6.04,67,31.3,0
2026-09-09T06:49:11.259402,6.07,6.05,67,31.3,0
2026-09-09T06:49:23.774627,6.07,6.14,67,31.3,0
2026-09-09T06:49:38.588381,6.07,6.11,67,31.3,0
2026-09-09T06:49:52.395286,6.07,6.11,67,31.3,0
2026-09-09T06:50:04.925769,6.07,6.08,67,31.3,0
2026-09-09T06:50:17.524584,6.07,6.18,67,31.3,0
2026-09-09T06:50:31.131667,6.07,6.23,67,31.3,0
2026-09-09T06:50:45.893690,6.07,6.21,67,31.3,0
2026-09-09T06:50:58.154891,6.07,6.16,67,31.3,0
2026-09-09T06:51:11.887942,6.07,6.20,67,31.3,0
2026-09-09T06:51:24.341301,6.07,6.23,67,31.3,0
2026-09-09T06:51:36.880095,6.07,6.18,67,31.3,0
2026-09-09T06:51:52.992310,6.07,6.21,67,31.3,0
2026-09-09T06:52:05.808516,6.07,6.15,67,31.3,0
2026-09-09T06:52:18.552089,6.07,6.19,67,31.3,0
2026-09-09T06:52:32.580421,6.07,6.26,67,31.3,0
2026-09-09T06:52:45.343848,6.07,6.35,67,31.3,0
2026-09-09T06:53:00.267571,6.07,6.40,67,31.3,0
2026-09-09T06:53:14.199893,6.07,6.51,67,31.3,0
2026-09-09T06:53:38.736223,6.20,6.40,68,32.4,0
2026-09-09T06:53:52.776233,6.20,6.32,68,32.4,0
2026-09-09T06:54:08.178262,6.20,6.28,68,32.4,0
2026-09-09T06:54:20.757878,6.20,5.99,68,32.4,0
2026-09-09T06:54:35.145542,6.20,6.01,68,32.4,0
2026-09-09T06:54:47.501756,6.20,6.00,68,32.4,0
2026-09-09T06:55:00.023456,6.20,6.06,68,32.4,0
2026-09-09T06:55:15.997958,6.20,6.16,68,32.4,0
2026-09-09T06:55:28.422189,6.20,6.36,68,32.4,0
2026-09-09T06:55:41.543304,6.20,6.46,68,32.4,0
2026-09-09T06:55:55.497058,6.20,6.49,68,32.4,0
2026-09-09T06:56:07.600652,6.20,6.53,68,32.4,0
2026-09-09T06:56:22.357999,6.20,6.47,68,32.4,0
2026-09-09T06:56:52.941465,6.37,6.39,69,33.3,0
2026-09-09T06:57:05.366441,6.37,6.45,69,33.3,0
2026-09-09T06:57:18.860504,6.37,6.33,69,33.3,0
2026-09-09T06:57:33.464765,6.37,6.34,69,33.3,0
2026-09-09T06:57:45.792263,6.37,6.41,69,33.3,0
2026-09-09T06:57:59.318898,6.37,6.53,69,33.3,0
2026-09-09T06:58:11.502160,6.37,6.51,69,33.3,0
2026-09-09T06:58:23.807651,6.37,6.52,69,33.3,0
2026-09-09T06:58:40.083065,6.37,6.53,69,33.3,0
2026-09-09T06:58:52.460737,6.37,6.67,69,33.3,0
2026-09-09T06:59:04.544125,6.37,6.63,69,33.3,0
2026-09-09T06:59:18.469594,6.37,6.49,69,33.3,0
2026-09-09T06:59:30.764268,6.37,6.46,69,33.3,0
2026-09-09T06:59:45.216624,6.37,6.42,69,33.3,0
2026-09-09T06:59:59.239632,6.37,6.42,69,33.3,0
2026-09-09T07:00:11.426295,6.37,6.41,69,33.3,0
2026-09-09T07:00:23.611663,6.37,6.42,69,33.3,0
2026-09-09T07:00:37.041937,6.37,6.47,69,33.3,0
2026-09-09T07:00:52.860049,6.37,6.42,69,33.3,0
2026-09-09T07:01:04.964649,6.37,6.30,69,33.3,0
2026-09-09T07:01:18.276300,6.37,6.33,69,33.3,0
2026-09-09T07:01:30.605710,6.37,6.30,69,33.3,0
2026-09-09T07:01:42.978783,6.37,6.32,69,33.3,0
2026-09-09T07:01:58.661980,6.37,6.39,69,33.3,0
2026-09-09T07:02:10.820571,6.37,6.27,69,33.3,0
2026-09-09T07:02:23.055283,6.37,6.25,69,33.3,0
2026-09-09T07:02:36.470081,6.37,6.26,69,33.3,0
2026-09-09T07:02:48.699248,6.37,6.28,69,33.3,0
2026-09-09T07:03:02.978330,6.37,6.35,69,33.3,0
2026-09-09T07:03:16.365700,6.37,5.99,69,33.3,0
2026-09-09T07:03:28.580741,6.37,6.01,69,33.3,0
2026-09-09T07:03:40.948217,6.37,6.17,69,33.3,0
2026-09-09T07:03:55.158101,6.37,6.27,69,33.3,0
2026-09-09T07:04:09.406284,6.37,6.25,69,33.3,0
2026-09-09T07:04:21.710076,6.37,6.28,69,33.3,0
2026-09-09T07:04:35.715351,6.37,6.27,69,33.3,0
2026-09-09T07:04:54.489803,6.20,6.08,70,32.9,0
2026-09-09T07:05:07.710884,6.20,6.07,70,32.9,0
2026-09-09T07:05:22.220730,6.20,6.10,70,32.9,0
2026-09-09T07:05:34.555805,6.20,6.17,70,32.9,0
2026-09-09T07:05:47.949945,6.20,6.18,70,32.9,0
2026-09-09T07:06:00.339735,6.20,6.19,70,32.9,0
2026-09-09T07:06:12.931054,6.20,6.11,70,32.9,0
2026-09-09T07:06:29.161974,6.20,6.13,70,32.9,0
2026-09-09T07:06:41.614230,6.20,6.09,70,32.9,0
2026-09-09T07:06:59.591733,6.20,6.12,70,32.9,0
2026-09-09T07:07:11.997652,6.20,6.12,70,32.9,0
2026-09-09T07:07:24.420978,6.20,6.14,70,32.9,0
2026-09-09T07:07:40.872229,6.20,6.16,70,32.9,0
2026-09-09T07:07:53.363898,6.20,6.20,70,32.9,0
2026-09-09T07:08:05.846718,6.20,6.12,70,32.9,0
2026-09-09T07:08:20.196867,6.20,6.14,70,32.9,0
2026-09-09T07:08:32.686669,6.20,6.11,70,32.9,0
2026-09-09T07:08:47.658684,6.20,6.06,70,32.9,0
2026-09-09T07:09:01.466533,6.20,6.10,70,32.9,0
2026-09-09T07:09:13.967158,6.20,6.09,70,32.9,0
2026-09-09T07:09:26.223100,6.20,6.11,70,32.9,0
2026-09-09T07:09:39.835514,6.20,6.13,70,32.9,0
2026-09-09T07:09:54.619445,6.20,6.06,70,32.9,0
2026-09-09T07:10:07.116581,6.20,5.99,70,32.9,0
2026-09-09T07:10:41.667628,6.29,6.10,71,33.8,0
2026-09-09T07:10:56.673664,6.29,6.18,71,33.8,0
2026-09-09T07:11:10.806643,6.29,6.17,71,33.8,0
2026-09-09T07:11:23.171385,6.29,6.11,71,33.8,0
2026-09-09T07:11:35.683829,6.29,6.13,71,33.8,0
2026-09-09T07:11:49.503830,6.29,6.18,71,33.8,0
2026-09-09T07:12:04.436911,6.29,6.18,71,33.8,0
2026-09-09T07:12:16.848611,6.29,6.14,71,33.8,0
2026-09-09T07:12:31.680653,6.29,6.20,71,33.8,0
2026-09-09T07:12:44.167896,6.29,6.22,71,33.8,0
2026-09-09T07:12:56.562788,6.29,6.23,71,33.8,0
2026-09-09T07:13:13.877638,6.29,6.26,71,33.8,0
2026-09-09T07:13:26.185339,6.29,6.46,71,33.8,0
2026-09-09T07:13:46.383783,6.18,6.37,72,33.3,0
2026-09-09T07:13:58.799180,6.18,6.43,72,33.3,0
2026-09-09T07:14:13.928797,6.18,6.55,72,33.3,0
2026-09-09T07:14:28.675646,6.18,6.51,72,33.3,0
2026-09-09T07:14:41.155073,6.18,6.48,72,33.3,0
2026-09-09T07:14:53.605285,6.18,6.51,72,33.3,0
2026-09-09T07:15:07.555053,6.18,6.52,72,33.3,0
2026-09-09T07:15:26.706335,6.18,6.70,72,33.3,0
2026-09-09T07:15:44.160775,6.18,6.55,72,33.3,0
2026-09-09T07:15:56.685137,6.18,6.71,72,33.3,0
2026-09-09T07:16:10.685946,6.18,6.69,72,33.3,0
2026-09-09T07:16:25.651980,6.18,6.60,72,33.3,0
2026-09-09T07:16:38.027214,6.18,6.64,72,33.3,0
2026-09-09T07:16:51.952439,6.18,6.65,72,33.3,0
2026-09-09T07:17:04.372382,6.18,6.61,72,33.3,0
2026-09-09T07:17:17.341034,6.18,6.70,72,33.3,0
2026-09-09T07:17:33.814397,6.18,6.65,72,33.3,0
2026-09-09T07:17:53.136274,5.92,6.04,73,32.9,0
2026-09-09T07:18:10.699952,5.92,6.23,73,32.9,0
2026-09-09T07:18:23.065432,5.92,6.24,73,32.9,0
2026-09-09T07:18:39.261485,5.92,6.09,73,32.9,0
2026-09-09T07:18:51.655129,5.92,6.04,73,32.9,0
2026-09-09T07:19:04.359987,5.92,6.13,73,32.9,0
2026-09-09T07:19:18.176805,5.92,6.01,73,32.9,0
2026-09-09T07:19:30.573498,5.92,6.01,73,32.9,0
2026-09-09T07:19:45.554903,5.92,5.89,73,32.9,0
2026-09-09T07:20:00.184755,5.92,5.90,73,32.9,0
2026-09-09T07:20:12.559159,5.92,5.90,73,32.9,0
2026-09-09T07:20:24.950308,5.92,5.95,73,32.9,0
2026-09-09T07:20:39.474953,5.92,5.91,73,32.9,0
2026-09-09T07:20:54.328921,5.92,6.07,73,32.9,0
2026-09-09T07:21:06.922563,5.92,6.02,73,32.9,0
2026-09-09T07:21:21.472510,5.92,6.03,73,32.9,0
2026-09-09T07:21:33.864363,5.92,5.98,73,32.9,0
2026-09-09T07:21:46.265249,5.92,6.00,73,32.9,0
2026-09-09T07:22:03.858294,5.92,6.01,73,32.9,0
2026-09-09T07:22:16.165377,5.92,6.05,73,32.9,0
2026-09-09T07:22:28.566428,5.92,6.02,73,32.9,0
2026-09-09T07:22:43.053388,5.92,6.00,73,32.9,0
2026-09-09T07:22:55.492981,5.92,5.92,73,32.9,0
2026-09-09T07:23:12.906189,5.92,5.90,73,32.9,0
2026-09-09T07:23:25.327162,5.92,5.85,73,32.9,0
2026-09-09T07:23:37.780267,5.92,5.79,73,32.9,0
2026-09-09T07:23:52.409806,5.92,5.84,73,32.9,0
2026-09-09T07:24:04.811152,5.92,5.91,73,32.9,0
2026-09-09T07:24:23.327650,5.92,6.02,73,32.9,0
2026-09-09T07:24:35.635604,5.92,6.06,73,32.9,0
2026-09-09T07:25:00.201432,5.92,6.01,73,32.9,0
2026-09-09T07:25:12.731374,5.92,5.99,73,32.9,0
2026-09-09T07:25:31.538491,5.92,5.92,73,32.9,0
2026-09-09T07:25:43.955988,5.92,5.87,73,32.9,0
2026-09-09T07:25:56.493951,5.92,5.85,73,32.9,0
2026-09-09T07:26:10.451052,5.92,5.92,73,32.9,0
2026-09-09T07:26:22.946310,5.92,5.93,73,32.9,0
2026-09-09T07:26:41.993316,5.92,5.91,73,32.9,0
2026-09-09T07:26:54.357966,5.92,5.83,73,32.9,0
2026-09-09T07:27:06.997511,5.92,5.87,73,32.9,0
2026-09-09T07:27:21.318675,5.92,5.80,73,32.9,0
2026-09-09T07:27:43.719950,6.16,5.65,74,33.8,0
2026-09-09T07:28:06.502405,6.42,6.15,75,34.7,0
2026-09-09T07:28:18.889789,6.42,6.18,75,34.7,0
2026-09-09T07:28:31.297374,6.42,6.19,75,34.7,0
2026-09-09T07:28:45.955704,6.42,6.14,75,34.7,0
2026-09-09T07:29:01.546330,6.42,6.14,75,34.7,0
2026-09-09T07:29:15.249635,6.42,6.13,75,34.7,0
2026-09-09T07:29:27.891130,6.42,6.12,75,34.7,0
2026-09-09T07:29:40.522195,6.42,6.11,75,34.7,0
2026-09-09T07:29:56.389166,6.42,6.09,75,34.7,0
2026-09-09T07:30:19.811208,6.42,6.12,75,34.7,0
2026-09-09T07:30:34.470228,6.42,6.13,75,34.7,0
2026-09-09T07:30:47.190965,6.42,6.07,75,34.7,0
2026-09-09T07:30:59.687451,6.42,6.03,75,34.7,0
2026-09-09T07:31:15.845378,6.42,6.07,75,34.7,0
2026-09-09T07:31:35.677181,6.42,6.06,75,34.7,0
2026-09-09T07:31:50.228106,6.42,6.05,75,34.7,0
2026-09-09T07:32:02.821374,6.42,6.05,75,34.7,0
2026-09-09T07:32:23.556388,6.14,6.07,76,34.2,0
2026-09-09T07:32:45.500779,6.03,6.09,77,33.8,0
2026-09-09T07:32:59.413407,6.03,6.05,77,33.8,0
2026-09-09T07:33:12.929158,6.03,6.05,77,33.8,0
2026-09-09T07:33:26.258825,6.03,5.98,77,33.8,0
2026-09-09T07:33:44.312806,6.03,6.02,77,33.8,0
2026-09-09T07:33:56.915403,6.03,6.01,77,33.8,0
2026-09-09T07:34:09.377503,6.03,6.04,77,33.8,0
2026-09-09T07:34:23.255365,6.03,6.03,77,33.8,0
2026-09-09T07:34:36.173609,6.03,5.99,77,33.8,0
2026-09-09T07:34:53.111804,6.03,6.01,77,33.8,0
2026-09-09T07:35:05.623702,6.03,5.95,77,33.8,0
2026-09-09T07:35:18.073106,6.03,5.92,77,33.8,0
2026-09-09T07:35:32.087404,6.03,5.91,77,33.8,0
2026-09-09T07:35:44.687636,6.03,5.86,77,33.8,0
2026-09-09T07:36:00.141777,6.03,5.87,77,33.8,0
2026-09-09T07:36:14.874687,6.03,5.94,77,33.8,0
2026-09-09T07:36:27.282120,6.03,5.95,77,33.8,0
2026-09-09T07:36:39.688711,6.03,5.92,77,33.8,0
2026-09-09T07:36:56.253077,6.03,5.95,77,33.8,0
2026-09-09T07:37:31.932379,5.87,5.89,78,33.3,49
2026-09-09T07:37:44.614729,5.87,5.89,78,33.3,48
2026-09-09T07:37:56.816603,5.87,5.89,78,33.3,47
2026-09-09T07:38:09.003568,5.87,5.89,78,33.3,46
2026-09-09T07:38:21.289472,5.87,5.88,78,33.3,45
2026-09-09T07:38:36.144846,5.87,5.85,78,33.3,44
2026-09-09T07:38:48.325913,5.87,5.84,78,33.3,43
2026-09-09T07:39:00.404037,5.87,5.84,78,33.3,42
2026-09-09T07:39:12.993371,5.87,5.85,78,33.3,41
2026-09-09T07:39:25.191104,5.87,5.85,78,33.3,40
2026-09-09T07:39:39.825123,5.87,5.85,78,33.3,39
2026-09-09T07:40:00.724087,5.87,5.84,78,33.3,38
2026-09-09T07:40:12.910137,5.87,5.85,78,33.3,37
2026-09-09T07:40:25.092965,5.87,5.85,78,33.3,36
2026-09-09T07:40:37.382665,5.87,5.85,78,33.3,35
2026-09-09T07:40:52.031980,5.87,5.85,78,33.3,34
2026-09-09T07:41:04.236202,5.87,5.83,78,33.3,33
2026-09-09T07:41:16.502531,5.87,5.83,78,33.3,32
2026-09-09T07:41:29.154842,5.87,5.83,78,33.3,31
2026-09-09T07:41:41.279445,5.87,5.82,78,33.3,30
2026-09-09T07:41:56.134647,5.87,5.83,78,33.3,29
2026-09-09T07:42:08.417838,5.87,5.82,78,33.3,28
2026-09-09T07:42:20.606287,5.87,5.83,78,33.3,27
2026-09-09T07:42:32.777690,5.87,5.83,78,33.3,26
2026-09-09T07:42:44.975583,5.87,5.82,78,33.3,25
2026-09-09T07:42:59.830273,5.87,5.82,78,33.3,24
2026-09-09T07:43:11.914388,5.87,5.83,78,33.3,23
2026-09-09T07:43:24.090739,5.87,5.84,78,33.3,22
2026-09-09T07:43:36.176433,5.87,5.83,78,33.3,21
2026-09-09T07:43:48.361482,5.87,5.82,78,33.3,20
2026-09-09T07:44:03.118076,5.87,5.83,78,33.3,19
2026-09-09T07:44:15.497166,5.87,5.83,78,33.3,18
2026-09-09T07:44:34.121279,5.83,5.83,79,32.9,17
2026-09-09T07:44:46.318716,5.83,5.83,79,32.9,16
2026-09-09T07:44:58.507391,5.83,5.83,79,32.9,15
2026-09-09T07:45:13.295630,5.83,5.83,79,32.9,14
2026-09-09T07:45:25.541294,5.83,5.83,79,32.9,13
2026-09-09T07:45:37.724023,5.83,5.83,79,32.9,12
2026-09-09T07:45:49.820545,5.83,5.83,79,32.9,11
2026-09-09T07:46:02.097263,5.83,5.83,79,32.9,10
2026-09-09T07:46:16.951917,5.83,5.83,79,32.9,9
2026-09-09T07:46:29.136620,5.83,5.83,79,32.9,8
2026-09-09T07:46:41.418585,5.83,5.83,79,32.9,7
2026-09-09T07:46:53.615363,5.83,5.83,79,32.9,6
2026-09-09T07:47:05.789464,5.83,5.83,79,32.9,5
2026-09-09T07:47:20.438863,5.83,5.83,79,32.9,4
2026-09-09T07:47:32.633508,5.83,5.83,79,32.9,3
2026-09-09T07:47:44.908191,5.83,5.83,79,32.9,2
2026-09-09T07:47:57.094551,5.83,5.83,79,32.9,1
2026-09-09T07:48:10.957649,5.83,5.83,79,32.9,0
2026-09-09T07:48:29.797651,5.83,5.83,79,32.9,0
2026-09-09T07:48:44.696314,5.83,5.81,79,32.9,0
2026-09-09T07:48:57.106020,5.83,5.85,79,32.9,0
2026-09-09T07:49:09.473755,5.83,5.84,79,32.9,0
2026-09-09T07:49:24.223917,5.83,5.84,79,32.9,0
2026-09-09T07:49:39.100566,5.83,5.86,79,32.9,0
2026-09-09T07:49:51.687430,5.83,5.85,79,32.9,0
2026-09-09T07:50:05.511054,5.83,5.86,79,32.9,0
2026-09-09T07:50:18.008531,5.83,5.81,79,32.9,0
2026-09-09T07:50:30.486480,5.83,5.75,79,32.9,0
2026-09-09T07:50:47.801434,5.83,5.68,79,32.9,0
2026-09-09T07:51:00.281453,5.83,5.63,79,32.9,0
2026-09-09T07:51:12.679313,5.83,5.66,79,32.9,0
2026-09-09T07:51:26.480765,5.83,5.61,79,32.9,0
2026-09-09T07:51:39.024464,5.83,5.68,79,32.9,0
2026-09-09T07:51:53.956680,5.83,5.72,79,32.9,0
2026-09-09T07:52:07.855920,5.83,5.73,79,32.9,0
2026-09-09T07:52:20.214028,5.83,5.73,79,32.9,0
2026-09-09T07:52:32.706422,5.83,5.77,79,32.9,0
2026-09-09T07:52:47.188323,5.83,5.76,79,32.9,0
2026-09-09T07:53:02.491722,5.83,5.73,79,32.9,0
2026-09-09T07:53:28.777543,5.83,5.74,79,32.9,0
2026-09-09T07:53:41.203742,5.83,5.75,79,32.9,0
2026-09-09T07:53:53.778997,5.83,5.76,79,32.9,0
2026-09-09T07:54:10.445670,5.83,5.80,79,32.9,0
2026-09-09T07:54:22.938108,5.83,5.76,79,32.9,0
2026-09-09T07:54:35.427217,5.83,5.78,79,32.9,0
2026-09-09T07:54:49.151487,5.83,5.79,79,32.9,0
2026-09-09T07:55:01.572309,5.83,5.84,79,32.9,0
2026-09-09T07:55:16.809736,5.83,5.85,79,32.9,0
2026-09-09T07:55:30.427911,5.83,5.88,79,32.9,0
2026-09-09T07:55:43.082412,5.83,5.87,79,32.9,0
2026-09-09T07:55:55.626695,5.83,5.85,79,32.9,0
2026-09-09T07:56:09.541363,5.83,5.85,79,32.9,0
2026-09-09T07:56:24.623870,5.83,5.85,79,32.9,0
2026-09-09T07:56:37.204263,5.83,5.81,79,32.9,0
2026-09-09T07:56:51.031978,5.83,5.83,79,32.9,0
2026-09-09T07:57:03.726849,5.83,5.83,79,32.9,0
2026-09-09T07:57:16.223669,5.83,5.72,79,32.9,0
2026-09-09T07:57:32.884340,5.83,5.74,79,32.9,0
2026-09-09T07:57:45.547912,5.83,5.74,79,32.9,0
2026-09-09T07:57:58.066904,5.83,5.80,79,32.9,0
2026-09-09T07:58:12.023610,5.83,5.78,79,32.9,0
2026-09-09T07:58:24.726459,5.83,5.77,79,32.9,0
2026-09-09T07:58:40.081879,5.83,5.76,79,32.9,0
2026-09-09T07:58:55.042763,5.83,5.76,79,32.9,0
2026-09-09T07:59:07.830252,5.83,5.80,79,32.9,0
2026-09-09T07:59:21.260315,5.83,5.81,79,32.9,0
2026-09-09T07:59:36.501580,5.83,5.80,79,32.9,0
2026-09-09T07:59:51.870948,5.83,5.79,79,32.9,0
2026-09-09T08:00:09.665068,5.83,5.82,79,32.9,0
2026-09-09T08:00:22.621302,5.83,5.78,79,32.9,0
2026-09-09T08:00:35.850265,5.83,5.77,79,32.9,0
2026-09-09T08:00:49.668875,5.83,5.77,79,32.9,0
2026-09-09T08:01:04.485186,5.83,5.80,79,32.9,0
2026-09-09T08:01:17.445934,5.83,5.88,79,32.9,0
2026-09-09T08:01:32.110674,5.83,5.81,79,32.9,0
2026-09-09T08:01:45.200891,5.83,5.82,79,32.9,0
2026-09-09T08:02:02.597081,5.83,5.84,79,32.9,0
2026-09-09T08:02:18.334169,5.83,5.79,79,32.9,0
2026-09-09T08:02:33.153743,5.83,5.78,79,32.9,0
2026-09-09T08:02:47.922283,5.83,5.67,79,32.9,0
2026-09-09T08:03:01.909880,5.83,5.66,79,32.9,0
2026-09-09T08:03:16.765290,5.83,5.61,79,32.9,0
2026-09-09T08:03:40.611353,5.53,5.53,80,32.5,0
2026-09-09T08:03:54.117688,5.53,5.53,80,32.5,0
2026-09-09T08:04:07.113817,5.53,5.53,80,32.5,0
2026-09-09T08:04:20.503892,5.53,5.53,80,32.5,0
2026-09-09T08:04:36.064824,5.53,5.53,80,32.5,0
2026-09-09T08:04:48.505234,5.53,5.53,80,32.5,0
2026-09-09T08:05:01.687671,5.53,5.53,80,32.5,0
2026-09-09T08:05:15.197300,5.53,5.53,80,32.5,0
2026-09-09T08:05:27.719763,5.53,5.53,80,32.5,0
2026-09-09T08:05:43.902358,5.53,5.53,80,32.5,0
2026-09-09T08:05:57.827240,5.53,5.53,80,32.5,0
2026-09-09T08:06:10.367373,5.53,5.53,80,32.5,0
2026-09-09T08:06:23.797376,5.53,5.53,80,32.5,0
2026-09-09T08:06:38.224280,5.53,5.53,80,32.5,0
2026-09-09T08:06:59.064594,5.53,5.53,80,32.5,0
2026-09-09T08:07:12.932519,5.53,5.60,80,32.5,0
2026-09-09T08:07:27.082986,5.53,5.58,80,32.5,0
2026-09-09T08:07:48.795138,5.53,5.57,80,32.5,0
2026-09-09T08:08:05.675285,5.53,5.55,80,32.5,0
2026-09-09T08:08:19.384440,5.53,5.69,80,32.5,0
2026-09-09T08:08:38.546863,5.25,5.25,81,32.1,49
2026-09-09T08:08:51.200918,5.25,5.25,81,32.1,48
2026-09-09T08:09:06.575513,5.25,5.25,81,32.1,47
2026-09-09T08:09:19.010266,5.25,5.25,81,32.1,46
2026-09-09T08:09:31.939770,5.25,5.25,81,32.1,45
2026-09-09T08:09:44.370848,5.25,5.25,81,32.1,44
2026-09-09T08:09:56.892099,5.25,5.25,81,32.1,43
2026-09-09T08:10:11.807847,5.25,5.25,81,32.1,42
2026-09-09T08:10:24.308207,5.25,5.25,81,32.1,41
2026-09-09T08:10:36.673438,5.25,5.25,81,32.1,40
2026-09-09T08:10:49.532372,5.25,5.25,81,32.1,39
2026-09-09T08:11:02.048357,5.25,5.25,81,32.1,38
2026-09-09T08:11:16.961983,5.25,5.25,81,32.1,37
2026-09-09T08:11:29.388933,5.25,5.25,81,32.1,36
2026-09-09T08:11:41.910126,5.25,5.25,81,32.1,35
2026-09-09T08:11:54.496675,5.25,5.25,81,32.1,34
2026-09-09T08:12:07.109346,5.25,5.25,81,32.1,33
2026-09-09T08:12:22.087688,5.25,5.25,81,32.1,32
2026-09-09T08:12:34.639041,5.25,5.25,81,32.1,31
2026-09-09T08:12:47.362249,5.25,5.25,81,32.1,30
2026-09-09T08:12:59.932879,5.25,5.25,81,32.1,29
2026-09-09T08:13:12.637809,5.25,5.25,81,32.1,28
2026-09-09T08:13:28.141399,5.25,5.25,81,32.1,27
2026-09-09T08:13:40.598509,5.25,5.25,81,32.1,26
2026-09-09T08:13:53.078427,5.25,5.25,81,32.1,25
2026-09-09T08:14:05.486612,5.25,5.25,81,32.1,24
2026-09-09T08:14:18.029093,5.25,5.25,81,32.1,23
2026-09-09T08:14:32.801712,5.25,5.25,81,32.1,22
2026-09-09T08:14:45.384412,5.25,5.25,81,32.1,21
2026-09-09T08:14:57.846289,5.25,5.25,81,32.1,20
2026-09-09T08:15:10.358001,5.25,5.25,81,32.1,19
2026-09-09T08:15:22.629579,5.25,5.25,81,32.1,18
2026-09-09T08:15:37.679309,5.25,5.25,81,32.1,17
2026-09-09T08:15:50.189390,5.25,5.25,81,32.1,16
2026-09-09T08:16:02.780959,5.25,5.25,81,32.1,15
2026-09-09T08:16:15.264426,5.25,5.25,81,32.1,14
2026-09-09T08:16:27.851128,5.25,5.25,81,32.1,13
2026-09-09T08:16:42.685058,5.25,5.25,81,32.1,12
2026-09-09T08:16:55.109966,5.25,5.25,81,32.1,11
2026-09-09T08:17:07.854850,5.25,5.25,81,32.1,10
2026-09-09T08:17:20.467567,5.25,5.25,81,32.1,9
2026-09-09T08:17:33.070597,5.25,5.25,81,32.1,8
2026-09-09T08:17:48.306330,5.25,5.25,81,32.1,7
2026-09-09T08:18:00.486349,5.25,5.25,81,32.1,6
2026-09-09T08:18:12.671447,5.25,5.25,81,32.1,5
2026-09-09T08:18:24.860049,5.25,5.25,81,32.1,4
2026-09-09T08:18:37.049877,5.25,5.25,81,32.1,3
2026-09-09T08:18:51.692665,5.25,5.25,81,32.1,2
2026-09-09T08:19:04.067543,5.25,5.25,81,32.1,1
2026-09-09T08:19:18.556693,5.25,5.25,81,32.1,0
2026-09-09T08:19:31.036123,5.25,5.25,81,32.1,0
2026-09-09T08:19:43.546077,5.25,5.25,81,32.1,0
2026-09-09T08:20:00.722214,5.25,5.25,81,32.1,0
2026-09-09T08:20:13.201593,5.25,5.25,81,32.1,0
2026-09-09T08:20:25.704388,5.25,5.25,81,32.1,0
2026-09-09T08:20:40.689506,5.25,5.25,81,32.1,0
2026-09-09T08:20:53.172111,5.25,5.25,81,32.1,0
2026-09-09T08:21:17.332515,5.25,5.25,81,32.1,0
2026-09-09T08:21:30.034674,5.25,5.25,81,32.1,0
2026-09-09T08:21:42.535847,5.25,5.25,81,32.1,0
2026-09-09T08:21:56.516951,5.25,5.25,81,32.1,0
2026-09-09T08:22:09.075943,5.25,5.25,81,32.1,0
2026-09-09T08:22:24.307969,5.25,5.25,81,32.1,0
2026-09-09T08:22:38.660066,5.25,5.25,81,32.1,0
2026-09-09T08:22:51.352760,5.25,5.25,81,32.1,0
2026-09-09T08:23:03.927971,5.25,5.25,81,32.1,0
2026-09-09T08:23:17.945808,5.25,5.25,81,32.1,0
2026-09-09T08:23:32.944883,5.25,5.25,81,32.1,0
2026-09-09T08:23:45.438446,5.25,5.25,81,32.1,0
2026-09-09T08:24:00.346181,5.25,5.25,81,32.1,0
2026-09-09T08:24:12.953073,5.25,5.25,81,32.1,0
2026-09-09T08:24:25.444991,5.25,5.25,81,32.1,0
2026-09-09T08:24:42.660630,5.25,5.25,81,32.1,0
2026-09-09T08:24:55.244953,5.25,5.25,81,32.1,0
2026-09-09T08:25:07.750558,5.25,5.25,81,32.1,0
2026-09-09T08:25:21.517978,5.25,5.25,81,32.1,0
2026-09-09T08:25:34.076810,5.25,5.25,81,32.1,0
2026-09-09T08:25:49.028772,5.25,5.25,81,32.1,0
2026-09-09T08:26:02.813148,5.25,5.25,81,32.1,0
2026-09-09T08:26:15.338874,5.25,5.25,81,32.1,0
2026-09-09T08:26:28.052879,5.25,5.25,81,32.1,0
2026-09-09T08:26:41.775513,5.25,5.25,81,32.1,0
2026-09-09T08:26:56.913937,5.25,5.25,81,32.1,0
2026-09-09T08:27:09.379582,5.25,5.25,81,32.1,0
2026-09-09T08:27:23.737172,5.25,5.25,81,32.1,0
2026-09-09T08:27:36.212791,5.25,5.25,81,32.1,0
2026-09-09T08:27:48.699303,5.25,5.25,81,32.1,0
2026-09-09T08:28:06.125454,5.25,5.25,81,32.1,0
2026-09-09T08:28:18.638736,5.25,5.25,81,32.1,0
2026-09-09T08:28:31.234802,5.25,5.25,81,32.1,0
2026-09-09T08:28:45.521164,5.25,5.25,81,32.1,0
2026-09-09T08:28:57.949064,5.25,5.25,81,32.1,0
2026-09-09T08:29:13.128541,5.25,5.25,81,32.1,0
2026-09-09T08:29:27.050207,5.25,5.25,81,32.1,0
2026-09-09T08:29:39.523601,5.25,5.25,81,32.1,0
2026-09-09T08:29:52.043356,5.25,5.25,81,32.1,0
2026-09-09T08:30:06.760458,5.25,5.25,81,32.1,0
2026-09-09T08:30:21.939983,5.25,5.25,81,32.1,0
2026-09-09T08:30:36.742360,5.25,5.25,81,32.1,0
2026-09-09T08:30:49.257124,5.25,5.25,81,32.1,0
2026-09-09T08:31:01.901685,5.25,5.25,81,32.1,0
2026-09-09T08:31:15.889699,5.25,5.25,81,32.1,0
2026-09-09T08:31:30.952754,5.25,5.25,81,32.1,0
2026-09-09T08:31:43.346486,5.25,5.25,81,32.1,0
2026-09-09T08:31:57.436641,5.25,5.25,81,32.1,0
2026-09-09T08:32:10.179408,5.25,5.25,81,32.1,0
2026-09-09T08:32:22.705077,5.25,5.25,81,32.1,0
2026-09-09T08:32:39.157562,5.25,5.25,81,32.1,0
2026-09-09T08:32:51.760300,5.25,5.25,81,32.1,0
2026-09-09T08:33:04.755909,5.25,5.25,81,32.1,0
2026-09-09T08:33:18.898111,5.25,5.25,81,32.1,0
2026-09-09T08:33:31.497689,5.25,5.25,81,32.1,0
2026-09-09T08:33:46.756150,5.25,5.25,81,32.1,0
2026-09-09T08:34:01.157716,5.25,5.25,81,32.1,0
2026-09-09T08:34:13.920353,5.25,5.25,81,32.1,0
2026-09-09T08:34:26.697053,5.25,5.25,81,32.1,0
2026-09-09T08:34:40.755087,5.25,5.25,81,32.1,0
2026-09-09T08:35:05.086455,5.25,5.25,81,32.1,0
2026-09-09T08:35:19.114888,5.25,5.25,81,32.1,0
2026-09-09T08:35:35.574105,5.25,5.25,81,32.1,0
2026-09-09T08:35:49.346494,5.25,5.16,81,32.1,0
2026-09-09T08:36:01.895248,5.25,5.16,81,32.1,0
2026-09-09T08:36:17.599553,5.25,5.17,81,32.1,0
2026-09-09T08:36:32.546595,5.25,5.08,81,32.1,0
2026-09-09T08:36:45.464357,5.25,5.11,81,32.1,0
2026-09-09T08:36:58.158002,5.25,5.10,81,32.1,0
2026-09-09T08:37:12.013732,5.25,5.08,81,32.1,0
2026-09-09T08:37:27.770835,5.25,5.17,81,32.1,0
2026-09-09T08:37:42.228975,5.25,5.14,81,32.1,0
2026-09-09T08:37:55.319402,5.25,5.06,81,32.1,0
2026-09-09T08:38:09.213532,5.25,5.06,81,32.1,0
2026-09-09T08:38:33.425696,5.25,5.13,81,32.1,0
2026-09-09T08:38:46.286643,5.25,5.14,81,32.1,0
2026-09-09T08:38:59.207524,5.25,5.11,81,32.1,0
2026-09-09T08:39:13.650450,5.25,5.18,81,32.1,0
2026-09-09T08:39:27.617149,5.25,5.17,81,32.1,0
2026-09-09T08:39:45.691942,5.25,5.16,81,32.1,0
2026-09-09T08:39:58.671532,5.25,5.20,81,32.1,0
2026-09-09T08:40:11.438668,5.25,5.16,81,32.1,0
2026-09-09T08:40:25.970717,5.25,5.02,81,32.1,0
2026-09-09T08:40:47.350252,5.25,5.05,81,32.1,0
2026-09-09T08:41:02.496070,5.25,5.10,81,32.1,0
2026-09-09T08:41:15.593316,5.25,5.13,81,32.1,0
2026-09-09T08:41:28.642620,5.25,5.11,81,32.1,0
2026-09-09T08:41:43.050460,5.25,5.11,81,32.1,0
2026-09-09T08:41:59.017104,5.25,5.12,81,32.1,0
2026-09-09T08:42:13.364165,5.25,5.14,81,32.1,0
2026-09-09T08:42:26.589982,5.25,5.16,81,32.1,0
2026-09-09T08:42:39.775592,5.25,5.14,81,32.1,0
2026-09-09T08:42:54.332385,5.25,5.12,81,32.1,0
2026-09-09T08:43:09.791800,5.25,5.16,81,32.1,0
2026-09-09T08:43:24.717085,5.25,5.24,81,32.1,0
2026-09-09T08:43:37.702728,5.25,5.26,81,32.1,0
2026-09-09T08:43:50.702234,5.25,5.26,81,32.1,0
2026-09-09T08:44:05.678774,5.25,5.25,81,32.1,0
2026-09-09T08:44:22.370709,5.25,5.28,81,32.1,0
2026-09-09T08:44:36.788306,5.25,5.24,81,32.1,0
2026-09-09T08:44:50.085077,5.25,5.30,81,32.1,0
2026-09-09T08:45:03.906875,5.25,5.27,81,32.1,0
2026-09-09T08:45:23.236997,5.25,5.20,81,32.1,0
2026-09-09T08:45:39.023247,5.25,5.19,81,32.1,0
2026-09-09T08:45:53.409985,5.25,5.20,81,32.1,0
2026-09-09T08:46:06.096388,5.25,5.22,81,32.1,0
2026-09-09T08:46:19.128446,5.25,5.40,81,32.1,0
2026-09-09T08:46:44.058304,4.99,4.99,82,31.7,0
2026-09-09T08:46:59.417041,4.99,4.98,82,31.7,0
2026-09-09T08:47:14.837389,4.99,4.96,82,31.7,0
2026-09-09T08:47:27.945910,4.99,4.99,82,31.7,0
2026-09-09T08:47:41.694615,4.99,5.00,82,31.7,0
2026-09-09T08:47:57.050316,4.99,4.95,82,31.7,0
2026-09-09T08:48:12.731367,4.99,4.94,82,31.7,0
2026-09-09T08:48:27.951382,4.99,4.98,82,31.7,0
2026-09-09T08:48:41.201935,4.99,5.01,82,31.7,0
2026-09-09T08:48:54.535899,4.99,5.02,82,31.7,0
2026-09-09T08:49:09.951097,4.99,5.00,82,31.7,0
2026-09-09T08:49:25.792467,4.99,4.96,82,31.7,0
2026-09-09T08:49:40.509898,4.99,4.94,82,31.7,0
2026-09-09T08:50:04.903796,4.99,4.93,82,31.7,0
2026-09-09T08:50:19.283349,4.99,4.93,82,31.7,0
2026-09-09T08:50:34.762582,4.99,4.87,82,31.7,0
2026-09-09T08:50:59.863757,4.85,4.85,83,31.3,0
2026-09-09T08:51:13.045926,4.85,4.87,83,31.3,0
2026-09-09T08:51:27.108202,4.85,4.87,83,31.3,0
2026-09-09T08:51:42.398469,4.85,4.87,83,31.3,0
2026-09-09T08:51:57.913277,4.85,4.86,83,31.3,0
2026-09-09T08:52:11.411848,4.85,4.82,83,31.3,0
2026-09-09T08:52:24.559425,4.85,4.76,83,31.3,0
2026-09-09T08:52:38.988976,4.85,4.75,83,31.3,0
2026-09-09T08:52:54.509594,4.85,4.76,83,31.3,0
2026-09-09T08:53:10.010688,4.85,4.78,83,31.3,0
2026-09-09T08:53:23.442682,4.85,4.82,83,31.3,0
2026-09-09T08:53:36.990159,4.85,4.85,83,31.3,0
2026-09-09T08:53:52.343591,4.85,4.82,83,31.3,0
2026-09-09T08:54:08.017753,4.85,4.81,83,31.3,0
2026-09-09T08:54:23.292981,4.85,4.85,83,31.3,0
2026-09-09T08:54:36.589424,4.85,4.82,83,31.3,0
2026-09-09T08:54:49.721283,4.85,4.82,83,31.3,0
2026-09-09T08:55:04.394641,4.85,4.82,83,31.3,0
2026-09-09T08:55:21.462773,4.85,4.79,83,31.3,0
2026-09-09T08:55:36.997765,4.85,4.82,83,31.3,0
2026-09-09T08:55:50.809733,4.85,4.87,83,31.3,0
2026-09-09T08:56:05.827119,4.85,4.86,83,31.3,0
2026-09-09T08:56:19.107896,4.85,4.89,83,31.3,0
2026-09-09T08:56:36.261557,4.85,4.87,83,31.3,0
2026-09-09T08:56:49.436079,4.85,4.90,83,31.3,0
2026-09-09T08:57:02.965519,4.85,4.89,83,31.3,0
2026-09-09T08:57:18.165132,4.85,4.86,83,31.3,0
2026-09-09T08:57:31.388801,4.85,4.86,83,31.3,0
2026-09-09T08:57:48.907600,4.85,4.87,83,31.3,0
2026-09-09T08:58:02.255562,4.85,4.90,83,31.3,0
2026-09-09T08:58:15.455814,4.85,5.00,83,31.3,0
2026-09-09T08:58:30.190794,4.85,4.95,83,31.3,0
2026-09-09T08:58:43.471483,4.85,4.97,83,31.3,0
2026-09-09T08:59:00.768602,4.85,4.98,83,31.3,0
2026-09-09T08:59:13.666866,4.85,4.96,83,31.3,0
2026-09-09T08:59:26.482247,4.85,4.94,83,31.3,0
2026-09-09T08:59:40.481171,4.85,4.94,83,31.3,0
2026-09-09T08:59:52.871155,4.85,4.94,83,31.3,0
2026-09-09T09:00:07.859940,4.85,4.97,83,31.3,0
2026-09-09T09:00:22.084399,4.85,4.96,83,31.3,0
2026-09-09T09:00:34.464637,4.85,4.94,83,31.3,0
2026-09-09T09:00:46.833703,4.85,4.96,83,31.3,0
2026-09-09T09:01:01.564139,4.85,4.96,83,31.3,0
2026-09-09T09:01:16.588205,4.85,4.96,83,31.3,0
2026-09-09T09:01:29.010400,4.85,4.99,83,31.3,0
2026-09-09T09:01:42.943310,4.85,4.93,83,31.3,0
2026-09-09T09:01:55.344160,4.85,4.95,83,31.3,0
2026-09-09T09:02:20.319486,4.87,4.91,84,32.1,0
2026-09-09T09:02:35.483382,4.87,4.92,84,32.1,0
2026-09-09T09:02:49.373745,4.87,4.92,84,32.1,0
2026-09-09T09:03:01.940613,4.87,4.93,84,32.1,0
2026-09-09T09:03:14.497205,4.87,4.93,84,32.1,0
2026-09-09T09:03:28.211995,4.87,4.98,84,32.1,0
2026-09-09T09:03:43.360118,4.87,4.99,84,32.1,0
2026-09-09T09:03:55.886442,4.87,4.97,84,32.1,0
2026-09-09T09:04:09.805436,4.87,4.98,84,32.1,0
2026-09-09T09:04:22.412568,4.87,4.99,84,32.1,0
2026-09-09T09:04:48.696667,4.87,4.99,84,32.1,0
2026-09-09T09:05:01.301783,4.87,4.98,84,32.1,0
2026-09-09T09:05:13.809289,4.87,5.04,84,32.1,0
2026-09-09T09:05:28.117230,4.87,5.06,84,32.1,0
2026-09-09T09:05:40.768469,4.87,5.08,84,32.1,0
2026-09-09T09:05:58.840680,4.87,5.06,84,32.1,0
2026-09-09T09:06:11.251590,4.87,5.10,84,32.1,0
2026-09-09T09:06:23.764322,4.87,5.08,84,32.1,0
2026-09-09T09:06:38.473572,4.87,5.06,84,32.1,0
2026-09-09T09:06:51.642095,4.87,4.98,84,32.1,0
2026-09-09T09:07:08.788198,4.87,5.04,84,32.1,0
2026-09-09T09:07:21.302461,4.87,5.05,84,32.1,0
2026-09-09T09:07:33.881867,4.87,5.08,84,32.1,0
2026-09-09T09:07:57.995750,4.95,5.07,85,32.9,0
2026-09-09T09:08:13.532373,4.95,5.08,85,32.9,0
2026-09-09T09:08:27.781200,4.95,4.98,85,32.9,0
2026-09-09T09:08:40.133650,4.95,4.97,85,32.9,0
2026-09-09T09:08:52.634817,4.95,4.99,85,32.9,0
2026-09-09T09:09:06.333836,4.95,5.00,85,32.9,0
2026-09-09T09:09:21.851716,4.95,5.05,85,32.9,0
2026-09-09T09:09:34.299725,4.95,5.01,85,32.9,0
2026-09-09T09:09:48.944477,4.95,5.01,85,32.9,0
2026-09-09T09:10:01.713627,4.95,5.04,85,32.9,0
2026-09-09T09:10:15.177811,4.95,5.06,85,32.9,0
2026-09-09T09:10:35.446119,4.95,5.07,85,32.9,0
2026-09-09T09:10:47.836519,4.95,5.11,85,32.9,0
2026-09-09T09:11:00.338884,4.95,5.12,85,32.9,0
2026-09-09T09:11:14.756999,4.95,5.08,85,32.9,0
2026-09-09T09:11:57.145312,4.95,5.07,85,32.9,0
2026-09-09T09:12:09.628645,4.95,5.09,85,32.9,0
2026-09-09T09:12:22.160820,4.95,5.10,85,32.9,0
2026-09-09T09:12:36.901239,4.95,5.14,85,32.9,0
2026-09-09T09:12:49.388889,4.95,5.13,85,32.9,0
2026-09-09T09:13:04.358764,4.95,5.13,85,32.9,0
2026-09-09T09:13:18.875511,4.95,5.13,85,32.9,0
2026-09-09T09:13:31.592115,4.95,5.16,85,32.9,0
2026-09-09T09:13:44.092664,4.95,5.19,85,32.9,0
2026-09-09T09:13:57.799696,4.95,5.24,85,32.9,0
2026-09-09T09:14:12.852962,4.95,5.25,85,32.9,0
2026-09-09T09:14:25.231388,4.95,5.29,85,32.9,0
2026-09-09T09:14:43.445261,4.95,5.28,85,32.9,0
2026-09-09T09:14:56.027588,4.95,5.26,85,32.9,0
2026-09-09T09:15:08.460533,4.95,5.25,85,32.9,0
2026-09-09T09:15:25.851991,4.95,5.27,85,32.9,0
2026-09-09T09:15:38.262065,4.95,5.27,85,32.9,0
2026-09-09T09:15:50.747669,4.95,5.28,85,32.9,0
2026-09-09T09:16:04.760910,4.95,5.26,85,32.9,0
2026-09-09T09:16:17.402629,4.95,5.29,85,32.9,0
2026-09-09T09:16:45.211718,5.31,5.33,86,33.7,0
2026-09-09T09:16:57.627996,5.31,5.14,86,33.7,0
2026-09-09T09:17:12.454465,5.31,5.18,86,33.7,0
2026-09-09T09:17:24.914871,5.31,5.15,86,33.7,0
2026-09-09T09:17:41.333783,5.31,5.15,86,33.7,0
2026-09-09T09:17:53.843796,5.31,5.20,86,33.7,0
2026-09-09T09:18:06.227979,5.31,5.23,86,33.7,0
2026-09-09T09:18:20.350053,5.31,5.25,86,33.7,0
2026-09-09T09:18:32.870760,5.31,5.33,86,33.7,0
2026-09-09T09:18:48.220931,5.31,5.32,86,33.7,0
2026-09-09T09:19:02.551567,5.31,5.31,86,33.7,0
2026-09-09T09:19:15.143038,5.31,5.35,86,33.7,0
2026-09-09T09:19:39.587151,5.31,5.34,86,33.7,0
2026-09-09T09:19:54.945044,5.31,5.31,86,33.7,0
2026-09-09T09:20:08.988835,5.31,5.34,86,33.7,0
2026-09-09T09:20:21.410518,5.31,5.31,86,33.7,0
2026-09-09T09:20:33.770895,5.31,5.35,86,33.7,0
2026-09-09T09:20:48.605696,5.31,5.28,86,33.7,0
2026-09-09T09:21:03.522577,5.31,5.38,86,33.7,0
2026-09-09T09:21:15.987971,5.31,5.37,86,33.7,0
2026-09-09T09:21:29.893977,5.31,5.38,86,33.7,0
2026-09-09T09:21:42.308462,5.31,5.37,86,33.7,0
2026-09-09T09:21:54.808084,5.31,5.31,86,33.7,0
2026-09-09T09:22:11.052929,5.31,5.30,86,33.7,0
2026-09-09T09:22:23.453557,5.31,5.28,86,33.7,0
2026-09-09T09:22:35.932286,5.31,5.27,86,33.7,0
2026-09-09T09:22:49.656126,5.31,5.30,86,33.7,0
2026-09-09T09:23:02.072567,5.31,5.30,86,33.7,0
2026-09-09T09:23:16.920441,5.31,5.30,86,33.7,0
2026-09-09T09:23:30.642124,5.31,5.27,86,33.7,0
2026-09-09T09:23:43.033772,5.31,5.25,86,33.7,0
2026-09-09T09:23:55.432684,5.31,5.23,86,33.7,0
2026-09-09T09:24:10.189144,5.31,5.25,86,33.7,0
2026-09-09T09:24:25.773704,5.31,5.26,86,33.7,0
2026-09-09T09:24:51.872971,5.23,5.25,87,33.3,0
2026-09-09T09:25:04.344390,5.23,5.26,87,33.3,0
2026-09-09T09:25:19.010927,5.23,5.23,87,33.3,0
2026-09-09T09:25:35.078391,5.23,5.27,87,33.3,0
2026-09-09T09:25:50.184066,5.23,5.30,87,33.3,0
2026-09-09T09:26:03.141811,5.23,5.25,87,33.3,0
2026-09-09T09:26:16.086250,5.23,5.28,87,33.3,0
2026-09-09T09:26:31.403573,5.23,5.30,87,33.3,0
2026-09-09T09:26:48.286153,5.23,5.33,87,33.3,0
2026-09-09T09:27:03.560469,5.23,5.35,87,33.3,0
2026-09-09T09:27:17.015453,5.23,5.34,87,33.3,0
2026-09-09T09:27:29.926092,5.23,5.20,87,33.3,0
2026-09-09T09:27:44.563459,5.23,5.18,87,33.3,0
2026-09-09T09:28:00.354729,5.23,5.18,87,33.3,0
2026-09-09T09:28:15.544246,5.23,5.17,87,33.3,0
2026-09-09T09:28:28.929677,5.23,5.23,87,33.3,0
2026-09-09T09:28:48.098842,5.23,5.24,87,33.3,0
2026-09-09T09:29:04.871178,5.23,5.25,87,33.3,0
2026-09-09T09:29:20.832280,5.23,5.22,87,33.3,0
2026-09-09T09:29:34.289804,5.23,5.24,87,33.3,0
2026-09-09T09:29:48.047534,5.23,5.20,87,33.3,0
2026-09-09T09:30:03.107243,5.23,5.20,87,33.3,0
2026-09-09T09:30:19.525695,5.23,5.30,87,33.3,0
2026-09-09T09:30:33.952849,5.23,5.31,87,33.3,0
2026-09-09T09:30:47.635369,5.23,5.28,87,33.3,0
2026-09-09T09:31:00.572483,5.23,5.27,87,33.3,0
2026-09-09T09:31:14.584923,5.23,5.24,87,33.3,0
2026-09-09T09:31:30.928551,5.23,5.18,87,33.3,0
2026-09-09T09:31:45.064201,5.23,5.13,87,33.3,0
2026-09-09T09:31:58.542766,5.23,5.10,87,33.3,0
2026-09-09T09:32:12.119668,5.23,5.14,87,33.3,0
2026-09-09T09:32:28.243265,5.23,5.16,87,33.3,0
2026-09-09T09:32:44.220894,5.23,5.11,87,33.3,0
2026-09-09T09:32:59.720930,5.23,5.06,87,33.3,0
2026-09-09T09:33:13.882093,5.23,5.07,87,33.3,0
2026-09-09T09:33:39.935486,5.08,5.06,88,33.0,0
2026-09-09T09:33:55.850959,5.08,4.92,88,33.0,0
2026-09-09T09:34:11.048396,5.08,4.88,88,33.0,0
2026-09-09T09:34:31.675104,5.08,4.86,88,33.0,0
2026-09-09T09:34:46.511430,5.08,4.92,88,33.0,0
2026-09-09T09:35:02.214474,5.08,4.89,88,33.0,0
2026-09-09T09:35:16.379174,5.08,4.94,88,33.0,0
2026-09-09T09:35:29.196674,5.08,4.93,88,33.0,0
2026-09-09T09:36:05.250744,5.08,4.88,88,33.0,0
2026-09-09T09:36:22.969950,5.08,4.87,88,33.0,0
2026-09-09T09:36:36.439331,5.08,4.85,88,33.0,0
2026-09-09T09:36:49.282134,5.08,4.86,88,33.0,0
2026-09-09T09:37:04.111327,5.08,4.82,88,33.0,0
2026-09-09T09:37:17.078540,5.08,4.84,88,33.0,0
2026-09-09T09:37:32.398589,5.08,4.84,88,33.0,0
2026-09-09T09:37:47.746901,5.08,4.86,88,33.0,0
2026-09-09T09:38:00.414582,5.08,4.84,88,33.0,0
2026-09-09T09:38:13.316371,5.08,4.89,88,33.0,0
2026-09-09T09:38:28.711078,5.08,4.88,88,33.0,0
2026-09-09T09:38:43.926888,5.08,4.89,88,33.0,0
2026-09-09T09:38:58.084673,5.08,4.90,88,33.0,0
2026-09-09T09:39:11.143042,5.08,4.90,88,33.0,0
2026-09-09T09:39:24.031263,5.08,4.88,88,33.0,0
2026-09-09T09:39:38.803279,5.08,4.87,88,33.0,0
2026-09-09T09:39:54.999728,5.08,4.85,88,33.0,0
2026-09-09T09:40:10.967785,5.08,4.91,88,33.0,0
2026-09-09T09:40:24.727071,5.08,4.92,88,33.0,0
2026-09-09T09:40:37.881859,5.08,4.92,88,33.0,0
2026-09-09T09:40:52.256790,5.08,4.91,88,33.0,0
2026-09-09T09:41:08.021668,5.08,4.88,88,33.0,0
2026-09-09T09:41:23.375960,5.08,4.87,88,33.0,0
2026-09-09T09:41:46.944532,5.14,4.87,89,33.7,0
2026-09-09T09:42:01.626295,5.14,4.88,89,33.7,0
2026-09-09T09:42:29.298111,5.37,5.34,90,34.4,0
2026-09-09T09:42:44.835058,5.37,5.32,90,34.4,0
2026-09-09T09:42:59.371296,5.37,5.30,90,34.4,0
2026-09-09T09:43:14.816390,5.37,5.31,90,34.4,0
2026-09-09T09:43:30.554979,5.37,5.32,90,34.4,0
2026-09-09T09:43:45.794068,5.37,5.36,90,34.4,0
2026-09-09T09:43:58.844688,5.37,5.41,90,34.4,0
2026-09-09T09:44:12.142079,5.37,5.39,90,34.4,0
2026-09-09T09:44:26.437028,5.37,5.41,90,34.4,0
2026-09-09T09:44:42.495597,5.37,5.42,90,34.4,0
2026-09-09T09:44:56.910859,5.37,5.40,90,34.4,0
2026-09-09T09:45:10.065828,5.37,5.40,90,34.4,0
2026-09-09T09:45:23.622616,5.37,5.36,90,34.4,0
2026-09-09T09:45:38.842804,5.37,5.34,90,34.4,0
2026-09-09T09:45:54.751597,5.37,5.34,90,34.4,0
2026-09-09T09:46:11.335996,5.37,5.28,90,34.4,0
2026-09-09T09:46:24.350846,5.37,5.28,90,34.4,0
2026-09-09T09:46:37.268467,5.37,5.29,90,34.4,0
2026-09-09T09:46:52.294673,5.37,5.31,90,34.4,0
2026-09-09T09:47:08.676088,5.37,5.36,90,34.4,0
2026-09-09T09:47:23.357067,5.37,5.36,90,34.4,0
2026-09-09T09:47:36.504168,5.37,5.37,90,34.4,0
2026-09-09T09:47:50.053470,5.37,5.33,90,34.4,0
2026-09-09T09:48:05.159621,5.37,5.36,90,34.4,0
2026-09-09T09:48:20.701266,5.37,5.35,90,34.4,0
2026-09-09T09:48:34.837684,5.37,5.34,90,34.4,0
2026-09-09T09:48:47.777365,5.37,5.33,90,34.4,0
2026-09-09T09:49:01.192491,5.37,5.35,90,34.4,0
2026-09-09T09:49:16.005975,5.37,5.39,90,34.4,0
2026-09-09T09:49:31.785880,5.37,5.39,90,34.4,0
2026-09-09T09:49:57.378793,5.37,5.34,90,34.4,0
2026-09-09T09:50:10.855095,5.37,5.34,90,34.4,0
2026-09-09T09:50:31.673090,5.26,5.33,91,34.1,0
2026-09-09T09:50:47.129208,5.26,5.36,91,34.1,0
2026-09-09T09:50:59.906237,5.26,5.37,91,34.1,0
2026-09-09T09:51:13.844180,5.26,5.39,91,34.1,0
2026-09-09T09:51:32.822049,5.13,5.14,92,33.7,0
2026-09-09T09:51:47.058649,5.13,5.15,92,33.7,0
2026-09-09T09:52:02.126685,5.13,5.14,92,33.7,0
                                                                                                2026-09-09T09:58:35.820805,5.13,5.13,93,33.3,49
2026-09-09T09:58:48.227278,5.13,5.13,93,33.3,48
2026-09-09T09:59:00.503773,5.13,5.13,93,33.3,47
2026-09-09T09:59:12.595664,5.13,5.13,93,33.3,46
2026-09-09T09:59:24.681191,5.13,5.13,93,33.3,45
2026-09-09T09:59:39.227873,5.13,5.13,93,33.3,44
2026-09-09T09:59:51.409864,5.13,5.13,93,33.3,43
2026-09-09T10:00:03.502764,5.13,5.13,93,33.3,42
2026-09-09T10:00:15.677639,5.13,5.13,93,33.3,41
2026-09-09T10:00:27.760307,5.13,5.13,93,33.3,40
2026-09-09T10:00:42.202380,5.13,5.13,93,33.3,39
2026-09-09T10:00:54.274537,5.13,5.13,93,33.3,38
2026-09-09T10:01:06.446659,5.13,5.13,93,33.3,37
2026-09-09T10:01:18.549654,5.13,5.13,93,33.3,36
2026-09-09T10:01:30.597625,5.13,5.13,93,33.3,35
2026-09-09T10:01:45.372073,5.13,5.13,93,33.3,34
2026-09-09T10:01:57.450889,5.13,5.13,93,33.3,33
2026-09-09T10:02:09.636202,5.13,5.13,93,33.3,32
2026-09-09T10:02:21.824562,5.13,5.13,93,33.3,31
2026-09-09T10:02:33.905954,5.13,5.13,93,33.3,30
2026-09-09T10:02:48.456417,5.13,5.13,93,33.3,29
2026-09-09T10:03:00.525285,5.13,5.13,93,33.3,28
2026-09-09T10:03:12.712785,5.13,5.13,93,33.3,27
2026-09-09T10:03:24.797735,5.13,5.13,93,33.3,26
2026-09-09T10:03:36.880907,5.13,5.13,93,33.3,25
2026-09-09T10:03:51.531937,5.13,5.13,93,33.3,24
2026-09-09T10:04:03.811050,5.13,5.13,93,33.3,23
2026-09-09T10:04:15.902466,5.13,5.13,93,33.3,22
2026-09-09T10:04:27.979701,5.13,5.13,93,33.3,21
2026-09-09T10:04:40.157252,5.13,5.13,93,33.3,20
2026-09-09T10:04:55.525958,5.13,5.13,93,33.3,19
2026-09-09T10:05:08.141367,5.13,5.13,93,33.3,18
2026-09-09T10:05:20.829400,5.13,5.13,93,33.3,17
2026-09-09T10:05:32.911008,5.13,5.13,93,33.3,16
2026-09-09T10:05:45.064087,5.13,5.13,93,33.3,15
2026-09-09T10:05:59.811023,5.13,5.13,93,33.3,14
2026-09-09T10:06:12.678373,5.13,5.13,93,33.3,13
2026-09-09T10:06:25.306440,5.13,5.13,93,33.3,12
2026-09-09T10:06:37.849117,5.13,5.13,93,33.3,11
2026-09-09T10:06:50.386103,5.13,5.13,93,33.3,10
2026-09-09T10:07:05.296875,5.13,5.13,93,33.3,9
2026-09-09T10:07:17.728272,5.13,5.13,93,33.3,8
2026-09-09T10:07:30.235218,5.13,5.13,93,33.3,7
2026-09-09T10:07:43.080632,5.13,5.13,93,33.3,6
2026-09-09T10:07:55.571749,5.13,5.13,93,33.3,5
2026-09-09T10:08:10.306775,5.13,5.13,93,33.3,4
2026-09-09T10:08:22.579182,5.13,5.13,93,33.3,3
2026-09-09T10:08:34.821077,5.13,5.13,93,33.3,2
2026-09-09T10:08:47.242105,5.13,5.13,93,33.3,1
2026-09-09T10:09:04.333621,5.13,5.13,93,33.3,0
2026-09-09T10:09:20.114149,5.13,5.13,93,33.3,0
2026-09-09T10:09:38.809983,5.13,5.13,93,33.3,0
2026-09-09T10:09:51.659580,5.13,5.09,93,33.3,0
2026-09-09T10:10:05.708710,5.13,5.05,93,33.3,0
2026-09-09T10:10:19.019566,5.13,5.10,93,33.3,0
2026-09-09T10:10:35.316198,5.13,4.95,93,33.3,0
2026-09-09T10:10:48.157427,5.13,5.05,93,33.3,0
2026-09-09T10:11:01.397532,5.13,5.05,93,33.3,0
2026-09-09T10:11:16.086752,5.13,5.08,93,33.3,0
2026-09-09T10:11:30.021074,5.13,5.07,93,33.3,0
2026-09-09T10:11:54.945673,5.13,5.05,93,33.3,0
2026-09-09T10:12:08.038458,5.13,5.04,93,33.3,0
2026-09-09T10:12:20.994482,5.13,5.01,93,33.3,0
2026-09-09T10:12:35.280439,5.13,4.99,93,33.3,0
2026-09-09T10:12:47.682977,5.13,5.05,93,33.3,0
2026-09-09T10:13:02.636126,5.13,5.05,93,33.3,0
2026-09-09T10:13:17.254982,5.13,4.72,93,33.3,0
2026-09-09T10:13:41.085191,5.56,5.56,94,34.0,0
2026-09-09T10:13:56.073233,5.56,5.64,94,34.0,0
2026-09-09T10:14:10.953263,5.56,5.64,94,34.0,0
2026-09-09T10:14:23.344511,5.56,5.68,94,34.0,0
2026-09-09T10:14:37.755280,5.56,5.67,94,34.0,0
2026-09-09T10:14:50.157261,5.56,5.68,94,34.0,0
2026-09-09T10:15:03.232002,5.56,5.72,94,34.0,0
2026-09-09T10:15:19.211127,5.56,5.74,94,34.0,0
2026-09-09T10:15:31.666194,5.56,5.77,94,34.0,0
2026-09-09T10:15:44.120335,5.56,5.76,94,34.0,0
2026-09-09T10:16:07.598862,5.34,5.34,95,33.7,0
2026-09-09T10:16:22.781482,5.34,5.33,95,33.7,0
2026-09-09T10:16:36.437438,5.34,5.34,95,33.7,0
2026-09-09T10:16:48.926404,5.34,5.34,95,33.7,0
2026-09-09T10:17:01.342677,5.34,5.33,95,33.7,0
2026-09-09T10:17:15.746977,5.34,5.39,95,33.7,0
2026-09-09T10:17:30.843790,5.34,5.35,95,33.7,0
2026-09-09T10:17:43.334718,5.34,5.37,95,33.7,0
2026-09-09T10:17:57.779980,5.34,5.36,95,33.7,0
2026-09-09T10:18:10.243965,5.34,5.42,95,33.7,0
2026-09-09T10:18:22.617452,5.34,5.45,95,33.7,0
2026-09-09T10:18:38.592581,5.34,5.43,95,33.7,0
2026-09-09T10:18:51.426610,5.34,5.34,95,33.7,0
2026-09-09T10:19:03.928790,5.34,5.43,95,33.7,0
2026-09-09T10:19:17.839818,5.34,5.44,95,33.7,0
2026-09-09T10:19:38.075633,5.19,5.19,96,33.3,0
2026-09-09T10:19:54.933062,5.19,5.19,96,33.3,0
2026-09-09T10:20:07.441796,5.19,5.19,96,33.3,0
2026-09-09T10:20:20.043201,5.19,5.19,96,33.3,0
2026-09-09T10:20:34.793457,5.19,5.19,96,33.3,0
2026-09-09T10:20:47.233756,5.19,5.19,96,33.3,0
2026-09-09T10:21:02.191161,5.19,5.19,96,33.3,0
2026-09-09T10:21:15.921723,5.19,5.19,96,33.3,0
2026-09-09T10:21:28.505522,5.19,5.19,96,33.3,0
2026-09-09T10:21:41.318823,5.19,5.19,96,33.3,0
2026-09-09T10:21:56.196640,5.19,5.19,96,33.3,0
2026-09-09T10:22:11.266463,5.19,5.19,96,33.3,0
2026-09-09T10:22:24.352879,5.19,5.19,96,33.3,0
2026-09-09T10:22:38.193578,5.19,5.19,96,33.3,0
2026-09-09T10:22:50.664632,5.19,5.19,96,33.3,0
2026-09-09T10:23:03.758745,5.19,5.19,96,33.3,0
2026-09-09T10:23:19.406936,5.19,5.19,96,33.3,0
2026-09-09T10:23:31.934018,5.19,5.19,96,33.3,0
2026-09-09T10:23:45.058191,5.19,5.19,96,33.3,0
2026-09-09T10:23:58.121394,5.19,5.19,96,33.3,0
2026-09-09T10:24:10.588136,5.19,5.19,96,33.3,0
2026-09-09T10:24:26.487231,5.19,5.19,96,33.3,0
2026-09-09T10:24:40.228129,5.19,5.19,96,33.3,0
2026-09-09T10:24:52.698659,5.19,5.19,96,33.3,0
2026-09-09T10:25:05.750066,5.19,5.19,96,33.3,0
2026-09-09T10:25:20.567900,5.19,5.19,96,33.3,0
2026-09-09T10:25:36.147979,5.19,5.19,96,33.3,0
2026-09-09T10:25:50.483405,5.19,5.19,96,33.3,0
2026-09-09T10:26:11.520199,5.19,5.19,96,33.3,0
2026-09-09T10:26:25.484034,5.19,5.19,96,33.3,0
2026-09-09T10:26:41.166101,5.19,5.19,96,33.3,0
2026-09-09T10:26:53.624828,5.19,5.19,96,33.3,0
2026-09-09T10:27:06.801983,5.19,5.19,96,33.3,0
2026-09-09T10:27:19.962543,5.19,5.19,96,33.3,0
2026-09-09T10:27:32.448267,5.19,5.19,96,33.3,0
2026-09-09T10:27:48.882753,5.19,5.19,96,33.3,0
2026-09-09T10:28:01.939679,5.19,5.19,96,33.3,0
2026-09-09T10:28:14.475020,5.19,5.19,96,33.3,0
2026-09-09T10:28:27.542053,5.19,5.19,96,33.3,0
2026-09-09T10:28:40.688330,5.19,5.19,96,33.3,0
2026-09-09T10:28:55.652843,5.19,5.19,96,33.3,0
2026-09-09T10:29:09.610036,5.19,5.19,96,33.3,0
2026-09-09T10:29:23.355599,5.19,5.19,96,33.3,0
2026-09-09T10:29:35.923332,5.19,5.19,96,33.3,0
2026-09-09T10:29:49.609794,5.19,5.19,96,33.3,0
2026-09-09T10:30:05.257638,5.19,5.19,96,33.3,0
2026-09-09T10:30:18.609002,5.19,5.19,96,33.3,0
2026-09-09T10:30:33.284250,5.19,5.19,96,33.3,0
2026-09-09T10:30:47.133369,5.19,5.19,96,33.3,0
2026-09-09T10:31:00.227595,5.19,5.19,96,33.3,0
2026-09-09T10:31:17.285126,5.19,5.19,96,33.3,0
